10001900114910089910_1704857403	8322306_01_02_forestriver_p01_d.bytes	7677	1646
10002846208445144650_2775947407	401000305_s3_02_excavation_p01_d.bytes	5966	1214
1000752552535803513_1301407292	8341303_01_03_gehennapartyhall_p01_d.bytes	6660	1410
10010613261365503650_1671056450	6063105_eliminateraid_perorozilla_indoor_light_extreme_start3phase.bytes	9579	1321
1001233772205200960_815376192	8462301_01_sb_02_cargostation_p01_d.bytes	8023	1798
10012417062314807953_3646696591	6073202_eliminateraid_hod_indoor_heavy_hard_start3phase.bytes	1568	667
1001324828320313601_2469282654	400010326_s3_02_valleyofsp_p01_d.bytes	2199	801
10014565380887981171_1325859806	8282302_01_s3_02_trinityisland_p01_d.bytes	6141	1254
10014840101098242113_3780780039	82211211_s2_03_52301_p01_d.bytes	6469	1386
10017260164882949618_2738592156	1051103_03_s3_02_excavation_p02_d.bytes	10286	2148
10023083060806325589_3713232452	8582312_01_sb_02_harbor_p01_n.bytes	7244	1447
10024142185310927947_3572914884	en0022_hard_2phase.bytes	2929	1077
10025093531757717791_554520202	8262304_01_s3_01_shanhaijingstreet_p02_d.bytes	9374	1969
10025099087225135687_2753814451	8291304_01_s3_boss_02_snowmountain_p01_d.bytes	7614	1875
10031865119468584059_717066257	sb_03_abandonedtunnel_p02_d.bytes	1536708	401999
10033885986475912438_4214606471	9320_000_01_sportscenter_p01_d_04.bytes	4109	1138
10034317764586369306_3391885477	8031101_01_s2_02_beach_p01_d.bytes	7710	1756
10035906226167322791_213213568	8363304_01_s3_trinitychurch_p02_n.bytes	2066	613
1004881713507202710_1185684937	6011104_eliminateraid_binah_street_light_hardcore.bytes	5018	1628
10049467183271912337_3696041785	206305_raid_perorozilla_indoor_extreme.bytes	9457	1304
10050555242196226510_4163491996	1131105_03_s3_01_slumpia_p02_d.bytes	6907	1308
10050652376353218168_1593583589	8081302_01_s3_02_hotsprings_p01_d.bytes	9850	1947
10053360742728850657_2056612653	en0010_eliminate_heavyarmor_hard.bytes	2166	786
1005557910363858276_713419014	8452310_01_sb_02_playground_p02_n.bytes	5266	1136
10057366450440360770_1125793058	258302_worldraid_perorozilla_indoor_hard_start3phase.bytes	9527	1306
10057407473313094990_2472173544	sb_03_subway_p01_n.bytes	1136276	322491
10057507781632577713_3904164630	6073401_eliminateraid_hod_indoor_elastic_normal_start2phase.bytes	5620	1622
10064238001120066072_2327239118	201105_raid_binah_street_extreme.bytes	5006	1617
10067078268984148150_3785598865	6102105_eliminateraid_hovercraft_outdoor_lightarmor_extreme.bytes	2880	1040
10071916071115000189_2999315520	charactertest_1.bytes	9727	1834
10072834981515563515_3609371973	1271105_02_s3_sb_02_trainroof_p01_d_nosidetrain.bytes	5732	1106
10078594164888650548_3208967266	32114_s3_boss_03_sweeperfactory_p01_d.bytes	10405	1670
10085082971767786707_2689962839	6062104_eliminateraid_perorozilla_outdoor_light_hardcore.bytes	9613	1308
10085320727833935504_42325860	6102205_eliminateraid_hovercraft_outdoor_heavyarmor_extreme.bytes	2880	1033
1009528807379359388_2135728649	6031405_eliminateraid_shirokuro_street_elasticarmor_extreme.bytes	2136	750
10106988164692891630_3707219780	6062204_eliminateraid_perorozilla_outdoor_heavy_hardcore.bytes	9613	1306
10108653828332698400_1771701646	255206_worldraid_binah_outdoor_insane_start2phase.bytes	3573	1323
10110704965584456944_2799698467	sb_01_hyakkiyakomatsuri_p02_d.bytes	1419592	376185
10110979922597253370_2192832435	1191104_04_s3_02_deserttrack_p01_d.bytes	6895	1329
10117094361245248941_1080893820	8334304_01_03_school_p03_d.bytes	5553	929
10117804192240300622_1549046027	rb_01_binah_p01_d.bytes	885496	266099
10118665075481912896_2350526155	204104_raid_hieronymus_street_hardcore_start2phase.bytes	1964	746
10125208969250772859_2036526637	1241105_02_s3_sb_02_trinityisland_p01_d.bytes	7295	1421
10126492459843226082_194748235	rb_02_en0008_p01_d_scenario02.bytes	990836	263133
10127656712896122281_2832061627	sb_02_trinityisland_p01_d_nodelayer.bytes	35496	234
10128281659863835266_1507650658	sb_01_market_p02_n_s.bytes	1298356	334245
10128920823377164736_768572690	rb_02_en0006_p01_d_scenario01_nodelayer.bytes	15040	113
10130360675516718155_2623799241	sb_03_ruinedschoolpianoroom_p02_d_nodelayer.bytes	32136	271
1013494796252776548_3735892574	8263104_04_s3_01_shanhaijingstreet_p02_n.bytes	9537	1993
10141112471442521245_3930565720	9200_000_01_stadium_p01_d_01.bytes	6486	1240
10142174469395180259_1149119418	en0010_torment.bytes	2157	790
10147400107040558003_2333892481	6033103_eliminateraid_shirokuro_indoor_light_veryhard_start2phase.bytes	903	451
10148007216185112453_3155371159	1141102_02_s3_03_ruinedschool_p01_d.bytes	9356	1757
10153199806399812287_3892275525	sb_03_insidecruiseship_p01_n.bytes	1298332	357052
10153692516597557737_3761515054	sb_01_highway_p02_n_nodelayer.bytes	23164	216
10155101778039316315_2790895829	1162103_04_s3_02_excavation_p01_n.bytes	6713	1425
10155448598598465914_459546359	8011306_01_s3_sb_01_hyakkiyakostreet_p02_n.bytes	7895	1515
10155628062832353894_592263682	1071102_04_s3_boss_03_school_p02_d.bytes	10153	2009
10158927150673891478_2387806779	6102105_eliminateraid_hovercraft_outdoor_lightarmor_extreme_start2phase.bytes	1547	641
10167294123191873814_1472354145	1212101_05_s3_boss_01_ariusstreet_p01_n.bytes	10253	2381
10169087137757396072_3892348065	1061206_01_s3_02_snowmountain_p02_d.bytes	7210	1362
10169365140333335296_1075477904	1091205_01_s3_01_park_p01_d.bytes	9257	1853
10170008411190905909_1371449456	8031105_02_s3_02_beach_p02_n.bytes	9245	1901
10171058057479864326_299331375	sb_03_expresstrain_p02_d.bytes	698316	181351
10171458944630957741_3692840933	6071301_eliminateraid_hod_street_unarmed_normal_start3phase.bytes	1566	673
10174664121040580288_1727819043	basementtest.bytes	2749	1000
10180107586232938870_2040246545	6062402_eliminateraid_perorozilla_outdoor_elasticarmor_hard_start2phase.bytes	9667	1316
10184244260932425824_64156983	6041302_eliminateraid_hieronymus_street_unarmed_hard.bytes	4266	1260
10188174572028859367_1444930351	1091401_01_s3_boss_01_park_p02_d.bytes	11010	2292
10189023222411106752_3658077646	8193102_06_s3_boss_01_market_p02_d_s.bytes	10873	2066
10191413207841373370_725121237	8082306_01_s3_boss_02_hotsprings_p01_d.bytes	7552	1593
10193371360829511621_3525037393	sb_03_engineerlab_p01_d.bytes	1178672	301375
10193712615148080530_1262758265	6033301_eliminateraid_shirokuro_indoor_unarmed_normal.bytes	2136	746
10195195882913063245_3722644914	8163303_01_s3_boss_01_backstreet_p01_d.bytes	6713	1581
10196483017236687056_80705878	1241102_01_s3_sb_02_rainforest_p02_d.bytes	6711	1246
10199110136461847404_440441627	8253104_02_s3_03_oldmansion_p01_d.bytes	9442	1971
10203936955881382014_3975303184	6031405_eliminateraid_shirokuro_street_elasticarmor_extreme_start2phase.bytes	899	449
10204404278910491075_3429563193	6082301_eliminateraid_goz_outdoor_unarmed_normal_start2phase.bytes	828	369
10204486195327061355_2975153212	8582306_01_sb_02_harbor_p01_d.bytes	6770	1389
10206133866443736383_2507883017	206201_raid_perorozilla_outdoor_normal_start3phase.bytes	9512	1302
10208646925099257802_2031956405	8443301_01_s3_01_schale_p01_scenario.bytes	2949	1089
10209662036232847823_2687948936	82243111_s2_03_52302_p01_d.bytes	8654	1841
10210395676968047293_3017448258	8022106_03_s3_01_market_p01_n_s.bytes	8710	1795
10211088754516509650_3288120687	effectcountlimittest_limit.bytes	609	335
10214358706552837057_3980835745	8502312_01_sb_01_wildhuntstreet_p02_d.bytes	6922	1425
10214854397790521286_1931909041	6073306_eliminateraid_hod_indoor_unarmed_insane_start3phase.bytes	1565	668
10214941154643150992_2020409247	1202102_05_s3_03_sportscenter_p01_n.bytes	8003	1417
10216792983757277485_4211333869	8172303_01_s3_sb_01_stadium_p01_d.bytes	8122	1496
10217119899889491092_563516464	8373301_01_s3_02_resort_p01_d.bytes	1507	487
10220524188391585736_4142274998	8422305_01_s3_03_buildinghallway_p01_d.bytes	7494	1322
10225599742075796064_3488825351	8021206_01_s3_01_market_p01_d_s.bytes	10542	2068
10227918623177045151_3275164923	8422311_01_s3_03_buildinghallway_p01_n.bytes	7047	1335
10231695073970350596_736495040	6093303_eliminateraid_en0005_indoor_unarmed_veryhard.bytes	9334	1658
10236281720504399105_132400874	204303_raid_hieronymus_indoor_veryhard.bytes	5858	1479
10237543204367967633_861071487	8312303_01_s3_01_mainstreet_p02_d.bytes	9697	1917
10238700776541394258_3086224257	1201101_02_s3_03_buildinghallway_p01_d.bytes	6800	1297
1023909332211449052_2174401396	sb_01_hyakkiyakomatsuri_p01_n_nodelayer.bytes	32336	217
10239908637736911240_1624263282	en0022_insane_2phase.bytes	2939	1082
10240062845787892838_431433398	6023302_eliminateraid_chesed_indoor_unarmed_hard_start2phase.bytes	816	377
10241647904754833465_1689672221	6063101_eliminateraid_perorozilla_indoor_light_normal_start2phase.bytes	9572	1324
10247450280166391998_737337776	8032108_05_s3_02_beach_p01_n.bytes	8936	1853
10247572447696444981_4041867346	6102307_eliminateraid_hovercraft_outdoor_unarmed_torment_start2phase.bytes	1544	641
10252734836875539469_415431347	8053201_01_s3_01_shanhaijingstreet_p01_n.bytes	10354	2057
1025282308941970644_2735224201	8062104_01_s2_02_beach_01_d_p01.bytes	8251	1869
10253476302863903444_311555813	8062102_04_s3_boss_02_beach_01_d_p01.bytes	9378	1985
10253702099098151178_74133872	1011102_02_s2_boss_01_market_p01_d.bytes	8481	1925
10259639898314066850_1630934244	sb_02_temp65_p01_d_test_a_nodelayer.bytes	73072	274
10261592811041573914_1738071845	1052102_02_s3_02_excavation_p02_n.bytes	9387	1991
10267343572419691060_1378555154	8143102_05_s3_02_rainforest_p02_n.bytes	7395	1355
10268123064716292557_4185322040	262103_worldraid_hod_street_c_start3phase.bytes	1541	670
10268622459334098531_3774285502	201101_raid_binah_street_normal.bytes	5005	1616
10268784631138423550_3713907693	8262301_01_s3_01_shanhaijingstreet_p01_d.bytes	10026	2205
1027550014861142731_4017503273	sb_01_park_p02_d.bytes	1298348	363161
10277258972479852718_2518214535	6012302_eliminateraid_binah_outdoor_unarmed_hard_start3phase.bytes	1825	740
10279784348567749848_2819277378	8133104_06_s3_01_hyakkiyakomoviestreet_p01_n.bytes	7859	1456
10281486986472970357_2247189226	milleniumskyscraper_p01_obastacle_p01_little.bytes	5179	1177
10283269143024501389_3652350673	1181105_07_s3_boss_01_ruins_p01_d.bytes	6697	1321
10284189137428383605_1960336306	1301105_01_s3_sb_01_wildhuntstreet_p01_d.bytes	4866	1032
10287185780376641230_1150818411	rb_03_perorozilla_p01_e_nodelayer.bytes	36352	413
10288182736301900500_875099018	1112103_01_s3_01_mainstreet_p02_n.bytes	5621	999
1029102661318088650_300735941	8492308_01_sb_01_wildhuntstreet_p02_n.bytes	5517	1200
10291831168708659517_2714717066	6083101_eliminateraid_goz_indoor_light_normal.bytes	12693	1399
10293055271001357289_2124669908	9203_000_01_stadium_p01_d_01.bytes	6886	1276
10297631301643638676_2180707531	6093206_eliminateraid_en0005_indoor_heavyarmor_insane.bytes	9363	1654
1030005650590021596_1827034820	1131101_01_s2_01_slumpia_p01_d.bytes	6376	1353
10303640584244406223_3476357501	8043303_01_s3_boss_01_gehennaslum_p01_n.bytes	15959	1925
10305667350956573618_1727945391	8402312_01_s3_01_shanhaijingstreet_p02_n.bytes	5865	1241
10307082457243253368_1969620361	sb_02_newyearpath_p02_n_nodelayer.bytes	29572	163
10309114888389990871_2093177925	1281105_05_s3_sb_01_hyakkiyakostreet_p02_d.bytes	7462	1388
10317428399573460045_2669930070	8211306_event821_perorozilla_indoor_hardcore.bytes	10765	1587
10319715593966095612_1204882883	6052104_eliminateraid_kaitengerraid_outdoor_light_hardcore_start2phase.bytes	1835	721
10323124813436369663_1051493965	1021202_01_s3_01_park_p02_d.bytes	7589	1619
1032316984919360777_2037370744	8011302_01_s3_boss_sb_01_hyakkiyakostreet_p01_d.bytes	8805	1731
10323462523102405044_1735884876	sb_02_harbor_p02_d.bytes	2479180	667823
10327017076817457615_2307934693	1121104_01_s3_boss_03_underground_p01_d.bytes	11271	2190
10330130918827157261_43602543	8083104_02_s2_02_hotsprings_p01_n.bytes	6401	1454
10332237356472430059_676526787	1221103_06_s3_boss_02_resort_p01_d.bytes	8094	1579
1033585717418652935_504944225	1222102_06_s3_boss_02_resort_p01_n.bytes	8417	1635
1033757524431484782_2160971126	6052203_eliminateraid_kaitengerraid_outdoor_heavy_veryhard_start2phase.bytes	1835	721
10337806843898018403_1621732568	1111204_01_s3_01_highway_p01_d.bytes	5607	1011
10338965080944592326_2442588289	1201102_01_s3_03_sportscenter_p01.bytes	6800	1313
10339626338174724586_2155858710	6082204_eliminateraid_goz_outdoor_heavy_hardcore.bytes	13259	1443
10341317669826841064_3975032542	82233111_s2_03_52301_p02_d.bytes	9454	1906
10348196771754937847_2454065100	1172102_05_s3_boss_03_insidecruiseship_p01_n.bytes	9175	1849
10350395931899765357_2994921789	sb_03_oldmansion_p01_d_nodelayer.bytes	28624	186
10354022501255938460_1832124015	1172101_05_s3_boss_03_insidecruiseship_p02_n.bytes	9762	1949
10355549147343904528_668239724	8092306_01_s3_02_newyearpath_p02_d.bytes	7188	1451
10357841020560426104_126697525	207305_raid_hod_indoor_extreme_start3phase.bytes	1544	667
10359568633563511950_1594564383	sb_03_sportscenter_p01_n.bytes	1571476	398055
10359638567642780408_941962937	6052205_eliminateraid_kaitengerraid_outdoor_heavy_extreme.bytes	5882	1584
1036215373853046861_1665946668	205207_raid_kaitengerraid_outdoor_torment_start2phase.bytes	1815	705
10369427886715778841_2065708153	8522310_01_sb_03_school_p02_n.bytes	5017	1207
10370955360084346700_3636822141	6063202_eliminateraid_perorozilla_indoor_heavy_hard_start3phase.bytes	9576	1311
1037191038196591422_4194326928	9001_000_01_stadium_p01_d_03.bytes	9019	1224
10375882708460947812_171310829	1212103_08_s3_boss_01_ariusstreet_p01_n.bytes	10425	2396
10377868506231837968_2107926133	838450201_dc_02_beachstage_09.bytes	7663	1198
10378487782262594395_3629851331	8103102_06_s3_boss_01_destroyedhighway_p02_n.bytes	9040	1788
10380370199274489873_3715513577	82241212_s2_03_52301_p01_d.bytes	9227	1730
10385815843985812137_2740402937	1271103_04_s3_sb_02_trainroof_p01_d_nosidetrain.bytes	5608	1119
10386400533902055528_3376291428	6062207_eliminateraid_perorozilla_outdoor_heavy_torment.bytes	9840	1317
10390716109629092668_795188144	8171304_01_s3_sb_03_buildinghallway_p01_n.bytes	6764	1329
10396950999211959816_345063237	8063102_08_s3_boss_03_insidecruiseship_p02_n.bytes	10090	2033
10397001754356206340_3013444011	1011105_02_s3_01_market_p02_d.bytes	7629	1566
10403009810188055069_356293338	9201_000_01_stadium_p01_d_04.bytes	6466	1257
10405264821863744845_2997781421	en0010_eliminate_unarmed_veryhard_2phase.bytes	943	453
10405364467712686199_1021726403	267104_en0013_street_d.bytes	3604	1106
10408348444413672541_904310705	6102107_eliminateraid_hovercraft_outdoor_lightarmor_torment_start2phase.bytes	1547	640
10411221089073733844_2879805792	1101101_03_s3_01_backstreet_p02_d.bytes	9859	1916
1041596177544137145_2167007411	8013102_08_s3_boss_01_hyakkiyakostreet_p02_n.bytes	7957	1417
10416403898726550975_1845226652	400010102_s3_01_mainstreet_p01_d.bytes	10155	1857
10418289641307053104_3467549951	253103_worldraid_shirokuro_street_veryhard.bytes	2100	735
10418517051735745365_311976934	1231105_02_s3_03_oldmansion_p02_d.bytes	7071	1513
10422956648919167270_981576183	838440401_dc_02_beachstage_07.bytes	9893	1247
10426798208188321658_116921776	1231101_02_s3_03_oldmansion_p02_d.bytes	6751	1479
10427126065554977531_2526790858	8211306_event821_perorozilla_indoor_hardcore_start3phase.bytes	10777	1590
1042894833946464456_332529229	206203_raid_perorozilla_outdoor_veryhard.bytes	9454	1299
10432726544817065598_1934783095	81521212_s2_03_insidecruiseship_p01_d.bytes	8271	1817
10434766871990453559_2470325120	1131102_02_s3_01_slumpia_p02_d.bytes	6989	1387
10436436940832453255_2900389433	30410_s3_boss_03_destroyedhighway_p01_n.bytes	9130	2208
10437196112912478023_4046727158	82250241__03_52302_p01_d.bytes	13033	2317
10437233956612128752_2806927578	206303_raid_perorozilla_indoor_veryhard_start2phase.bytes	9464	1317
10440082342255184356_3937012603	6073104_eliminateraid_hod_indoor_light_hardcore_start3phase.bytes	1580	673
10441882034942357902_2868587281	1011302_s1_01_schalestreet_p01_d.bytes	8748	2122
10445040414199063967_2508636667	sb_01_riverpark_p02_n.bytes	1297444	367064
10446118036114288965_3828216932	8472307_01_sb_02_beach_p01_n.bytes	7157	1562
10453461377121904132_2894237332	6062202_eliminateraid_perorozilla_outdoor_heavy_hard_start2phase.bytes	9615	1314
10453989142702122163_2897226408	8332303_01_03_gehennapartyhall_p02_d.bytes	5661	1344
10456557690014678495_10180009	8032112_02_s3_02_beach_p01_n.bytes	7106	1409
10463060978342273071_1602234521	1172103_04_s3_03_insidecruiseship_p01_n.bytes	9361	1848
10463265807862318238_256831673	8262308_01_s3_01_shanhaijingstreet_p02_d.bytes	9537	1992
10465587864036021799_843098362	8482302_01_sb_01_mainstreet_p02_d.bytes	9800	1896
10466904657658035219_2777663668	8172307_01_s3_sb_01_stadium_p01_d.bytes	8122	1496
10466938535008500021_2540427691	sb_02_desertcity_p01_e.bytes	1298288	365383
10473166035836175288_2660996528	8061305_01_s3_03_insidecruiseship_p01_d.bytes	9172	1808
10474399703412962442_1857374620	30506_s3_boss_03_oldmansion_p01_n.bytes	11766	2262
1047565334738785656_1780309619	1281103_01_s3_sb_01_hyakkiyakostreet_p01_d.bytes	7258	1436
10477890586674091676_357619652	6011204_eliminateraid_binah_street_heavy_hardcore.bytes	5018	1628
10478916651248768234_3194728415	6062404_eliminateraid_perorozilla_outdoor_elasticarmor_hardcore.bytes	9665	1309
10480090540108146722_1270036953	1041103_02_s3_02_desertcity_p02_d.bytes	7260	1503
10485176681304244397_1525830880	9962_notwalkable.bytes	10940	1704
10487822735694814406_1081611407	6012201_eliminateraid_binah_outdoor_heavy_normal_start2phase.bytes	3647	1312
10488033688730666253_316663041	207305_raid_hod_indoor_extreme.bytes	6985	2136
10489042146143829870_2986519602	6083306_eliminateraid_goz_indoor_unarmed_insane_start2phase.bytes	750	343
10492410151169637845_1388772861	1212102_03_s3_01_destroyedstreet_p01_n.bytes	7401	1467
10496436346128189670_2160563662	sb_02_riverside_p01_n_nodelayer.bytes	29572	245
10498423080654803343_3028631726	30407_s3_boss_03_destroyedhighway_p01_n.bytes	9130	2204
10499403286544250550_1265831960	261303_worldraid_chesed_indoor_c_start2phase.bytes	806	365
10501532861681601771_3082548817	8062106_01_s3_02_beach_01_d_p02.bytes	6918	1513
10503446134410849898_2667586532	en0010_eliminate_heavyarmor_normal.bytes	2170	788
10503680823920332699_3608281995	8123301_01_s3_boss_sb_03_trinitychurch_p02_n.bytes	12842	1500
10503987271222918831_1973970263	6071205_eliminateraid_hod_street_heavy_extreme_start3phase.bytes	1578	678
10507411672143589072_2254158538	31108_s1_boss_01_slumpia_p01_n.bytes	1972	610
10508793754200446274_800285696	rb_02_binah_p01_d_scenario.bytes	823288	255231
10514445961942737560_1002809613	sb_03_subway_p02_d_nodelayer.bytes	29572	201
10518848695684674395_2243428184	8292312_01_s3_boss_01_mainstreet_p01_n_s.bytes	7746	1552
10520607499901409063_408822075	8142311_01_s3_boss_sb_02_rainforest_p01_n.bytes	8552	1587
10522283415848654560_3355637218	401000219_s3_01_destroyedstreet_p01_e.bytes	14300	2514
10524770382140973302_4021080060	8372301_01_s3_03_insidecruiseship_p01_d.bytes	9462	1934
10526354107798850960_763452096	6022207_eliminateraid_chesed_outdoor_heavyarmor_torment.bytes	17941	2200
10532145561314501266_2216722726	6033305_eliminateraid_shirokuro_indoor_unarmed_extreme_start2phase.bytes	899	451
10539844895833214141_1446340838	32106_s3_boss_03_sweeperfactory_p01_d.bytes	14672	1667
10542732928343264133_2275856204	6023401_eliminateraid_chesed_indoor_elasticarmor_normal.bytes	14683	1779
10543300394867465366_3252595102	207108_raid_hod_street_lunatic.bytes	6995	2145
10546552494658056941_2223607893	400030422_s1_03_hieronymus_p01_d.bytes	7089	1390
10546971493732535679_3345359956	en0006_insane.bytes	3769	1029
10553932168275008804_264756536	202206_raid_chesed_outdoor_insane_start2phase.bytes	811	373
10556162829343098046_4256872844	en0010_normal_2phase.bytes	938	450
10557539999737417370_2812960048	82231212_s2_02_52201_p01_d.bytes	9393	1816
10561000646990226543_3075363768	6073107_eliminateraid_hod_indoor_light_torment_start2phase.bytes	5615	1625
10564111770650129817_4249352311	1301106_01_s3_boss_sb_01_wildhuntstreet_p02_d.bytes	5154	1129
10565146471511957111_3109946974	1291102_01_s3_sb_02_cargostation_p01_d.bytes	6966	1593
10566624857521814590_4252304744	sb_01_market_p02_n_s_nodelayer.bytes	29572	405
10567617979182746447_900034119	9212_000_02_playground_p01_02.bytes	6626	1264
10569921651091332833_234336542	sb_01_ruins_p02_d.bytes	1298356	346798
10570509379269377366_1374014409	269101_en0015_enhanced_street_c_2phase.bytes	888	441
10574234224707093126_2105420255	400050118_s3_01_rb_02_en0006_p01_d_scenario01.bytes	4087	1112
10577481661690786424_2848471806	8242302_01_s3_sb_01_mainstreet_p01_d.bytes	10168	1852
10586275197720962429_4075775194	1202102_02_s3_03_sportscenter_p01.bytes	6963	1324
10588119507383926756_1444891427	1202103_07_s3_03_buildinghallway_p01_n.bytes	8400	1477
10593010734303536991_982170859	1161103_01_s3_02_excavation_p02_d.bytes	9246	2051
10594089103207093015_4174690750	en0010_eliminate_elasticarmor_insane.bytes	2181	792
10594726481590530847_4287962162	8042306_01_s3_boss_01_gehennaslum_p01_d.bytes	11715	2318
10595338604577027664_949529155	6033204_eliminateraid_shirokuro_indoor_heavy_hardcore.bytes	2146	744
10608372249292015978_1512513890	1101105_05_s3_01_ruins_p01_d.bytes	9163	1825
10610177489548081444_2032160812	1261104_03_s3_sb_03_trinitychurch_p02_d.bytes	7026	1275
10614430856909891411_201280084	1162103_05_s3_02_excavation_p01_n.bytes	6755	1459
10616898716590638660_1335994445	6011104_eliminateraid_binah_street_light_hardcore_start3phase.bytes	1157	548
1062361613142253710_2038010284	en0010_eliminate_elasticarmor_hard_2phase.bytes	945	452
1062485904768713185_454928459	1152102_03_s3_01_mainstreet_p01_n_s.bytes	10322	1934
10625569873754397615_2861547089	822211310_s2_03_52301_p02_d.bytes	6262	1525
10626630405194030728_1328878687	262101_worldraid_hod_street_a.bytes	6884	2100
10627096113269287586_1032008006	270301_worldraid_en0020_street_scenario_start2phase.bytes	6333	1291
10628934429652946008_707376126	1061104_04_s3_boss_02_snowmountain_p02_d.bytes	7032	1345
10635890348747504117_2770678788	sb_03_insidecruiseship_p02_d.bytes	1298268	382608
10636954594400686276_3879011907	822431210_s2_03_52302_p02_d.bytes	8702	1782
10642812487028374104_3910949742	1252101_02_s3_sb_01_hyakkiyakomatsuri_p02_n.bytes	10293	1927
10642828915235135772_3834500931	81542121_s2_03_insidecruiseship_p02_d.bytes	9376	1943
10647308494986406233_654528235	1062103_04_s3_02_snowmountain_p01_n.bytes	5608	965
10647410410501692395_2871707124	822421310_s1_03_52302_p01_d.bytes	9949	2074
10649147354880735336_2363698166	8033205_01_s3_02_beach_p01_n.bytes	9107	1892
10652275194182951865_1978343966	9213_000_02_playground_p01_01.bytes	6886	1276
10654862209905732305_3248428510	204304_raid_hieronymus_indoor_hardcore_start2phase.bytes	2220	820
10668033607233263733_542087636	8381304_01_s3_02_beach_p02_d.bytes	6024	1367
10668354829139098873_1112131806	206303_raid_perorozilla_indoor_veryhard.bytes	9458	1305
10669095587996750120_3570297066	6063102_eliminateraid_perorozilla_indoor_light_hard_start2phase.bytes	9570	1317
10671373911631139704_3289350485	en0010_eliminate_heavyarmor_veryhard.bytes	2174	792
10674143952409749558_3982500463	1131102_01_s2_01_slumpia_p02_d.bytes	5799	1242
1067967209561046497_1801377569	en0010_hard_2phase.bytes	934	448
10679819130266431196_1761945227	8402309_01_s3_01_shanhaijingstreet_p01_n.bytes	6160	1305
10679852737654751430_2631984607	8313302_01_s3_boss_01_mainstreet_p01_d.bytes	2941	790
10680884280790212666_2464732023	1251102_01_s3_sb_01_hyakkiyakomatsuri_p01_d.bytes	11099	2131
10682377093033093361_2112985670	8033202_01_s3_boss_02_beach_p01_d.bytes	9258	1904
10683055700746340634_3891261862	8091303_01_s3_01_highway_p01_n.bytes	9603	1999
1068674932941460154_2672711810	1182103_01_s3_01_ruins_p02_n.bytes	7157	1414
10686836032209379658_2158654643	8263102_05_s3_boss_01_shanhaijingstreet_p02_n.bytes	7333	1506
10688917317686967022_717983686	sb_01_floodedruins_p01_n.bytes	1250480	282576
10689050923285081764_898570871	206207_raid_perorozilla_indoor_torment_start3phase.bytes	9693	1326
10693653588421608972_344808767	8132305_01_s3_01_hyakkiyakomoviestreet_p02_d.bytes	8036	1498
10700565191151607645_1975118901	8062107_06_s3_02_beach_01_d_p01.bytes	9394	1999
10701374627266314415_734223548	9003_000_01_stadium_p01_d_02.bytes	9339	1204
10702344934452380273_2121593331	1162102_04_s3_02_riverside_p01_n.bytes	7151	1523
10704947962165501981_2280652592	6012106_eliminateraid_binah_outdoor_light_insane.bytes	6969	2205
10706335667030094047_2364376086	sb_02_frozensea_p02_n.bytes	1294884	329622
10711770267113011739_971891420	8033204_01_s3_boss_02_beach_p02_n.bytes	9474	2055
10713049989528845342_548271487	1132102_06_s3_boss_01_slumpia_p01_n.bytes	7183	1283
1071412922006060072_1678223178	8613303_01_sb_02_harbor_p01_d.bytes	4299	619
10717523743050218551_3088096620	6071404_eliminateraid_hod_street_elastic_hardcore.bytes	7170	2163
10719877823524749255_939706194	8272308_01_s3_02_harbor_p02_d.bytes	9038	1866
10720349213686391431_1763200438	1071101_03_s3_03_school_p01_d.bytes	11164	2316
10722505571243088627_2392796198	en0009_section_01.bytes	4815	1127
10725182700157174333_3079396561	400010119_s3_01_mainstreet_p01_d.bytes	7440	1799
10725527725322569653_3020496032	8263104_02_s3_01_shanhaijingstreet_p01_n.bytes	7557	1533
10731300753564155974_1124651662	rb_03_hieronymus_p01_d.bytes	889060	225262
10731838976927994533_3848795937	6012104_eliminateraid_binah_outdoor_light_hardcore.bytes	6971	2206
10735180612688123987_525441059	1092101_04_s3_01_market_p02_n.bytes	10634	2035
10739714716238630755_3246067222	9968_bosstest.bytes	776	372
10740812028049465944_1019037598	60103_s1_boss_02_riverside_p01_d.bytes	4315	1156
10746871113755475464_2461681173	269101_en0015_enhanced_street_a.bytes	1618	675
1074732704533953806_1635308852	8242307_01_s3_sb_01_backstreet_p01_d.bytes	7683	1529
10747930417351644614_622874857	82233131_s1_boss_03_52301_p01_d.bytes	7787	1653
10749227016707694749_1843891956	8592302_01_sb_02_rainforest_p01_d.bytes	5872	1107
10751402267774950183_3565678529	8272310_01_s3_boss_02_harbor_p01_n.bytes	7001	1486
10751536285194835273_2871445750	8052309_01_s3_boss_01_shanhaijingstreet_p01_d.bytes	8486	1717
10753575327976543997_2065272504	82231131_s2_boss_03_52301_p01_d.bytes	4607	1079
10753894512523649051_181476119	8063301_01_s3_boss_03_insidecruiseship_p01_n.bytes	10265	2211
10758681155971115083_1677568303	6093301_eliminateraid_en0005_indoor_unarmed_normal.bytes	9285	1651
10759883805902363422_4119537111	6083106_eliminateraid_goz_indoor_light_insane.bytes	13036	1413
10761117151453994455_3432535093	6062407_eliminateraid_perorozilla_outdoor_elasticarmor_torment_start2phase.bytes	9898	1328
1076189335767895325_3155475557	8081106_03_s3_02_hotsprings_p02_d.bytes	10870	2030
10766876935046243225_288722060	8412312_01_s3_03_school_p01_n.bytes	7999	1699
10768265055972394673_1186721975	en0010_extreme_2phase.bytes	940	451
10781827215972281477_4005198930	9301_000_01_stadium_p01_d_04.bytes	4106	1135
10789296439275095714_1670404689	1271102_01_s3_sb_02_trainroof_p01_d_nosidetrain.bytes	5732	1095
10795242689056647696_2186786773	8422312_01_s3_01_milleniumskyscraper_p01_n.bytes	5841	1251
10798071066217100800_2381831464	sb_03_sportscenter_p02_n_nodelayer.bytes	35784	178
10801067593050330165_1212632410	1301105_02_s3_sb_01_wildhuntstreet_p02_d.bytes	6199	1352
10801870768369287090_2877417202	rb_02_binah_p01_d_scenario_nodelayer.bytes	18496	658
10803916858559819211_3367064646	8041303_01_s3_01_gehennaslum_p01_d.bytes	7763	1631
10809303730320789668_1415665168	1161203_01_s3_02_excavation_p01_d.bytes	6551	1356
10810344611961570682_2517105809	207101_raid_hod_street_normal.bytes	6976	2141
10815124415825271129_3972043839	en0006_eliminate_heavyarmor_torment_3phase.bytes	1250	533
1082191402241326705_3604073564	8582303_01_sb_01_park_p02_n.bytes	6261	1228
10826555323516849716_3502771668	en0006_extreme_3phase.bytes	1254	537
10834727391648502576_1801667318	1132101_04_s3_boss_01_slumpia_p01_n.bytes	7111	1375
10842333817554403713_4116377969	1281103_03_s3_sb_01_hyakkiyakostreet_p01_d.bytes	7258	1436
1084539667711039503_1080965864	1032101_03_s3_boss_01_backstreet_p02_n.bytes	8461	1672
10848384813039925639_312828273	8032108_01_s2_02_beach_p01_n.bytes	5597	1298
10853036974160845706_726984187	1282102_05_s3_sb_01_hyakkiyakostreet_p01_n.bytes	7545	1405
10857768042890058651_1280870227	6051405_eliminateraid_kaitengerraid_street_elasticarmor_extreme_start2phase.bytes	1453	652
10858518876368244021_1153623670	8021203_01_s3_02_snowmountain_p01_d.bytes	9550	1946
10858974955433375337_1423694240	1272103_07_s3_sb_02_trainroof_p01_n_nosidetrain.bytes	6088	1144
1086259696649964980_2633257154	1281104_06_s3_boss_sb_01_hyakkiyakostreet_p02_d.bytes	7536	1356
10862738228110073087_2976949221	8434310_01_sb_03_subway_p01_d.bytes	14920	2830
10863028752416924299_262805309	205206_raid_kaitengerraid_outdoor_insane_start2phase.bytes	1814	697
10864153768278106651_3211019874	6073302_eliminateraid_hod_indoor_unarmed_hard_start4phase.bytes	1139	520
10870793142503214516_1407215849	en0022_normal_2phase.bytes	2939	1081
108782916664300206_1799470032	rb_02_en0013_p01_d_nodelayer.bytes	54336	220
10879119606299108031_1206394827	1062103_05_s3_boss_02_snowmountain_p02_n.bytes	7595	1353
10879749077783974378_3980625582	1231102_01_s3_03_oldmansion_p02_d.bytes	6751	1484
10882678935804412569_1198555926	6073107_eliminateraid_hod_indoor_light_torment_start3phase.bytes	1577	677
10882679909419088465_1373058094	1052102_03_s2_02_excavation_p02_n.bytes	8924	1929
10882854216715734959_1388294802	8573301_01_s3_02_harbor_p01_n.bytes	15284	2820
10887163962001858485_3383440428	1251105_01_s3_sb_01_destroyhyakkiyakomatsuri_p02_d.bytes	6576	1344
10892909748825250168_126272356	1291105_03_s3_sb_02_cargostation_p02_d.bytes	7501	1689
10895793864837801845_1475075255	8273104_04_s3_boss_02_harbor_p01_n.bytes	8257	1762
10897069271984161986_137603823	30202_s3_boss_02_deserttrack_p01_d.bytes	17490	2912
10900790912536691143_1252175884	1102103_03_s3_01_ruins_p02_n.bytes	9251	1884
10902744552594511872_662616506	sb_02_harbor_p01_d_challenge.bytes	2181880	586634
10904276127247553997_3006261723	en0006_torment_2phase.bytes	2576	891
10905444740807421553_881366886	6052107_eliminateraid_kaitengerraid_outdoor_light_torment.bytes	5889	1585
10909040845624818521_2755207982	en0006_eliminate_heavyarmor_hardcore_3phase.bytes	1252	535
10909629232406478927_3642515629	1171102_02_s3_03_insidecruiseship_p02_d.bytes	6500	1334
10913281421278137032_168010309	1131202_01_s3_01_slumpia_p01_d.bytes	6970	1344
10913759477288264953_3838190157	db_02_beachstage_05.bytes	581968	146665
1091485414837044790_2355692934	8533304_01_sb_01_destroyhyakkiyakomatsuri_p01_n.bytes	840	424
10916990431116777797_2412894371	258303_worldraid_perorozilla_indoor_veryhard_start2phase.bytes	9525	1314
1091976928179569573_1082281595	1102102_03_s3_01_ruins_p02_n.bytes	9413	1893
10924310423163579807_391112615	sb_02_excavation_p01_d_nodelayer.bytes	29572	285
10929629230846119042_1334788133	1192101_05_s3_boss_02_deserttrack_p01_n.bytes	7109	1380
10934040549239693218_3675835708	8492302_01_sb_01_wildhuntstreet_p01_d.bytes	5241	1067
10935527244470507695_4227402196	8161303_01_s3_01_mainstreet_p02_d.bytes	10511	2129
10935586351799790314_1768072671	1011103_01_s2_01_market_p02_d.bytes	6675	1468
10937015255472033801_1232293516	8392301_01_s3_01_shanhaijingstreet_p01_d.bytes	6179	1294
10938546839802384916_1907038539	6052305_eliminateraid_kaitengerraid_outdoor_unarmed_extreme_start2phase.bytes	1831	718
1093880425690748353_1595168488	6071103_eliminateraid_hod_street_light_veryhard_start2phase.bytes	5623	1629
10941604913490938056_3878538871	201102_raid_binah_street_hard_start3phase.bytes	1142	533
10944580652019638668_1257248994	7011316_01_s3_02_frozensea_p01_d.bytes	9851	1798
10948740499016064101_2090465997	test_01_resort_p01_little.bytes	6989	1442
10951140379632106400_1808825786	en0010_eliminate_unarmed_insane_2phase.bytes	939	451
10951306615076053922_2084362904	1031101_02_s1_01_backstreet_p02_d.bytes	4536	1008
10953223707572677443_3551805025	6011107_eliminateraid_binah_street_light_torment_start2phase.bytes	2646	1010
10956004637482901267_3731409833	6093401_eliminateraid_en0005_indoor_elasticarmor_normal.bytes	9395	1653
10959750804085032718_3279523774	1252103_07_s3_sb_01_destroyhyakkiyakomatsuri_p02_n.bytes	7921	1669
10960903869102213966_3153331845	1261105_03_s3_sb_03_trinitychurch_p02_d.bytes	6980	1294
10961415760480737402_2348121632	sb_02_riverside_p01_n.bytes	1298356	414610
10963689505197415930_2704078802	400000001_s1_01_schale_p01.bytes	2609	703
1096754288919785257_3614085070	1231105_05_s3_03_oldmansion_p01_d.bytes	10136	2115
10969890368717365252_2616378946	6011304_eliminateraid_binah_street_unarmed_hardcore_start2phase.bytes	2644	1008
10975305460204985533_4137766265	1062102_02_s2_02_snowmountain_p02_n.bytes	5802	1253
10976584550602833938_403057725	c_sb_03_expresstrain_p02_little.bytes	12542	2043
10994318225916521420_2884131978	8251307_01_s3_03_oldmansion_p01_d.bytes	8474	1853
10996619999532848757_3937477629	sb_03_52301_p02_d.bytes	1298136	345899
10997312309542697746_1644727348	6041405_eliminateraid_hieronymus_street_elasticarmor_extreme.bytes	4295	1265
11000759070110285567_3209133714	1022101_03_s3_boss_01_park_p02_n.bytes	8362	1682
11002898990186378030_3099011314	201105_raid_binah_street_extreme_start3phase.bytes	1145	535
11004667605829646153_480621743	sb_01_shanhaijingstreet_p01_n_nodelayer.bytes	29264	207
11006158712813386288_661425747	82231211_s2_03_52301_p01_d.bytes	9227	1730
11007150851808511903_971456133	8183303_01_s3_boss_02_playground_p02_n.bytes	20408	3030
11007188927745157803_2764564376	270301_worldraid_en0020_street_v01_d_start3phase.bytes	5875	1339
11011348318493728208_4188194422	1241103_02_s3_sb_02_rainforest_p02_d.bytes	6413	1249
11011702775717587020_497807504	sb_02_resort_p02_n.bytes	1291412	343624
11012826877145942632_3970275606	6093105_eliminateraid_en0005_indoor_lightarmor_extreme.bytes	9378	1656
11013646516155547211_3021027482	1261104_02_s3_sb_03_trinitychurch_p02_d.bytes	6329	1259
11021686677149177674_3383301855	8243104_01_s3_sb_01_mainstreet_p01_n.bytes	10214	1906
11022567965652419403_2806678158	1151101_02_s3_01_redwinterstreet_p01_d.bytes	7384	1385
11025793483788643028_1452231974	sb_02_snowmountain_p02_d_nodelayer.bytes	29572	163
11033906853979439658_918726958	400010339_s3_02_en0008_p01_d_scenario01.bytes	3318	1022
1104001596043429892_4021322065	8183104_04_s3_02_playground_p02.bytes	7662	1363
11057593654130217172_3887440391	8362309_01_s3_park_p01_n.bytes	5312	1204
11059008538779207955_462273088	9203_000_01_stadium_p01_d_02.bytes	6886	1274
11060406842875060541_2012641398	1282102_01_s3_sb_01_hyakkiyakostreet_p01_n.bytes	7623	1488
11060755728753825889_1543255482	6063103_eliminateraid_perorozilla_indoor_light_veryhard_start2phase.bytes	9574	1327
11061186326957675822_1453270542	30502_s3_boss_03_oldmansion_p01_n.bytes	11766	2257
11064115967255981014_2231175955	206301_raid_perorozilla_indoor_normal_start2phase.bytes	9462	1315
11065775519095787093_2481614623	81532213_s2_01_shanhaijingstreet_p02_d.bytes	9279	1945
11066034721743160500_3315092591	1031205_01_s3_01_highway_p01_d.bytes	7494	1654
11066648135325982314_1512242959	1142103_04_s3_03_ruinedschool_p02_n.bytes	9398	1849
11066892039011598952_1229233214	8042309_01_s3_boss_01_gehennaslum_p02_d.bytes	12400	2566
110674826597718867_1998964294	822411210_s2_03_52301_p01_d.bytes	9227	1729
11069176958748548138_1884602589	8302310_01_s3_boss_03_expresstrain_p02_d.bytes	8972	1738
11069654380403256377_1065892350	8102306_01_s3_01_destroyedhighway_p01_d.bytes	9229	1854
11070477101970216636_1068891835	205103_raid_kaitengerraid_street_veryhard_start2phase.bytes	1441	641
1107966427991151274_3901107521	1301104_05_s3_boss_sb_01_wildhuntstreet_p01_d.bytes	5070	1027
11083184956699471848_240380749	1211103_03_s3_01_ariusstreet_p01_d.bytes	7434	1505
11085109167647129823_2158456363	1061105_05_s3_boss_02_snowmountain_p02_d.bytes	6523	1226
11086010904319686266_3427481714	1131105_02_s2_01_slumpia_p01_d.bytes	5760	1122
11089012374411802047_3953673678	1262103_05_s3_sb_03_trinitychurch_p02_n.bytes	6858	1256
11093468011275693819_3341815840	257102_worldraid_hod_street_hard_start3phase.bytes	1549	662
11093475043411465957_1177386167	9020_000_03_sportscenter_p01_01.bytes	9262	1230
11094771449775052234_1183248338	267104_en0013_street_d_3phase.bytes	1147	521
11099125192160614955_2936102111	skipendbattletest_04.bytes	1328	607
11100616304590119555_3457053246	1132101_01_s2_01_slumpia_p01_n.bytes	6714	1388
11110395482046523278_2240977392	1092103_02_s2_01_park_p01_n.bytes	8004	1766
11116850618246793458_1969324685	sb_01_highway_p01_n_nodelayer.bytes	19664	353
11118625021561281698_1386090192	8562303_01_02_forestriver_p01_d.bytes	6924	1556
11120745774718501307_3377145557	8253301_01_s3_boss_03_oldmansion_p01_d.bytes	93010	3770
11124865300105022038_1260667307	1032102_01_s2_01_backstreet_p01_n.bytes	6961	1544
11126485394694242532_2853212172	sb_01_park_p01_n_nodelayer.bytes	29568	214
11130394030659348894_911495138	6083103_eliminateraid_goz_indoor_light_veryhard_start2phase.bytes	755	348
11130424601782651475_4192701510	9212_000_02_playground_p01_04.bytes	6634	1270
1113146543622366775_4085399594	256302_worldraid_chesed_indoor_hard.bytes	13457	1730
1113592553859481556_3031044245	6011403_eliminateraid_binah_street_elasticarmor_veryhard_start3phase.bytes	1159	550
1114755575846891207_3728622087	1281104_01_s3_sb_01_hyakkiyakostreet_p01_d.bytes	7258	1436
11149186687460292482_899984977	sb_01_park_p02_n.bytes	1298348	363161
1115021319537938279_3046273552	204103_raid_hieronymus_street_veryhard_start2phase.bytes	1964	747
11151275579714284511_3230655582	8021103_03_s3_boss_01_market_p01_d_s.bytes	10239	1952
11151624858145894145_990030897	6011407_eliminateraid_binah_street_elasticarmor_torment_start2phase.bytes	2648	1014
11155801478231238377_2368553775	210202_raid_hovercraft_outdoor_hard_start2phase.bytes	1538	629
11159679028956356287_750721944	8111308_02_s2_boss_01_destroyedhighway_p01_n.bytes	9003	2181
11159817740753459833_2640654931	8523304_01_sb_02_snowmountain_p01_n.bytes	4885	785
11163397098328330764_1000037246	rb_03_chesed_p01_d_nodelayer.bytes	28228	261
11164894343957354476_1933215579	8272305_01_s3_02_harbor_p01_d.bytes	6722	1467
11172693342443542484_2509502143	6062301_eliminateraid_perorozilla_outdoor_unarmed_normal.bytes	9533	1303
11178569110134267285_2922310360	1061201_01_s3_02_desertcity_p01_d.bytes	5923	973
11179921126804390595_2934447136	6073307_eliminateraid_hod_indoor_unarmed_torment_start2phase.bytes	5579	1620
11182663722006517735_312759381	sb_01_hyakkiyakomoviestreet_p02_n_nodelayer.bytes	25084	191
11182832936318532236_2154640310	7011309_01_s3_boss_01_floodruins_p02_d.bytes	15190	2715
11182989527024213708_952918754	8323302_01_02_forestriver_p01_d.bytes	5959	1256
11184055195762596878_2635042891	1161103_03_s3_02_excavation_p02_d.bytes	9244	2062
11184492046529097482_910712334	1141104_01_s3_03_ruinedschool_p01_d.bytes	9688	1840
11186410142122592281_3640937002	8022107_04_s3_01_redwinterstreet_p01_n.bytes	9574	1857
1118905735379374549_1544925979	9983_newleveltest.bytes	15198	2069
11192373249985694859_3156560522	8162309_01_s3_boss_01_mainstreet_p01_n.bytes	7670	1567
11194812278336224900_4007213800	6011407_eliminateraid_binah_street_elasticarmor_torment.bytes	5019	1628
1119644635137401217_1391648871	400050211_s3_01_sb_01_hyakkiyakonorthtown_p01_d.bytes	5828	1275
11199911220375383754_2956061189	tunneltest02.bytes	552	269
1120599753905702310_2780282182	82200010_s2_03_52302_p01_d.bytes	9227	1811
11207161959279921550_297696645	6062304_eliminateraid_perorozilla_outdoor_unarmed_hardcore.bytes	9535	1305
11209051474422682705_3163837562	7013303_01_s3_01_floodedruins_p01_d.bytes	14192	2391
11211334144611412694_755402162	sb_01_destroyedhighway_p02_d_nodelayer.bytes	20080	251
11213446203581532900_4258885297	32112_s3_boss_03_sweeperfactory_p01_d.bytes	10405	1670
11220618107360468680_2697617566	6071104_eliminateraid_hod_street_light_hardcore_start2phase.bytes	5623	1629
11220834233939411857_3750126270	201202_raid_binah_outdoor_hard_start3phase.bytes	1817	729
11221394449964326640_2589718231	1291101_01_s3_sb_02_cargostation_p01_d.bytes	6974	1590
11226772595783284815_2124968365	8312309_01_s3_boss_03_underground_p01_n.bytes	5881	1203
11231501063370712390_1187654683	6041304_eliminateraid_hieronymus_street_unarmed_hardcore_start2phase.bytes	1986	760
11231943640312830736_3166736093	en0010_eliminate_unarmed_hardcore.bytes	2168	789
11233260855423495721_928797677	6062304_eliminateraid_perorozilla_outdoor_unarmed_hardcore_start3phase.bytes	9547	1312
11239099791636461645_2599337830	1072103_04_s3_03_subway_p01_n.bytes	10399	2052
11241586585075563152_3887111987	8133102_04_s3_01_hyakkiyakomoviestreet_p02_n.bytes	7927	1469
1124920876349037886_888217654	1162102_02_s3_02_riverside_p02_n.bytes	10444	2218
11255015319577093204_4134915059	sb_02_playground_p01_n.bytes	1564444	398778
1125785272545224291_3578524621	8122312_01_s3_boss_sb_03_trinitychurch_p02_n.bytes	8981	1729
1125870754432348098_646277534	6062406_eliminateraid_perorozilla_outdoor_elasticarmor_insane_start2phase.bytes	9697	1324
11259244794793370990_1061107540	8063305_01_s3_boss_03_insidecruiseship_p01_n.bytes	18818	2615
11260397621070286002_3029790107	262104_worldraid_hod_street_d_start3phase.bytes	1543	670
11261116411597293422_3088545797	1011206_01_s3_01_market_p02_d.bytes	7459	1561
11266016098421883025_1300604741	6041405_eliminateraid_hieronymus_street_elasticarmor_extreme_start2phase.bytes	1988	763
11270447433649608177_1132530573	8512311_01_sb_01_park_p01_n.bytes	5974	1247
11280983600366831830_1569486516	rb_01_binah_p01_d_nodelayer.bytes	19852	636
11282007666856195899_576734218	rb_03_en002_p01_d.bytes	1487780	373164
11283498557073598866_4064703181	8253102_04_s3_boss_03_oldmansion_p02_n.bytes	7912	1611
11284408274580803346_2623615176	6012401_eliminateraid_binah_outdoor_elasticarmor_normal.bytes	6971	2208
1129072761890826720_1734274862	rb_03_en001_p01_d_nodelayer.bytes	7936	85
11299355589334596766_2553049478	8013102_02_s3_01_hyakkiyakostreet_p01_n.bytes	7758	1399
11299624734101451036_416243060	1201102_05_s3_03_sportscenter_p01.bytes	7514	1363
11300050681811725283_315415199	1242101_02_s3_sb_02_trinityisland_p01_n.bytes	9118	1784
11301626693710053122_3754294820	en0006_extreme_2phase.bytes	2569	887
11303246325929089221_3933939783	520701_arena_outdoor_stage01.bytes	1514	514
11305667937484239289_270941797	8503302_01_sb_01_wildhuntstreet_p01_d.bytes	1371	544
11306134404135901655_701691967	8512308_01_sb_01_park_p01_d.bytes	4728	1079
11307583831739809034_1474785162	1112102_02_s3_01_mainstreet_p01_n.bytes	7082	1379
11308282543872270839_3563671035	6102401_eliminateraid_hovercraft_outdoor_elasticarmor_normal_start2phase.bytes	1546	641
1130954823563227276_2099358041	207307_raid_hod_indoor_torment.bytes	6992	2139
11310343497451644703_2183308953	8041310_01_s3_boss_02_beach_p02_d.bytes	6333	1454
11311422736346352993_2368111261	sb_03_52302_p02_d.bytes	1471672	391064
11317049692787410184_2431538725	1151206_01_s3_01_mainstreet_p02_d_s.bytes	5974	1251
11322857639905528541_2210267348	1261103_02_s3_sb_03_trinitychurch_p02_d.bytes	5964	1205
11323461829850543475_4267619630	8082104_01_s3_02_hotsprings_p02_d.bytes	9593	1926
11327233143437409510_1529583743	8243104_02_s3_sb_01_mainstreet_p01_n.bytes	9798	1826
11330102204145756028_1502584186	6071202_eliminateraid_hod_street_heavy_hard_start3phase.bytes	1569	673
11332489800053554838_1773757739	damagetest_outdoor_elastic.bytes	611	339
1133370804865893698_1407330938	8062103_03_s3_boss_02_beach_01_d_p02.bytes	7080	1471
11335823861990984533_4050786748	270301_worldraid_en0020_street_d.bytes	11557	1965
11335954244386904161_2763266794	8352301_01_s3_hyakkiyakotraditionalstreet_p01_d.bytes	6434	1193
11336203218327974852_172512130	en0013_lunatic_2phase.bytes	2401	781
11337057931880565967_2120646471	8243102_01_s3_sb_01_mainstreet_p01_d.bytes	10203	1885
11340438355947430750_1421560330	6082203_eliminateraid_goz_outdoor_heavy_veryhard.bytes	13243	1450
11340982682897274827_2554646236	c_sb_01_hyakkiyakonorthtown_p01_little.bytes	8709	1617
11342437185486976011_2824150696	1242103_07_s3_sb_02_trinityisland_p01_n.bytes	9118	1782
1135095554448124631_2863619728	400010336_s3_02_en0008_p01_d_scenario02.bytes	2840	1127
11351285562351499716_4286789587	6073102_eliminateraid_hod_indoor_light_hard_start3phase.bytes	1568	669
11353247302880857134_3537960657	6073401_eliminateraid_hod_indoor_elastic_normal_start3phase.bytes	1580	679
11353965190641722225_2598607112	newyearpathvisualtest_p02.bytes	12254	2117
11360045139702296855_746901969	8323304_01_02_forestriver_p01_n.bytes	7747	1239
11360131194695436809_2373140826	30104_s3_boss_01_highway_p01_d.bytes	22263	3288
11362201133875582680_1358326961	sb_02_galleon_p01_n_nodelayer.bytes	29572	299
11366587687727669993_1062610372	1052102_01_s2_02_excavation_p01_n.bytes	8961	1777
11369053321850969073_3428337067	8613302_01_sb_02_harbor_p02_n.bytes	2070	802
11378459623414643620_1318741528	400010111_s3_01_backstreet_p01_n.bytes	8094	1837
11383588482318009223_1433133516	258305_worldraid_perorozilla_indoor_extreme_start2phase.bytes	9524	1310
11387049923716849614_3090045308	6073106_eliminateraid_hod_indoor_light_insane_start3phase.bytes	1574	676
1139041713627065426_4073491328	movingareatestmap.bytes	6201721	71700
11392548210991052009_2481441388	202305_raid_chesed_indoor_extreme_start2phase.bytes	812	370
11392919934507431963_1397926210	rb_03_hod_p01.bytes	2480504	662767
11398304632819373270_3285289513	8492306_01_sb_01_wildhuntstreet_p01_n.bytes	5241	1064
11404297780053787393_2143613587	groundmoduledata.json	1857	284
1141061375988167595_3179074245	1142101_02_s3_03_ruinedschool_p01_n.bytes	9688	1829
11411489427624673868_3203979642	6031201_eliminateraid_shirokuro_street_heavy_normal_start2phase.bytes	896	450
11412907216692173634_3473048893	8032104_02_s3_02_beach_p01_d.bytes	8938	1867
11420205745463397122_2073781731	6011106_eliminateraid_binah_street_light_insane.bytes	5016	1626
11422247170499121560_1921601055	258306_worldraid_perorozilla_indoor_insane.bytes	9692	1300
11426378653859720682_1379428110	sb_01_riverpark_p02_d.bytes	1297444	367065
11426624343776704393_3497496245	8081106_04_s3_boss_02_hotsprings_p02_d.bytes	9490	1928
11429641322306493871_2691372378	822331310_s1_03_52301_p02_d.bytes	10105	2107
11433839678602851755_2515101864	sb_02_frozensea_p02_d_nodelayer.bytes	29492	188
11435988762616083448_2501244170	sb_03_milleniumunderground_p01_d.bytes	3202660	858536
11438497043961516696_76520189	1282101_01_s3_sb_01_hyakkiyakostreet_p01_n.bytes	7623	1493
11442306846390569407_2418073970	6052306_eliminateraid_kaitengerraid_outdoor_unarmed_insane_start2phase.bytes	1830	717
11442708824567765877_3268615345	sb_02_trainroof_p01_n_nosidetrain_nodelayer.bytes	36496	209
11443512468671212800_1134975542	8271304_01_s3_02_harbor_p01_n.bytes	7727	1629
11449203059339831004_820616375	6102104_eliminateraid_hovercraft_outdoor_lightarmor_hardcore.bytes	2884	1052
11450282824435125721_3226574543	1292101_04_s3_sb_02_cargostation_p01_n.bytes	7988	1797
1145111796738034172_3179092393	82231212_s2_03_52301_p01_d.bytes	9227	1729
11451227595381167542_2078809037	6062307_eliminateraid_perorozilla_outdoor_unarmed_torment.bytes	9762	1314
11453745026960361331_3811034545	6033304_eliminateraid_shirokuro_indoor_unarmed_hardcore.bytes	2140	747
11461189040333584062_3629563236	sb_01_mainstreet_p02_d_s.bytes	1298256	361018
11461197080203837402_2637375962	262104_worldraid_hod_street_d_start2phase.bytes	5401	1585
11468707865364029724_1847766058	8123302_04_s3_sb_03_trinitychurch_p01_n.bytes	9300	1672
11469711686829654337_2600889794	8392303_01_s3_01_shanhaijingstreet_p01_d.bytes	5798	1239
11472412168873274600_1580508083	db_02_beachstage_05_nodelayer.bytes	13248	125
11474059420593522053_1533764279	8273104_02_s3_boss_02_harbor_p01_n.bytes	8257	1759
11476924916117121002_1406371148	6051205_eliminateraid_kaitengerraid_street_heavy_extreme_start2phase.bytes	1451	650
11481019131654696406_1034721532	8593303_01_sb_02_rainforest_p02_d.bytes	14618	1779
11481802736620669500_8777717	207105_raid_hod_street_extreme_start2phase.bytes	5480	1616
11484569784212351013_3716560721	rb_01_shirokuro_p01_d.bytes	2212160	677515
11485769200451616155_3886896915	en0006_eliminate_lightarmor_hardcore.bytes	3755	1029
11487121476224226253_2911615110	6073305_eliminateraid_hod_indoor_unarmed_extreme_start2phase.bytes	5572	1618
11487230200205815688_2413884197	8343302_01_03_gehennapartyhall_p02_n.bytes	3744	1150
11491472200765036801_1945816478	en0006_eliminate_unarmed_veryhard_3phase.bytes	1246	531
11493108796958303394_2899007721	1151204_01_s3_01_mainstreet_p01_d_s.bytes	9984	1906
11495193826481862318_2060468797	1062101_01_s2_02_desertcity_p01_n.bytes	6238	1330
11495944100974626059_3875022515	8103202_01_s3_01_destroyedstreet_p01_n.bytes	10681	1937
11499676912841369130_3503023514	1191103_06_s3_boss_02_snowmountain_p01_d.bytes	6499	1319
11501158926034048844_1342782750	1301102_03_s3_sb_01_wildhuntstreet_p01_d.bytes	5241	1075
11511919019915831014_3430771012	6012104_eliminateraid_binah_outdoor_light_hardcore_start2phase.bytes	3649	1312
11512621788640511003_3545643731	1072102_05_s3_boss_03_subway_p02_n.bytes	10279	2072
11521214054120638982_880984323	1212103_06_s3_01_ariusstreet_p01_n.bytes	9890	2304
11521411475889563454_329287669	8292307_01_s3_02_snowmountain_p02_d.bytes	6196	1183
11521560617378535688_792703523	1162103_01_s2_02_excavation_p02_n.bytes	8446	1945
1152828205389230465_3662632603	1201101_03_s2_03_buildinghallway_p01_d.bytes	7126	1366
11528975711697524017_1279116560	7011310_01_s3_boss_01_floodruins_p02_d.bytes	15658	2424
11529366719456056535_399730439	8532312_01_sb_01_hyakkiyakostreet_p02_n.bytes	6227	1231
11534009940070302683_3031384730	8242304_01_s3_sb_01_highway_p01_d.bytes	7451	1500
11534099714911040123_1450422015	1161104_05_s3_02_riverside_p02_d.bytes	7045	1487
11538654374885799645_1252420324	208306_raid_goz_indoor_insane.bytes	12745	1394
11539770104791726504_2553486828	1051102_02_s3_02_deserttrack_p01_d.bytes	9984	1860
11540925388243301606_3193119682	test_01_resort_p01_many.bytes	5963	1305
11544302864454108196_3598535610	6052101_eliminateraid_kaitengerraid_outdoor_light_normal.bytes	5875	1584
11546382286323638913_4100470784	1141103_03_s3_03_ruinedschool_p02_d.bytes	9230	1843
11547019675883671046_3600326453	8102302_01_s3_01_destroyedhighway_p01_d.bytes	9066	1831
11547311708945709086_1720051029	1171103_03_s3_03_insidecruiseship_p01_d.bytes	6415	1414
11549606665323048733_1432315598	8062108_02_s3_02_beach_01_d_p01.bytes	9564	2012
11552019239760458494_2975453308	1081103_04_s3_boss_03_underground_p01_d.bytes	10775	2046
11552257575962217766_1341691703	8062102_03_s3_02_beach_01_d_p01.bytes	9392	2004
11556860763100979839_1850761828	6073103_eliminateraid_hod_indoor_light_veryhard.bytes	7141	2151
11564022856278282052_950164761	8512312_01_sb_01_park_p02_n.bytes	6151	1262
11564620582626155736_2553323057	sb_03_abandonedtunnel_p02_d_nodelayer.bytes	34984	230
11566882364342693587_623631403	1231101_01_s3_03_oldmansion_p01_d.bytes	7587	1659
11568275514357022679_1730791379	1072101_03_s3_03_school_p02_n.bytes	10008	2029
11568364096340505065_2608080570	8592307_01_sb_02_rainforest_p02_n.bytes	7214	1293
11569639071212525195_3978099860	1301103_03_s3_sb_01_wildhuntstreet_p01_d.bytes	4706	1011
11574737560210995675_4262550454	rb_01_en0021_p01_d.bytes	2780076	718018
11576159817250432572_3760229617	sb_01_hyakkiyakomoviestreet_p02_d_nodelayer.bytes	25084	191
11579560884219455168_2157793892	8133104_07_s3_boss_01_hyakkiyakomoviestreet_p01_n.bytes	7283	1398
11582266347503440037_130471452	6041205_eliminateraid_hieronymus_street_heavyarmor_extreme_start2phase.bytes	1986	760
11584206218426973126_1469595990	1211104_03_s3_01_destroyedstreet_p01_d.bytes	7885	1515
11584527506109060062_2302060110	401000209_04_s3_boss03_chesed_p01_d.bytes	8660	1240
1158895503538363269_856447101	1211103_02_s3_01_ariusstreet_p01_d.bytes	7594	1511
11592081623755502909_255362545	9997_overtest02.bytes	4406	1274
11593093574813676319_1975789312	8434307_01_03_engineerlab_p01_d.bytes	5691	1040
11594869514811466950_3383449860	6073401_eliminateraid_hod_indoor_elastic_normal.bytes	7141	2152
11597003140110248051_1080716198	1162103_02_s3_02_excavation_p02_n.bytes	9576	2091
11600810208484183090_2192178003	1051105_04_s3_boss_02_excavation_p01_d.bytes	11982	2371
11601078962546153209_1678643316	1081103_02_s3_03_underground_p01_d.bytes	10485	1981
1160420234037040830_414597877	400040110_s3_03_ruinedschool_p01_d.bytes	8320	1662
11607270833235487503_115649357	202302_raid_chesed_indoor_hard.bytes	13619	1752
11607644987515350804_4212518220	1301102_01_s3_sb_01_wildhuntstreet_p02_d.bytes	5867	1332
11608483812521985915_903198059	201207_raid_binah_outdoor_torment_start3phase.bytes	1820	730
11617063578458624994_2613476409	6011103_eliminateraid_binah_street_light_veryhard_start2phase.bytes	2647	1014
11625136045180655526_4001808650	db_02_beachstage_03_nodelayer.bytes	13248	113
11625765637584992449_2824593586	1061208_01_s3_02_snowmountain_p02_d.bytes	5928	1022
1162617558023778657_4155354957	1191105_02_s3_02_snowmountain_p02_d.bytes	6845	1356
11627072369264647264_454336650	9303_000_01_stadium_p01_d_01.bytes	4117	1135
1163013864345323163_1087461992	sb_01_highway_p01_d_s_nodelayer.bytes	19664	353
11635868125073049650_834389649	sb_02_riverside_p01_d.bytes	1298356	414610
1163592495752103479_4052412936	8041305_01_s3_boss_02_beach_p01_d.bytes	7140	1630
11636681937962516765_2066080086	81532111_s2_01_shanhaijingstreet_p02_d.bytes	9279	1947
11637090423052603550_3068625945	en0006_eliminate_unarmed_hard_2phase.bytes	2545	882
11638020214968633337_2106951939	8252310_01_s3_boss_03_oldmansion_p02_n.bytes	8075	1646
11641090046447262311_2540714651	1141104_03_s3_03_ruinedschool_p02_d.bytes	9398	1856
11645071020636702612_2460920264	6041401_eliminateraid_hieronymus_street_elasticarmor_normal_start2phase.bytes	1985	762
11645452847287456557_3833012406	6062302_eliminateraid_perorozilla_outdoor_unarmed_hard.bytes	9531	1301
11646419643871078319_292484704	8193104_01_s3_01_highway_p01_d_s.bytes	7371	1495
11647862771160820114_2940925509	6011204_eliminateraid_binah_street_heavy_hardcore_start2phase.bytes	2647	1014
11650521443269124822_2149323015	251301_worldraid_wakamoswimsuit_indoor_a.bytes	1575	593
11653000539042577062_3920844720	8263104_03_s3_01_shanhaijingstreet_p01_n.bytes	8162	1776
11653841097440349430_3450748484	30309_s3_boss_03_school_p01_d.bytes	26419	3524
11656316859252324453_923760779	822311210_s2_02_52201_p01_d.bytes	9393	1816
11656667671561363419_3416854114	8436301_01_01_park_p02_d.bytes	975	516
11659302124108455951_95687546	8133102_06_s3_boss_01_hyakkiyakomoviestreet_p02_n.bytes	7351	1397
11663392175338101395_1374584620	8352311_01_s3_hyakkiyakomatsuri_p01_d.bytes	12248	2196
11667825395140243309_3225000184	201106_raid_binah_street_insane_start2phase.bytes	2634	1000
11668766422767308962_3273402981	400010106_s3_02_desertcity_p02_d.bytes	7554	1897
11670796001776225065_4132108973	1201103_06_s3_boss_03_buildinghallway_p01_d.bytes	7895	1426
11671119802080350331_1736525024	6062202_eliminateraid_perorozilla_outdoor_heavy_hard.bytes	9609	1303
11671160221906301728_670780140	8373302_01_s3_03_insidecruiseship_p01_d.bytes	3243	737
11676191697244360016_3220085211	400030307_s3_01_destroyedstreet_p01_d.bytes	5885	1168
11678247166320371483_2385131269	208302_raid_goz_indoor_hard.bytes	12536	1384
11680358121489485638_1373785281	203105_raid_shirokuro_street_extreme.bytes	2112	745
11680689083167456860_2435708503	8583302_01_sb_02_harbor_p01_d.bytes	2142	684
11681486308715383024_2732605499	6041407_eliminateraid_hieronymus_street_elasticarmor_torment.bytes	4281	1297
11689276307458813417_693645944	8083301_01_s3_boss_02_hotsprings_p01_n.bytes	6393	1460
11696666882936873685_4129554722	8012304_01_s3_boss_sb_01_hyakkiyakostreet_p01_n.bytes	10344	1954
1169762049889806916_779452412	en0006_eliminate_unarmed_hard.bytes	3727	1021
11698431301906786111_3262014127	1122101_03_s2_03_underground_p02_n.bytes	10212	2025
11704685280973232976_1094780996	8192308_01_s3_01_gehennaslum_p02_d.bytes	11951	2495
11705720963271679710_2251989692	1271102_04_s3_sb_02_trainroof_p01_d_nosidetrain.bytes	5708	1134
11707863391004690937_418618580	8211302_event821_chesed_indoor_hardcore.bytes	18642	2532
11710951931001083598_2635901019	en0010_eliminate_elasticarmor_hardcore_2phase.bytes	953	456
1171101106756842463_2903790698	sb_02_galleon_p01_d_nodelayer.bytes	29572	299
11711530129274725494_613616816	8161307_01_s3_01_backstreet_p01_n.bytes	11066	2374
11716762229072493605_2859329524	8202310_01_s3_boss_02_excavation_p01_n.bytes	11593	2261
11722205627159885530_905198032	en0013_hard_3phase.bytes	1152	521
11725079881986973573_3465614948	8103102_02_s3_01_destroyedhighway_p01_n.bytes	6880	1413
11725194683338361343_2867023372	8161301_01_s3_01_mainstreet_p01_d.bytes	10461	2045
11727860292021393336_207358415	1172103_02_s3_03_insidecruiseship_p02_n.bytes	6825	1387
1172883392062272561_3589627724	combattest_dtest10_nodelayer.bytes	29572	181
11729046821661626059_3632542866	6102202_eliminateraid_hovercraft_outdoor_heavyarmor_hard_start2phase.bytes	1538	629
11730303800201493072_2833122844	257106_worldraid_hod_street_insane_start2phase.bytes	5612	1632
11730811365928306032_428439537	6011207_eliminateraid_binah_street_heavy_torment.bytes	5017	1626
11732941465971155014_739744449	8201310_01_s3_01_market_p01_d.bytes	11848	2260
11733291782152704483_1505704976	1042101_03_s3_boss_02_riverside_p01_n.bytes	8067	1778
11733416835115892933_4257744775	207108_raid_hod_street_lunatic_start4phase.bytes	1135	516
1173393326820512753_327977804	401000206_02_s3_02_deserttrack_p01_e.bytes	2851	813
11735831312172474345_1642638790	8043204_01_s3_boss_02_beach_p01_n.bytes	9194	2038
11738861151935757434_2305267233	208202_raid_goz_outdoor_hard.bytes	13156	1424
11742984644218050134_1819142321	6022207_eliminateraid_chesed_outdoor_heavyarmor_torment_start2phase.bytes	823	383
11743739068614111198_1173483463	6031207_eliminateraid_shirokuro_street_heavy_torment.bytes	2139	755
11745588028450096529_715086088	test_spcial_emeney.bytes	5305	1087
11747386501059842900_4132557056	sb_02_harbor_p02_n.bytes	2479180	667823
1174857895811310792_2367950973	8183104_02_s3_02_playground_p02.bytes	7794	1354
11751012940537502034_1356479506	6071207_eliminateraid_hod_street_heavy_torment_start4phase.bytes	1145	526
11752409860998333434_138513268	9023_000_03_sportscenter_p01_04.bytes	9339	1204
11753545612918644864_1903722769	9110_000_02_playground_p01_02.bytes	1685	574
11754275082122227299_72451184	sb_01_riverpark_p01_d.bytes	1290456	372358
1175436273060493709_4258500353	9212_001_02_playground_p01_04.bytes	6626	1267
11757912864432185057_22805475	character_resource_test_14.bytes	3462	935
11759366657193285478_120497993	8032104_01_s3_02_beach_p01_d.bytes	8936	1860
11759463303993084275_2664594109	81533212_s2_02_beach_p01_d.bytes	6287	1362
11767588065146543165_756602753	1191103_01_s3_02_snowmountain_p01_d.bytes	9382	1919
11770462867403300362_3181581416	1182103_02_s3_01_ruins_p02_n.bytes	7157	1405
11771677920735951411_2646385985	destroyedstreet__p01_n_many_obstest.bytes	7614	1649
11777105196973946868_3976108519	7021328_01_s3_02_en0011_p01_d.bytes	16912	3726
11778663517151576405_3614678800	8162302_01_s3_01_backstreet_p01_d.bytes	7788	1557
1177931081105004861_2565676981	1271103_03_s3_sb_02_trainroof_p01_d_nosidetrain.bytes	5732	1105
11784388800639494245_2743132634	1221104_06_s3_boss_02_resort_p01_d.bytes	8422	1610
11785198604878920307_833787017	8123102_02_s3_sb_03_trinitychurch_p02_n.bytes	9071	1563
11790727269299146967_127435072	8373303_01_s3_03_insidecruiseship_p02_d.bytes	13306	2309
1179275978286895985_3249310314	en0006_eliminate_heavyarmor_insane.bytes	3761	1024
11792905080599006592_2976621872	204303_raid_hieronymus_indoor_veryhard_start2phase.bytes	2220	820
1179567933112947835_1679550439	1051104_02_s3_02_excavation_p01_d.bytes	9928	2049
11796689088232023148_2414036492	838450101_dc_02_beachstage_08.bytes	8991	1233
11801658275696523669_3434006108	202201_raid_chesed_outdoor_normal_start2phase.bytes	811	374
11807058270745601741_1676606047	8353302_01_s3_hyakkiyakomatsuri_p01_d.bytes	3210	1087
11812549281532966561_3056866713	6073403_eliminateraid_hod_indoor_elastic_veryhard_start2phase.bytes	5644	1621
11815374217582004306_1787894047	8062107_03_s3_02_beach_01_d_p01.bytes	9564	2020
11815605939316652188_4121095863	269101_en0015_enhanced_street_c.bytes	1618	676
11818582162176074454_1009055990	8432304_01_s3_01_milleniumskyscraper_p01_d.bytes	5432	1182
11819941449706419921_293318484	colourtimelinetest.bytes	2096	730
11821464571536174132_1062579275	1181208_01_s3_01_ruins_p01_d.bytes	8782	1784
11826097916336279645_1034275945	6023402_eliminateraid_chesed_indoor_elasticarmor_hard_start2phase.bytes	821	389
11826621514901650108_450476813	6071301_eliminateraid_hod_street_unarmed_normal_start2phase.bytes	5563	1626
11826876962189962568_1351322970	6041301_eliminateraid_hieronymus_street_unarmed_normal_start2phase.bytes	1980	759
11831365855269452760_3277583431	9100_000_01_stadium_p01_d_02.bytes	1685	573
11834600192247680239_3272291695	1161101_05_s3_boss_02_excavation_p02_d.bytes	6676	1473
11836691211326416680_3536758700	1031103_03_s3_boss_01_highway_p02_d.bytes	8295	1632
11836857506589585356_1249552030	8261307_01_s3_01_shanhaijingstreet_p02_n.bytes	7513	1576
11839921993773180713_101090279	1112103_04_s2_01_mainstreet_p02_n.bytes	5669	1204
11840881392874027710_4115259145	8043305_01_s3_boss_02_beach_p02_n.bytes	9333	1424
1184097089975476307_2029093005	6071203_eliminateraid_hod_street_heavy_veryhard_start2phase.bytes	5623	1629
11841668444159961953_1020927475	6023402_eliminateraid_chesed_indoor_elasticarmor_hard.bytes	14541	1777
11842262417319258037_1766895185	205102_raid_kaitengerraid_street_hard.bytes	4780	1425
11842562225759220069_4199475471	8011307_01_s3_sb_03_ruinedschool_p01_n.bytes	8289	1680
11845469449320832500_1337421172	1171105_02_s3_03_insidecruiseship_p02_d.bytes	6815	1382
11845714202193041427_838773271	6071306_eliminateraid_hod_street_unarmed_insane_start2phase.bytes	5569	1623
11846597123167942123_3044568301	sb_01_milleniumskyscraper_p01_n_nodelayer.bytes	24664	165
11849967629972767043_3140345003	6063303_eliminateraid_perorozilla_indoor_unarmed_veryhard.bytes	9490	1311
11856619219363148408_690255330	1012101_02_s3_boss_01_mainstreet_p02_n.bytes	7868	1608
11862578378112247978_4241053499	1041101_02_s1_02_riverside_p02_d.bytes	3974	1002
11865608415515038359_798552899	1091206_01_s3_01_park_p01_d.bytes	9267	1845
11865819080964322207_305414757	6052402_eliminateraid_kaitengerraid_outdoor_elasticarmor_hard.bytes	5875	1584
11866141811824908872_2118334183	1051204_01_s3_02_deserttrack_p02_d.bytes	10325	2005
11867573897350223226_2116997439	1031202_01_s3_01_backstreet_p01_d.bytes	8133	1751
11871058609621852374_1095753925	8082112_01_s2_02_hotsprings_p02_d.bytes	6738	1441
11871990771391240332_1452658025	sb_01_redwinterstreet_p01_n.bytes	1298356	347325
11873319234756018531_3066794988	1282101_05_s3_boss_sb_01_hyakkiyakostreet_p02_n.bytes	7669	1392
11874460373006342731_3649050931	8051301_01_s3_01_shanhaijingstreet_p01_d.bytes	10184	2060
11875909323467555890_641886237	6011403_eliminateraid_binah_street_elasticarmor_veryhard_start2phase.bytes	2649	1016
11877778509017018148_2377101756	202203_raid_chesed_outdoor_veryhard.bytes	14863	1910
11878451857178840719_1148319649	8253104_04_s3_boss_03_oldmansion_p02_n.bytes	7912	1612
11878603080521710550_1456037670	1051103_04_s3_boss_02_excavation_p01_d.bytes	10077	2072
1187933025431362809_17199443	1212103_07_s3_01_ariusstreet_p01_n.bytes	10395	2334
11879856379845040694_2121534769	205203_raid_kaitengerraid_outdoor_veryhard_start2phase.bytes	1816	703
11883614982023508237_1219082041	sb_03_gehennapartyhall_p02_d.bytes	1029840	255279
11883633303791836485_1347142499	sb_02_deserttrack_p01_e.bytes	1297680	376551
1188372639518965732_3934925151	1272103_03_s3_sb_02_trainroof_p01_n_nosidetrain.bytes	6332	1141
11883994045031550255_1681492939	sb_01_hyakkiyakostreet_p01_e.bytes	1989340	520871
11886013922492614523_1026638097	8022103_03_s3_boss_01_market_p01_d_s.bytes	10291	2019
11887612163015680570_3768607811	8033103_05_s2_02_beach_p02_d.bytes	8532	1825
11888279986836031593_1000200041	1241105_03_s3_sb_02_rainforest_p02_d.bytes	7425	1323
11890658597286047128_58473166	rb_03_hod_p01_insane_nodelayer.bytes	57508	538
11891202720103755394_2280891968	1121101_02_s3_03_subway_p02_d.bytes	10630	2112
11893304146333131180_1609011544	en0013_hard.bytes	3626	1110
1189519044054135897_1633483032	8612311_01_sb_02_harbor_p01_d.bytes	6686	1445
1190069921695314842_1033312971	1132103_03_s3_01_slumpia_p02_n.bytes	6907	1310
11902503903128570965_509799923	204102_raid_hieronymus_street_hard.bytes	4206	1230
1190408235768165797_2706400117	sb_03_gehennapartyhall_p01_d.bytes	1628828	405257
11904516161771471172_37737320	sb_02_hotsprings_p01_n_nodelayer.bytes	29572	228
11905745460918126243_105007678	8502305_01_sb_01_wildhuntstreet_p01_d.bytes	6960	1327
11907049526389882762_1431505333	8602311_01_sb_02_galleon_p01_d.bytes	6989	1391
11911495860804724640_3886249301	8093205_01_s3_02_newyearpath_p02_d.bytes	7689	1437
11917432588802458838_2414218023	8302303_01_s3_03_expresstrain_p01_d.bytes	15909	2252
11920776854028346745_1469393111	9203_000_01_stadium_p01_d_04.bytes	6886	1276
11921398356441446098_3356596463	1291104_04_s3_sb_02_cargostation_p02_d.bytes	7376	1714
11922739468025915505_466805780	1251101_05_s3_boss_sb_01_hyakkiyakomatsuri_p02_d.bytes	10851	2158
11924237589108315534_3416447530	1041201_01_s3_02_riverside_p01_d.bytes	8741	1764
11928557110317577760_3350137781	8281304_01_s3_02_trinityisland_p01_d.bytes	5266	1357
11930450697029037537_3670131598	6023306_eliminateraid_chesed_indoor_unarmed_insane_start2phase.bytes	818	385
11933279337121291709_3914615321	8452304_01_sb_01_stadium_p02_d.bytes	6629	1417
11935216800626664003_3206112251	206304_raid_perorozilla_indoor_hardcore.bytes	9458	1305
11935906237821566520_363401094	1081204_01_s3_03_munitionsfactory_p01_d.bytes	9327	1514
11942716820016709459_2009550085	6023406_eliminateraid_chesed_indoor_elasticarmor_insane.bytes	19413	1992
11943264619597680323_3635053051	6062103_eliminateraid_perorozilla_outdoor_light_veryhard.bytes	9613	1308
11944140351208912330_300181978	6022304_eliminateraid_chesed_outdoor_unarmed_hardcore_start2phase.bytes	821	391
11944658216681806724_4030449112	6041101_eliminateraid_hieronymus_street_lightarmor_normal.bytes	4285	1255
11946777006739376676_939891571	combattest_dtest01.bytes	1298356	340486
11947227937769057810_254559697	sb_03_buildinghallway_p01_d_nodelayer.bytes	24304	139
1194923284540609406_1698566685	8592311_01_sb_02_rainforest_p02_d.bytes	7138	1208
11955222685154287871_2672656293	1032101_02_s3_01_backstreet_p01_n.bytes	8992	1781
11955691569271470897_1852746717	6012405_eliminateraid_binah_outdoor_elasticarmor_extreme_start2phase.bytes	3650	1313
11957459726054930867_4090373747	8613304_01_sb_02_harbor_p02_n.bytes	1703	506
11963442054310964936_1054641243	8021101_02_s3_boss_01_redwinterstreet_p01_d.bytes	9642	1759
1197008104071258534_1752666839	1111104_02_s3_01_mainstreet_p01_d.bytes	6578	1325
11970217027065014053_4273328762	81531111_s2_01_shanhaijingstreet_p01_d.bytes	7203	1551
11970895381736276483_218610056	8163104_05_s3_01_mainstreet_p02_d.bytes	10611	1954
11976731517985299331_1678532800	8292303_01_s3_02_snowmountain_p02_d.bytes	6025	1169
11979885110757357695_145734951	sb_01_floodedruins_p01_d.bytes	1234028	308594
11982930896894309655_839305749	8322308_01_02_forestriver_p01_n.bytes	8402	1703
11984448310230036390_3392326741	additionalui_public_test.bytes	2879	752
11995384980908150258_3686105577	combattest_dtest04_nodelayer.bytes	28780	196
11996175829812478771_3783583080	6011203_eliminateraid_binah_street_heavy_veryhard_start2phase.bytes	2647	1014
11996909615510849602_3155695218	sb_01_redwinterstreet_p01_n_nodelayer.bytes	29572	195
11997938847227177590_880338015	1281101_02_s3_sb_01_hyakkiyakostreet_p01_d.bytes	7258	1436
11998221265923154519_3042261014	8173102_04_s3_sb_03_sportscenter_p01.bytes	7223	1315
12000652435753311574_2794073607	groundnodetest.bytes	14852	1908
1200072698249703622_3352581536	en0010_torment_2phase.bytes	940	450
12001769774809022368_1651814573	1021102_03_s3_boss_01_mainstreet_p01_d.bytes	9486	1979
12004620886947790749_193781932	1212101_02_s3_01_ariusstreet_p01_n.bytes	7434	1522
12004960668930591046_3723739125	1222101_02_s3_02_resort_p01_n.bytes	7471	1440
12012953763622733370_1054905576	6071201_eliminateraid_hod_street_heavy_normal_start2phase.bytes	5599	1629
12014308628680551532_3334585060	204307_raid_hieronymus_indoor_torment_start2phase.bytes	2156	794
12015776494411536089_37569447	6033202_eliminateraid_shirokuro_indoor_heavy_hard_start2phase.bytes	899	448
1202245916813118647_1515064356	6012203_eliminateraid_binah_outdoor_heavy_veryhard_start3phase.bytes	1832	745
1202423424236426500_3837612897	8282306_01_s3_02_trinityisland_p01_d.bytes	6141	1255
12025294907310546459_910021948	sb_02_resort_p02_d.bytes	1291412	343622
12026007339694427763_188230793	en0006_eliminate_lightarmor_veryhard_2phase.bytes	2566	889
12027259743966496799_3452485658	203102_raid_shirokuro_street_hard.bytes	2106	739
12030756492519898207_1233303625	1252103_06_s3_sb_01_destroyhyakkiyakomatsuri_p01_n.bytes	8769	1736
12030934718981136901_4253633803	1131103_04_s3_01_slumpia_p01_d.bytes	8649	1449
12031436854466811062_2295342806	1071105_02_s2_03_subway_p02_d.bytes	9520	1977
1203411487417416550_2104137218	1092101_01_s1_01_market_p01_n.bytes	8699	1889
12036565767209900532_359763600	8612308_01_sb_02_harbor_p01_n.bytes	6052	1297
12037119027977465962_2235596289	8012305_01_s3_boss_sb_01_hyakkiyakostreet_p01_n.bytes	8752	1691
1203746610171481072_3128925795	en0011_test.bytes	14669	3466
12043236504881639145_2607720191	30306_s3_boss_03_school_p01_d.bytes	21455	3335
12046778969382399442_3234416853	6102407_eliminateraid_hovercraft_outdoor_elasticarmor_torment.bytes	2882	1035
12047096275870482177_1709133566	256301_worldraid_chesed_indoor_normal.bytes	13599	1732
12047200219852471229_1081085622	8512304_01_sb_01_park_p01_d.bytes	5269	1132
12050888695456491447_1523239298	9969_frozenseatestlevel.bytes	368	185
12053892490566093743_192110864	207101_raid_hod_street_normal_start4phase.bytes	1135	519
12054279467651698704_174684969	8163104_01_s3_01_mainstreet_p01_d.bytes	7439	1467
1205486152899722636_362286378	6071401_eliminateraid_hod_street_elastic_normal_start2phase.bytes	5623	1629
12056518121995384493_637278659	rb_01_en0020_p01_d.bytes	2473836	654684
12056688516613450830_2290347440	sb_03_trinitychurch_p01_n_scenario.bytes	754400	209896
12057231224931366377_3439052660	sb_02_trainroof_p01_n_nosidetrain.bytes	1604792	398792
12057969710556663511_3001541793	207106_raid_hod_street_insane_start4phase.bytes	1134	515
12063681997671357009_151897088	6083102_eliminateraid_goz_indoor_light_hard.bytes	12691	1403
12071307364626900876_275152738	8522302_01_sb_03_school_p02_d.bytes	5264	1205
12071686157319313071_3173897372	7011303_01_s3_boss_02_excavation_p02_n.bytes	13331	2037
12075698904131432191_1738442809	sb_02_beach_p01_d.bytes	1298136	345991
12084156061287607356_1303621116	sb_02_rainforest_p01_d_nodelayer.bytes	29572	151
12086735226505400114_3427703910	1181205_01_s3_01_ruins_p01_d.bytes	8449	1773
12088117197834408964_3581605806	8131307_01_s3_01_hyakkiyakostreet_p01_d.bytes	9708	1800
12092341439334584698_3149783477	204301_raid_hieronymus_indoor_normal_start2phase.bytes	2218	818
12093593748813445066_4264883434	sb_01_milleniumskyscraper_p01_n.bytes	1084212	284069
12102599934979779313_445055417	6012203_eliminateraid_binah_outdoor_heavy_veryhard.bytes	6971	2207
12103308230479759725_2297895894	82241121_s2_03_52302_p01_d.bytes	9227	1809
12105499579935636809_627618106	207305_raid_hod_indoor_extreme_start4phase.bytes	1134	515
12109448567024962160_2931910787	6012304_eliminateraid_binah_outdoor_unarmed_hardcore_start3phase.bytes	1829	744
1211063637324902267_2107312436	6102305_eliminateraid_hovercraft_outdoor_unarmed_extreme.bytes	2874	1050
12114950433081071844_3407120510	6062303_eliminateraid_perorozilla_outdoor_unarmed_veryhard_start2phase.bytes	9541	1317
12115754779281466107_2142879233	8183104_07_s3_02_playground_p02.bytes	7505	1355
12117726698548875459_2210932625	1291105_06_s3_sb_02_cargostation_p01_d.bytes	6695	1550
12119490376985299871_2041600414	9022_000_03_sportscenter_p01_01.bytes	9179	1198
12120402569580785272_3871143863	6102401_eliminateraid_hovercraft_outdoor_elasticarmor_normal.bytes	2880	1040
1212171977868198148_679412987	sb_02_trainroof_p01_n_nodelayer.bytes	45704	281
12126702003514760531_3822935605	1042101_01_s1_02_riverside_p01_n.bytes	4160	1038
12127123095389570569_2000686773	6023105_eliminateraid_chesed_indoor_lightarmor_extreme.bytes	14612	1780
12130921886016177866_873863393	1221104_03_s3_02_resort_p02_d.bytes	8287	1531
12131193930449935133_73578367	8132302_01_s3_01_hyakkiyakomoviestreet_p01_d.bytes	7539	1417
12134988088065623756_3981191945	6012107_eliminateraid_binah_outdoor_light_torment_start2phase.bytes	3648	1311
12136369337773320153_1051527382	en0008_thirdsection.bytes	4148	1167
12138013165230232460_591827023	8023101_06_s3_02_snowmountain_p02_d.bytes	9243	1753
121388048312700193_4216612553	1171103_02_s3_03_insidecruiseship_p01_d.bytes	6601	1408
12138877150066937200_2338552057	1041104_01_s2_02_desertcity_p01_d.bytes	7602	1605
12138944103999881436_2576029223	sb_03_underground_p02_d.bytes	937864	245627
12142274808655732478_3876809765	8063203_01_s3_03_insidecruiseship_p02_n.bytes	9941	1937
1214255888686423718_3187557670	82241131_s2_boss_03_52301_p01_d.bytes	4607	1079
12142885050178627990_643092097	9120_000_03_sportscenter_p01_03.bytes	1685	574
12146971679349750586_3294889026	9010_000_02_playground_p01_03.bytes	9262	1228
12147588911548257459_4261573026	8312310_01_s3_boss_03_underground_p02_n.bytes	7254	1425
12148153360428370724_3988079447	sb_02_snowmountain_p01_d.bytes	1298356	347704
12149854809172418469_3327680487	1261102_01_s3_sb_03_trinitychurch_p01_d.bytes	6079	1273
12153437844385088994_523164796	1131104_02_s2_01_slumpia_p02_d.bytes	5844	1169
12154296625999044216_4182685963	sb_03_tatamiroom_p01_d_nodelayer.bytes	28256	397
12158320109158491640_2651979408	6073201_eliminateraid_hod_indoor_heavy_normal_start4phase.bytes	1144	524
12158380995867002778_1222615709	8122302_01_s3_sb_03_trinitychurch_p02_d.bytes	8694	1551
12159808932538306262_3292314262	1221104_02_s3_02_resort_p01_d.bytes	7471	1440
12161667085320214383_344199950	6073101_eliminateraid_hod_indoor_light_normal_start2phase.bytes	5596	1616
1216474641671781999_1898411269	207302_raid_hod_indoor_hard_start3phase.bytes	1535	664
12164927925503857695_4107209406	sb_01_mainstreet_p02_d_nodelayer.bytes	29572	522
12166278774684851282_3454214417	8482303_01_sb_01_park_p02_d.bytes	9632	1975
1216665774564001196_3453953232	60303_s1_boss_03_buildinghallway_p01_d.bytes	4804	1247
12167940984291445233_3307700120	1031102_01_s1_01_backstreet_p01_d.bytes	4118	978
12168718835317327544_2590095025	8312311_01_s3_boss_01_mainstreet_p02_n.bytes	10006	1949
12171537789847793374_3068039119	1111104_04_s3_01_mainstreet_p02_d.bytes	5644	999
1217277758790723657_4149359645	8522304_01_sb_03_trinitychurch_p02_d.bytes	6519	1192
12177511375816687813_2943557763	sportcenter_crowdtest_camera1.bytes	1982	572
12179277443595988969_1334795103	8434301_01_01_park_p02_d.bytes	3003	990
12180251306051446315_836139810	269101_en0015_street_a.bytes	1609	668
12180678557531560861_3636051087	1252103_01_s3_sb_01_destroyhyakkiyakomatsuri_p02_n.bytes	6587	1340
12181680027011141918_6213018	6071304_eliminateraid_hod_street_unarmed_hardcore_start2phase.bytes	5587	1628
12182109722335347131_3553537166	8372308_01_s3_02_resort_p02_d.bytes	7708	1440
12182880624130756656_765945683	1251102_04_s3_sb_01_hyakkiyakomatsuri_p01_d.bytes	12145	2354
12184337138466102998_1395714120	8011303_01_s3_sb_01_hyakkiyakostreet_p02_d.bytes	9311	1747
12185583077448679237_3256656646	8143102_04_s3_02_rainforest_p01_n.bytes	6992	1255
12191002987911330440_1902535787	8093104_02_s2_02_newyearpath_p01_n.bytes	8745	1840
12192603910776451407_3944844944	1021104_03_s3_boss_01_market_p01_d.bytes	9806	1815
12195047814304543043_3120999687	combattest_dtest03_nodelayer.bytes	29572	192
1219928033924835579_3286690402	30209_s3_boss_02_deserttrack_p01_d.bytes	23144	3398
12201261895304793076_3690159222	1161105_06_s3_boss_02_excavation_p02_d.bytes	6893	1486
12207638774224056294_2957724887	8282301_01_s3_02_trinityisland_p01_d.bytes	7990	1616
12211899666880302298_2139232319	rb_02_en0013_p01_d.bytes	2386120	633779
12215205627027518581_1337385353	8263102_01_s3_01_shanhaijingstreet_p01_n.bytes	8162	1776
12215431133443003664_1441445870	6063304_eliminateraid_perorozilla_indoor_unarmed_hardcore.bytes	9490	1311
12216114579449327163_2237158667	81523212_s2_03_insidecruiseship_p02_d.bytes	5982	1285
12216545656971022479_1958429471	1222103_08_s3_boss_02_resort_p01_n.bytes	8422	1662
12220607581261850580_3817000013	1152101_04_s3_boss_01_redwinterstreet_p01_n.bytes	10044	1822
12230655041536688784_1336374986	sb_03_52302_p01_d_nodelayer.bytes	33520	174
12231606285732166739_2403817718	rb_03_perorozilla_p01_d.bytes	1597516	412467
12232645458967379850_26485612	sb_02_newyearpath_p01_n_nodelayer.bytes	28868	202
12233614075264418278_1864108401	1181103_04_s1_01_ruins_p01_d.bytes	6552	1556
12233633497196763266_1322335604	6082307_eliminateraid_goz_outdoor_unarmed_torment.bytes	13366	1445
12236137723174469442_3803374334	1261103_06_s3_boss_sb_03_trinitychurch_p01_d.bytes	6573	1292
12251441472072273702_2981328036	8422310_01_s3_01_milleniumskyscraper_p01_d.bytes	7898	1485
1225353496140551605_957156093	1271102_02_s3_sb_02_trainroof_p01_d_nosidetrain.bytes	5832	1115
12254732319022575334_3681579739	6033102_eliminateraid_shirokuro_indoor_light_hard.bytes	2138	743
12258879250092114802_3093454614	sb_01_hyakkiyakomoviestreet_p02_n.bytes	1100460	293632
12260190479956374335_1660206890	combattest_dtest02_nodelayer.bytes	29572	177
12280182122056420028_2726796988	6052304_eliminateraid_kaitengerraid_outdoor_unarmed_hardcore.bytes	5868	1582
12281087293620452728_925566435	1231102_02_s3_03_oldmansion_p01_d.bytes	7587	1648
1228240295890769624_1091461392	8083303_01_s3_boss_02_hotsprings_p02_n.bytes	7662	1404
12282414319270940258_886798449	1182101_01_s3_01_ruins_p01_n.bytes	6799	1314
12285502333633077316_4039592261	6033303_eliminateraid_shirokuro_indoor_unarmed_veryhard_start2phase.bytes	900	452
12286582752774263678_348631952	sb_02_frozensea_p01_d.bytes	1840920	478677
12290022763006358240_566405376	257105_worldraid_hod_street_extreme_start3phase.bytes	1558	668
12290104400978369673_4063239547	8062101_03_s3_boss_02_beach_01_d_p01.bytes	9377	1960
12291767923039592856_3861898756	1292103_07_s3_boss_sb_02_cargostation_p01_n.bytes	6111	1483
12300751329226873380_1083351696	6071207_eliminateraid_hod_street_heavy_torment_start3phase.bytes	1577	678
12301080747731874820_1404907652	6083307_eliminateraid_goz_indoor_unarmed_torment_start2phase.bytes	751	343
1230118178838205994_177119066	1061103_04_s3_boss_02_snowmountain_p01_d.bytes	7433	1349
12304179761714205286_2740664834	combattest_hod01_nodelayer.bytes	26188	524
12309645277970774450_1671260752	1211101_05_s3_boss_01_ariusstreet_p01_d.bytes	10011	2372
12316252160307412018_95829168	30409_s3_boss_03_destroyedhighway_p01_n.bytes	9130	2208
12317601784342125356_4277608725	6073102_eliminateraid_hod_indoor_light_hard_start2phase.bytes	5572	1617
12325850460411462484_2330760787	6093201_eliminateraid_en0005_indoor_heavyarmor_normal.bytes	9351	1653
12329488525238460769_692919809	sb_03_munitionsfactory_p01_n.bytes	1298356	348955
1233345094734709570_214302027	400010317_s3_01_highway_p01_d.bytes	4896	1307
12334139435088573029_788904805	1282102_06_s3_sb_01_hyakkiyakostreet_p01_n.bytes	7545	1404
1233648311724875653_3423766086	sb_03_oldmansion_p02_n.bytes	1150288	305236
12336529167983649132_2874953345	1161101_03_s3_02_excavation_p02_d.bytes	6516	1419
12339803523810987537_2172246163	8463302_01_sb_02_cargostation_p01_d.bytes	2931	855
12341057862432696277_1955575319	82211111_s2_03_52301_p01_d.bytes	8401	1781
12346120969028498253_1661213752	8502306_01_sb_01_wildhuntstreet_p01_d.bytes	6789	1320
12348005739456793212_3963464378	6031204_eliminateraid_shirokuro_street_heavy_hardcore.bytes	2134	751
12348613628582678151_3361183904	32111_s3_boss_03_sweeperfactory_p01_d.bytes	10405	1670
12348852781465500426_4073303556	8093204_01_s3_02_newyearpath_p02_n.bytes	7840	1500
12351401274279080705_3484612236	6012401_eliminateraid_binah_outdoor_elasticarmor_normal_start3phase.bytes	1832	745
12352549979355112774_3373536016	6041204_eliminateraid_hieronymus_street_heavyarmor_hardcore_start2phase.bytes	1989	760
12352792189003675757_2727669702	wavedelaytest.bytes	10405	1681
12354723188958740053_732949144	8062104_02_s3_02_beach_01_d_p01.bytes	9393	2006
12355989704766873981_4050917427	30507_s3_boss_03_oldmansion_p01_n.bytes	11766	2262
12356933301096200316_54537227	81522131_s1_boss_02_desertisland_p02_d.bytes	6228	1378
12362015181127809859_280464882	9001_000_01_stadium_p01_d_01.bytes	9019	1223
12371704887098729202_2701466872	8123102_03_s3_sb_03_trinitychurch_p01_n.bytes	9263	1637
1237270345951702894_1535939487	1192102_07_s3_boss_02_snowmountain_p01_n.bytes	7397	1411
12373268442280062040_1099540930	sb_03_insidecruiseship_p01_d.bytes	1298332	357052
12382167942321895123_3708210232	31111_s1_boss_01_slumpia_p01_n.bytes	1972	609
12382256255527216388_1034307963	1121105_05_s3_03_underground_p02_d.bytes	11345	2139
123850224951659713_619885655	6051407_eliminateraid_kaitengerraid_street_elasticarmor_torment_start2phase.bytes	1453	653
12392125518084840670_3068108486	8062103_02_s3_02_beach_01_d_p02.bytes	6926	1501
1239294575235391615_4142876891	260204_worldraid_binah_outdoor_d.bytes	4206	1529
12398443074364461793_2242563077	6062302_eliminateraid_perorozilla_outdoor_unarmed_hard_start3phase.bytes	9543	1308
12401166415104343210_2305959287	266205_worldraid_en0009_outdoor_d.bytes	5627	1327
12404423554297642256_4294778085	6071102_eliminateraid_hod_street_light_hard_start3phase.bytes	1569	671
12404892593547304702_1779581674	1181105_05_s3_01_ruins_p01_d.bytes	8781	1800
12404926028970688303_3531278947	9113_000_02_playground_p01_03.bytes	1691	575
12406373191841364826_3153346350	1192103_06_s3_02_snowmountain_p02_n.bytes	6758	1324
12409904878965389022_4115389885	203101_raid_shirokuro_street_normal.bytes	2110	743
12411268128607246321_565791165	8332309_01_03_gehennapartyhall_p01_d.bytes	6139	1432
12411776773134429267_2350854962	1051102_03_s3_boss_02_deserttrack_p02_d.bytes	10559	2033
1241638628879977510_900942878	257102_worldraid_hod_street_hard.bytes	7057	2140
12419017488918562642_164783355	1171207_01_s3_03_insidecruiseship_p01_d.bytes	9192	1844
12435057285147482299_3933958049	400030415_s3_01_ariusstreet_p01_n.bytes	1984	786
12439075838847217436_3117798175	6073203_eliminateraid_hod_indoor_heavy_veryhard_start4phase.bytes	1146	526
1244119884916698279_2493716765	8211303_event821_shirokuro_street_hardcore_start2phase.bytes	1570	632
12443913435245339820_2239874380	1161104_01_s3_02_riverside_p01_d.bytes	10725	2157
12448001529093438812_3665598356	sb_03_ruinedschoolpianoroom_p02_d.bytes	1411032	373024
12451824224205865876_4264578200	400040223_s3_02_deserttrack_p01_d.bytes	10173	2007
12453497121722777312_768616395	sb_02_desertcity_p01_e_nodelayer.bytes	29572	321
12457734420338747770_272374821	6011406_eliminateraid_binah_street_elasticarmor_insane_start2phase.bytes	2647	1014
12458575986149520508_1583208930	6083202_eliminateraid_goz_indoor_heavy_hard.bytes	12691	1405
1246092204075469760_720767535	1291104_03_s3_sb_02_cargostation_p01_d.bytes	6966	1593
12461555609223172888_3062826727	6082204_eliminateraid_goz_outdoor_heavy_hardcore_start2phase.bytes	833	374
1246644832458118580_1091393399	1301105_05_s3_sb_01_wildhuntstreet_p02_d.bytes	6238	1331
12467114863188226644_4103312890	400050102_s3_01_hyakkiyakomatsuri_p01_d.bytes	11945	2376
12468945550371016699_907834601	6063205_eliminateraid_perorozilla_indoor_heavy_extreme_start3phase.bytes	9579	1321
12470702805289741586_4038069748	8031104_02_s3_02_beach_p02_d.bytes	9245	1896
12472132648728694979_2885792237	8083104_04_s3_02_hotsprings_p01_n.bytes	7420	1553
12472993021117938014_3661581833	sb_01_slumpia_p01_d_nodelayer.bytes	45092	325
1247674877209007605_1865679776	8103203_01_s3_01_destroyedhighway_p01_n.bytes	7480	1466
12477493063368606120_1447516162	8053202_01_s3_boss_01_shanhaijingstreet_p01_n.bytes	10343	2093
12478140632651567561_3327473395	combattest_goz01_nodelayer.bytes	66200	297
12478369206583787499_1002349799	sb_02_newyearpath_p02_d_nodelayer.bytes	29572	163
12478936438010851834_4172722046	aris_original.bytes	1228	633
12478936438010851834_4172722046	asuna_original.bytes	1016	617
12478936438010851834_4172722046	ch0101.bytes	1532	710
12478936438010851834_4172722046	ch0107.bytes	2364	1339
12478936438010851834_4172722046	ch0113.bytes	2068	1135
12478936438010851834_4172722046	ch0152.bytes	840	503
12478936438010851834_4172722046	ch0171_enemy.bytes	928	420
12478936438010851834_4172722046	ch0173_enemy.bytes	604	320
12478936438010851834_4172722046	ch0184.bytes	868	460
12478936438010851834_4172722046	ch0187.bytes	2256	1072
12478936438010851834_4172722046	ch0200.bytes	1160	555
12478936438010851834_4172722046	ch0205.bytes	864	411
12478936438010851834_4172722046	ch0211.bytes	1076	556
12478936438010851834_4172722046	ch0238.bytes	1700	755
12478936438010851834_4172722046	ch0244_enemy.bytes	2408	1296
12478936438010851834_4172722046	ch0245.bytes	696	397
12478936438010851834_4172722046	ch0258_02.bytes	912	507
12478936438010851834_4172722046	ch0260.bytes	732	413
12478936438010851834_4172722046	ch0264.bytes	2432	1215
12478936438010851834_4172722046	ch0275.bytes	840	503
12478936438010851834_4172722046	ch0280.bytes	2708	1073
12478936438010851834_4172722046	ch0288.bytes	1756	720
12478936438010851834_4172722046	ch0297.bytes	1316	676
12478936438010851834_4172722046	ch0304.bytes	1872	939
12478936438010851834_4172722046	ch0355_02.bytes	5320	1316
12478936438010851834_4172722046	deds_atrahasisark_guard.bytes	2012	959
12478936438010851834_4172722046	goz_original.bytes	2532	764
12478936438010851834_4172722046	goz_original_insane.bytes	2532	764
12478936438010851834_4172722046	haruka_original.bytes	3056	1521
12478936438010851834_4172722046	hoshino_original.bytes	2404	1199
12478936438010851834_4172722046	hovercraft_original.bytes	7484	4296
12478936438010851834_4172722046	hovercraft_original_insane.bytes	7484	4296
12478936438010851834_4172722046	iori_original.bytes	2352	1255
12478936438010851834_4172722046	izuna_original.bytes	1240	547
12478936438010851834_4172722046	kaitenranger_black_hg_insane.bytes	7440	1765
12478936438010851834_4172722046	kaitenranger_green_hmg_insane.bytes	7448	1793
12478936438010851834_4172722046	kaitenranger_pink_rl_insane.bytes	7440	1691
12478936438010851834_4172722046	kaitenranger_red_ar_insane.bytes	7440	1764
12478936438010851834_4172722046	kaitenranger_yellow_sr_insane.bytes	7448	1794
12478936438010851834_4172722046	kaito_trinity_hg.bytes	3064	1157
12478936438010851834_4172722046	kazusa_original.bytes	736	457
12478936438010851834_4172722046	komakaze_helmet_sg.bytes	1212	655
12478936438010851834_4172722046	ladiesboss_biker_ar.bytes	5680	3179
12478936438010851834_4172722046	ladies_biker_ar.bytes	912	539
12478936438010851834_4172722046	ladies_biker_mg.bytes	780	463
12478936438010851834_4172722046	ladies_biker_sg.bytes	2456	1279
12478936438010851834_4172722046	marina_original.bytes	3040	1130
12478936438010851834_4172722046	perorozilla_colour_peroro_middlesize.bytes	58232	9748
12478936438010851834_4172722046	perorozilla_colour_peroro_middlesize_insane.bytes	14648	3371
12478936438010851834_4172722046	perorozilla_peroro_middlesize.bytes	58232	9748
12478936438010851834_4172722046	perorozilla_peroro_middlesize_insane.bytes	14648	3371
12478936438010851834_4172722046	prefectbrigade_wildhunt_sr.bytes	1736	848
12478936438010851834_4172722046	saori_original.bytes	1596	909
12478936438010851834_4172722046	shiro_colour.bytes	1792	910
12478936438010851834_4172722046	shiro_indoor.bytes	1792	910
12478936438010851834_4172722046	shiro_indoor_insane.bytes	1792	910
12478936438010851834_4172722046	shiro_indoor_torment.bytes	1792	910
12478936438010851834_4172722046	shiro_original.bytes	1792	910
12478936438010851834_4172722046	shiro_original_insane.bytes	1792	910
12478936438010851834_4172722046	shiro_original_torment.bytes	1792	910
12478936438010851834_4172722046	sumire_original.bytes	1968	1344
12478936438010851834_4172722046	terror_yustinaswim_ft.bytes	1228	622
12478936438010851834_4172722046	toki_cnc_mg_boss.bytes	1656	808
12478936438010851834_4172722046	twinsturret_highlander_mg.bytes	3392	1470
12486656565773528829_2352391891	8192305_01_s3_01_market_p02_d_s.bytes	10300	2082
12489094347870861297_3272836409	1181104_06_s3_boss_01_ruins_p01_d.bytes	8766	1778
12496115614286886511_2146231811	9213_000_02_playground_p01_03.bytes	6886	1276
12497647340905868056_1607325301	207104_raid_hod_street_hardcore_start3phase.bytes	1549	666
12498118046135841277_2824794916	1301101_02_s3_sb_01_wildhuntstreet_p02_d.bytes	5555	1309
12498337422152773413_3686811906	1011203_01_s2_01_market_p01_d.bytes	7388	1622
12502596139740775989_3483483779	6102106_eliminateraid_hovercraft_outdoor_lightarmor_insane.bytes	2874	1030
12503629076037356259_69687744	sb_03_school_p02_n.bytes	929768	261362
12504068038734900230_311156511	1172102_01_s3_03_insidecruiseship_p02_n.bytes	6985	1391
12510074277311799147_3781521941	8231303_01_s3_03_en001_p01_d.bytes	5524	1423
12511013487254463799_1800185615	82232211_s2_03_52301_p01_d.bytes	6344	1339
12511389978348969539_3700538587	8472301_01_sb_02_resort_p02_d.bytes	6489	1232
12511624289530618640_1249079305	en0009_fifthsection.bytes	3844	1036
12514624001355696092_3229200624	1291102_05_s3_boss_sb_02_cargostation_p02_d.bytes	7062	1688
12515061308839265640_3214604860	1071105_03_s3_03_subway_p01_d.bytes	10399	2046
12515330044495423188_2383057135	6073401_eliminateraid_hod_indoor_elastic_normal_start4phase.bytes	1146	526
12517892008052293741_2239579447	sb_01_52101_p01_d.bytes	1051388	277603
1251795478736651899_417260566	400050120_s3_01_rb_02_en0006_p01_d_scenario01.bytes	3842	1155
12518965103082954315_1214207066	259304_worldraid_en0002_indoor_hardcore_start4phase.bytes	2363	828
12520485341055553883_2757874611	8103104_01_s3_01_destroyedstreet_p01_n.bytes	12576	2386
12522447965292347615_3418029119	6011101_eliminateraid_binah_street_light_normal.bytes	5016	1626
12524100812247567797_1160016667	9210_000_02_playground_p01_03.bytes	6486	1240
12530533139006453812_2462132635	8082104_03_s3_02_hotsprings_p02_d.bytes	10741	2019
12531858856300755260_1543271923	sb_02_desertisland_p02_n_nodelayer.bytes	29572	202
12531885280207305416_1392513642	8322307_01_02_forestriver_p01_d.bytes	8474	1715
12534106829080922984_695137301	8362311_01_s3_park_p02_n.bytes	5838	1290
12535043140784419752_722560354	test_trinity_church_test02_many.bytes	7654	1512
12535626139306104218_3540845202	81511121_s2_boss_02_rainforest_p02_d.bytes	6073	1270
12536397449734364166_2500288560	6063206_eliminateraid_perorozilla_indoor_elasticarmor_insane.bytes	9646	1318
12538215221362822685_2416247249	8092302_01_s3_02_newyearpath_p02_d.bytes	7188	1462
12541082573731389473_2821369149	test_cut-in.bytes	1205	389
12541514586978067631_120959921	sb_03_52302_p02_d_nodelayer.bytes	33520	176
12547893480419518035_3017943960	1032103_02_s3_01_highway_p02_n.bytes	7007	1507
12552210194598018751_3123678322	1251102_03_s3_sb_01_hyakkiyakomatsuri_p01_d.bytes	11099	2132
12552755968392355289_2139566679	rb_03_hieronymus_p01_d_scenario_2.bytes	889060	225262
12554041489143181719_2810669901	sb_01_destroyedhighway_p01_n.bytes	1298380	356892
12556413499407293324_1217887570	1052101_01_s2_02_deserttrack_p01_n.bytes	8281	1720
12556953125590892623_2209917478	8182301_01_s3_01_stadium_p02_d.bytes	8502	1581
12560822221635032313_2691423912	8422304_01_s3_01_milleniumskyscraper_p01_n.bytes	5432	1182
1256157694135865214_2425288358	1291101_02_s3_sb_02_cargostation_p01_d.bytes	6966	1593
12562205843336651578_2349814057	en0010_normal.bytes	2148	784
12565734034064530424_130497737	1181103_01_s3_01_ruins_p02_d.bytes	6831	1387
12566636002139357062_1986486537	8182311_01_s3_boss_03_sportscenter_p02_n.bytes	6826	1352
12567200356658651288_675859249	rb_03_chesed_p01_d_e_nodelayer.bytes	28224	260
12567285575359297377_2724613551	8203102_04_s3_01_mainstreet_p01_d.bytes	10351	1870
12567999643619984959_2172409396	sb_03_oldmansion_p01_n.bytes	1256992	322823
12568307581434907471_2323415815	6073103_eliminateraid_hod_indoor_light_veryhard_start3phase.bytes	1580	673
12569775786813996176_2690991722	1081205_01_s3_03_underground_p01_d.bytes	10485	1968
12571344500784392749_1067563279	8163102_04_s3_01_backstreet_p01_d.bytes	10198	2073
12575213295620223420_517318265	1191205_01_s3_02_deserttrack_p02_d.bytes	6535	1366
12585329619016901982_1446448106	c_sb_01_hyakkiyakonorthtown_p01_many.bytes	9187	1713
12586352547290966090_3126215726	6041403_eliminateraid_hieronymus_street_elasticarmor_veryhard_start2phase.bytes	1991	763
12586651453012472991_723310819	6083105_eliminateraid_goz_indoor_light_extreme_start2phase.bytes	754	347
12586958869949519063_1593998211	207102_raid_hod_street_hard_start4phase.bytes	1133	515
12589262780553378153_2299250793	sb_01_market_p02_n_nodelayer.bytes	29572	405
12590424982010867288_2301863504	8292305_01_s3_01_redwinterstreet_p01_d.bytes	8989	1648
12590582201087305509_812672417	6052307_eliminateraid_kaitengerraid_outdoor_unarmed_torment_start2phase.bytes	1831	717
12590903007364938159_3852757892	sb_02_cargostation_p02_n_nodelayer.bytes	59116	350
12594824161797010610_4107057710	8143102_06_s3_boss_02_rainforest_p01_n.bytes	7461	1316
1259550281615838979_1664415468	209305_raid_en0005_indoor_extreme.bytes	8494	1578
12595519748434238412_1920787416	8033103_02_s3_02_beach_p02_d.bytes	8963	1929
12595665549176516149_4175504695	sb_01_hyakkiyakomoviestreet_p01_n.bytes	1028664	285390
12598999563462001222_1285979875	rd_02_en0011_p01_s.bytes	1784492	487559
12600824287055289311_793068878	8202311_01_s3_boss_01_market_p02_n.bytes	12672	2322
12601462528112942554_3248018092	sb_03_sportscenter_p01_n_nodelayer.bytes	35784	178
12602163054147426057_3827765478	destroyedstreet__p01_d_little_obstest.bytes	4692	1122
12604208804897183784_3179262046	204101_raid_hieronymus_street_normal.bytes	4212	1238
12607317828865074513_1384687964	sb_03_munitionsfactory_p01_n_nodelayer.bytes	29572	280
1260762539514568949_504599639	401000213_s3_01_park_p01_e.bytes	7778	1548
12607941466808673106_2527655390	c_sb_03_tatamiroom_p01_little.bytes	8755	1629
12612013043175731431_3831709711	1221104_01_s3_02_resort_p01_d.bytes	7642	1455
12612230911093643235_980702775	8342308_01_03_gehennapartyhall_p01_d.bytes	6353	1340
12614275474107295245_2938242614	204302_raid_hieronymus_indoor_hard_start2phase.bytes	2216	814
12618832128682951090_3490868429	8093104_07_s3_02_newyearpath_p01_n.bytes	7762	1436
12619748399256635198_1665714036	1051102_01_s1_02_deserttrack_p01_d.bytes	7432	1612
12621781943691307378_4272035689	6073307_eliminateraid_hod_indoor_unarmed_torment.bytes	7096	2151
12627095759658365077_2710223740	8083204_01_s3_02_hotsprings_p02_n.bytes	9593	1919
12631966276191421271_913389154	en0022_lunatic_2phase.bytes	2944	1081
12633788105705718493_3978845003	sb_02_deserttrack_p01_d_nodelayer.bytes	29572	330
12637421874402362298_3085027082	6033201_eliminateraid_shirokuro_indoor_heavy_normal_start2phase.bytes	901	450
1264330258193825051_1172679091	en0006_hard.bytes	3747	1025
1264577569787601438_4265105916	6102207_eliminateraid_hovercraft_outdoor_heavyarmor_torment.bytes	2878	1027
12648186863708044782_1521712253	1111101_01_s2_01_highway_p01_d.bytes	6130	1363
12648973694381565632_86861291	sb_02_desertcity_p01_n.bytes	1271944	364931
12652329369181311611_3083181981	sb_02_excavation_p02_n.bytes	1298368	356729
12655718758110616334_4128638714	8191306_01_s3_boss_01_park_p01_n.bytes	6172	1591
12666255387468121801_3381396449	401000208_s3_01_redwinterstreet_p01_e.bytes	15058	2568
12668884160269146163_1526962087	8143104_05_s3_02_beach_p02_n.bytes	9728	1920
12671103301219780148_1133154117	1301103_02_s3_sb_01_wildhuntstreet_p02_d.bytes	6031	1344
12674459358884914586_2399307921	1281101_03_s3_sb_01_hyakkiyakostreet_p01_d.bytes	7209	1363
12678294439653629773_3485779074	sb_01_stadium_p01_d.bytes	1571476	398040
12679053371884886571_3441277763	8173104_01_s3_sb_01_stadium_p01_n.bytes	8273	1416
12685667751406403019_3206879299	8493301_01_sb_01_wildhuntstreet_p01_n.bytes	8138	1762
12687596884349078244_971388114	8243102_03_s3_sb_01_mainstreet_p01_d.bytes	9505	1754
12687962536942317871_968157483	401000201_04_s3_01_riverpark_p01_e.bytes	6072	1147
12692217267275512142_2921301101	1071105_04_s3_03_subway_p02_d.bytes	10297	2069
12696012510700720285_1885576686	en0013_extreme.bytes	3635	1114
12698764595016860601_4276571907	8391309_01_s3_01_shanhaijingstreet_p01_d.bytes	4077	783
12700504360159336169_1296109420	1271104_02_s3_sb_02_trainroof_p01_d_nosidetrain.bytes	6332	1140
1270169761187314403_2261949481	1292102_04_s3_sb_02_cargostation_p02_n.bytes	6709	1565
12702543020171940076_3848241596	6041201_eliminateraid_hieronymus_street_heavyarmor_normal_start2phase.bytes	1983	760
12705639578111045222_382467148	8393302_01_s3_boss_shanhaijingstreet_p01_d.bytes	1754	653
12712309381099477813_2382137659	sb_01_market_p01_d_s_nodelayer.bytes	29572	337
12713277174056093381_3808712819	1241105_05_s3_sb_02_trinityisland_p01_d.bytes	7544	1392
12727282118526203151_3950983865	1111103_04_s3_boss_01_mainstreet_p02_d.bytes	5905	1022
12729145723125698496_2973182465	1202101_04_s3_boss_03_sportscenter_p01_n.bytes	8309	1466
12731429551944357121_1062686898	en0006_torment_3phase.bytes	1254	537
12733731195189662132_1239269637	1062103_03_s3_02_snowmountain_p02_n.bytes	5602	1017
12737800739289519811_866439007	6031302_eliminateraid_shirokuro_street_unarmed_hard.bytes	2120	747
12738813805293389725_4165621157	6012207_eliminateraid_binah_outdoor_heavy_torment_start2phase.bytes	3648	1311
12739729164452758253_213366422	203107_raid_shirokuro_street_torment.bytes	2119	746
12740588031513783608_2361198761	1291103_04_s3_sb_02_cargostation_p01_d.bytes	7465	1743
12745737816827595768_958100559	81511212_s2_02_hotsprings_p02_d.bytes	8398	1869
12745948360222631170_1244429164	6011203_eliminateraid_binah_street_heavy_veryhard_start3phase.bytes	1157	548
12747013760820408457_2295666162	6063102_eliminateraid_perorozilla_indoor_light_hard.bytes	9564	1305
12756271880690197967_3389584819	6102203_eliminateraid_hovercraft_outdoor_heavyarmor_veryhard_start2phase.bytes	1550	634
12756906894547957042_1638148123	822421110_s2_03_52302_p01_d.bytes	8714	1849
12760519715831529936_818441856	1211105_02_s3_01_ariusstreet_p01_d.bytes	7755	1544
12763214784290975289_243108054	256305_worldraid_chesed_indoor_extreme_start2phase.bytes	804	373
12765799519724688805_1922491913	1162101_05_s3_boss_02_excavation_p02_n.bytes	7043	1517
12772831443901645647_284045995	8302302_01_s3_03_expresstrain_p02_d.bytes	9159	1747
12778295538923922954_2636429303	1262101_02_s3_sb_03_trinitychurch_p02_n.bytes	6329	1282
12778515394257234422_2078900008	8033103_06_s3_02_beach_p02_d.bytes	9585	2014
12779723761966718413_2356307396	1072101_04_s3_boss_03_school_p02_n.bytes	10150	2052
12780831858908410178_3888348176	6023302_eliminateraid_chesed_indoor_unarmed_hard.bytes	14186	1767
12781066601136561022_4070006979	6012205_eliminateraid_binah_outdoor_heavy_extreme_start2phase.bytes	3648	1312
12783201836963984252_4110762244	8102301_01_s3_01_destroyedstreet_p01_d.bytes	10355	1917
12783756399758907523_1868138827	sb_02_galleon_p01_d.bytes	1298136	345816
12784060820648585122_753935208	8062108_04_s3_02_beach_01_d_p01.bytes	9319	2008
12784306527943263509_477596561	1181207_01_s3_01_ruins_p01_d.bytes	8782	1788
12784922841872142197_1011446711	1241105_04_s3_sb_02_rainforest_p02_d.bytes	7425	1323
12787097265888809070_2638131285	1011103_02_s2_boss_01_market_p02_d.bytes	7953	1842
12790678283270104502_3613189154	257103_worldraid_hod_street_veryhard_start3phase.bytes	1561	665
12792098931569341933_3952505141	400030217_s3_03_school_p01_n.bytes	7032	1517
12794290188542340603_3178656878	8334302_01_02_hotsprings_p03_d.bytes	11313	2495
12797673094467760245_770101727	en0011_elasticarmor_section_02.bytes	16938	3723
12797805688975074163_2999520736	1202103_03_s3_03_buildinghallway_p01_n.bytes	6987	1318
1279818978433364485_1320591937	1202103_06_s3_03_buildinghallway_p01_n.bytes	8400	1477
1280227360994057877_482401163	1121102_02_s3_03_subway_p01_d.bytes	10409	2100
12802370230720514790_1492951463	1212103_02_s3_01_ariusstreet_p01_n.bytes	7434	1507
1280532329711193854_831527445	8193102_03_s3_01_market_p01_d_s.bytes	7733	1517
1280676414736056984_4122778040	9301_000_01_stadium_p01_d_01.bytes	4106	1135
12808521890514387728_2672210165	1191104_03_s3_02_deserttrack_p01_d.bytes	6556	1302
12808903975462391946_1716511494	1091101_02_s3_01_market_p01_d.bytes	10978	2120
12811251904212610985_3156197765	8021103_02_s3_01_market_p01_d_s.bytes	10371	2068
12812705509129766719_1377718387	30103_s3_boss_01_highway_p01_d.bytes	25273	3405
12813742516897429327_1004909765	530301_arena_indoor_stage01.bytes	3098	690
12814957168057763862_397819480	6102303_eliminateraid_hovercraft_outdoor_unarmed_veryhard_start2phase.bytes	1547	643
12817097339265058678_3167077359	1032103_03_s3_boss_01_highway_p01_n.bytes	8351	1659
12817134401928043663_2640722471	sb_03_gehennapartyhall_p02_n.bytes	1029840	255280
12818017790717672680_4197603616	8583301_01_sb_02_harbor_p01_d.bytes	8109	1062
12818253164246424907_4141894837	6052305_eliminateraid_kaitengerraid_outdoor_unarmed_extreme.bytes	5861	1585
12823239644111226294_2254517476	8021105_01_s3_01_redwinterstreet_p01_d.bytes	9901	1870
12826439823039670247_507083946	6012105_eliminateraid_binah_outdoor_light_extreme_start2phase.bytes	3648	1312
12830407441155754889_317878103	8091302_01_s3_02_newyearpath_p01_n.bytes	12908	2659
12833387139463577100_3241700397	1151104_01_s3_01_mainstreet_p01_d_s.bytes	7070	1382
12833614604767433561_771601009	8143102_02_s3_02_rainforest_p02_n.bytes	7911	1349
12834274119176630480_2742303651	206202_raid_perorozilla_outdoor_hard.bytes	9454	1298
12834805500139087834_1262820645	6083207_eliminateraid_goz_indoor_heavy_torment.bytes	12845	1407
12835503213780978115_2382757720	1031104_03_s3_boss_01_backstreet_p02_d.bytes	6436	1425
12838313144906341545_4243174153	8143301_01_s3_boss_02_desertisland_p01_n.bytes	11662	2227
12840918907168505552_1355791087	rb_02_goz_p01_nodelayer.bytes	36340	478
12841709126945071010_2478449116	1071103_03_s3_03_subway_p01_d.bytes	10399	2045
12844250007881636906_928671478	8082108_07_s3_boss_02_hotsprings_p02_d.bytes	9992	2009
12846868567415374559_2937609150	6033206_eliminateraid_shirokuro_indoor_heavy_insane.bytes	2149	750
12847606076599826657_1749101002	6011303_eliminateraid_binah_street_unarmed_veryhard.bytes	5015	1627
12853438975245545697_2492330085	8352304_01_s3_riverside_p01_n.bytes	7010	1328
12856445283458591549_3786697825	7031303_01_s3_02_frozensea_p02_d.bytes	8273	1222
12857278755696525465_2086411005	sb_01_hyakkiyakomatsuri_p02_n_nodelayer.bytes	32336	236
12858651350551450595_1230077651	1191103_03_s3_02_snowmountain_p01_d.bytes	9382	1923
12864454822984524221_469778036	6052201_eliminateraid_kaitengerraid_outdoor_heavy_normal_start2phase.bytes	1833	719
12868557863444814577_3320038669	8031102_02_s3_02_beach_p02_d.bytes	9246	1889
1286873567443825972_575970115	6093107_eliminateraid_en0005_indoor_lightarmor_torment.bytes	9385	1654
12869723154786285045_2315820494	1202102_07_s3_boss_03_sportscenter_p01_n.bytes	8144	1455
12876445239152769833_2088667950	1261101_02_s3_sb_03_trinitychurch_p02_d.bytes	5964	1218
12876773937917295569_356609482	6041403_eliminateraid_hieronymus_street_elasticarmor_veryhard.bytes	4303	1263
12882095017537032694_2160966034	6012206_eliminateraid_binah_outdoor_heavy_insane.bytes	6969	2205
12882319402106345834_218446987	9578_obstaclehiteffect.bytes	690	387
12883896306645215851_3747353902	sb_01_destroyedhighway_p01_e_nodelayer.bytes	28836	468
12887602184707757557_3747667597	1241104_04_s3_sb_02_trinityisland_p01_d.bytes	7329	1426
12891092994343059522_3519921916	6031407_eliminateraid_shirokuro_street_elasticarmor_torment.bytes	2143	754
12893834565854683115_1234912546	en0010_eliminate_elasticarmor_normal_2phase.bytes	949	453
12905127441564466870_2583284481	8283302_01_s3_boss_02_trinityisland_p01_d.bytes	2164	704
12908397897504976918_2687103821	1211102_01_s3_01_destroyedstreet_p01_d.bytes	7401	1458
1290885230315637439_1368169977	sb_01_shanhaijingstreet_p02_d_nodelayer.bytes	23212	185
12909709415281957980_3135262403	1242103_09_s3_boss_sb_02_trinityisland_p01_n.bytes	9011	1844
12910681943863639796_319982384	1201104_04_s3_03_sportscenter_p01.bytes	8166	1425
12913002426737081799_3972688669	8032108_04_s3_02_beach_p01_n.bytes	8936	1864
12913527843069139872_806895478	6031205_eliminateraid_shirokuro_street_heavy_extreme_start2phase.bytes	897	450
12918150645923109628_1097400207	8142312_01_s3_boss_sb_02_rainforest_p01_n.bytes	8437	1568
12921499007287206520_40920095	1022102_01_s2_01_park_p02_n.bytes	7300	1593
12926080636306697216_435032203	8082108_01_s2_02_hotsprings_p01_d.bytes	6986	1541
12932178898116687527_552591268	sb_02_harbor_p01_d.bytes	2181880	586506
12932805058964481294_2115012207	hovercrafttestinsane.bytes	2876	1062
12939566998500801486_1457857764	1021206_01_s3_01_market_p02_d.bytes	8863	1677
12942218687415133599_932140520	8432309_01_s3_03_buildinghallway_p01_n.bytes	7822	1435
12942547022569564305_521687871	1071102_03_s3_03_school_p02_d.bytes	10008	2031
12943391887042525656_4271655478	en0008_lightarmor_fifthsection.bytes	4151	1175
12949806830883253135_1244055174	1181104_02_s3_01_ruins_p02_d.bytes	7320	1422
12950866354819865891_875624008	208207_raid_goz_outdoor_torment.bytes	13374	1431
12953164067002861855_872677621	6071307_eliminateraid_hod_street_unarmed_torment_start3phase.bytes	1568	672
1295353462743296273_1233180568	822211110_s2_03_52301_p02_d.bytes	8943	1878
1295423989200640603_2904458785	205106_raid_kaitengerraid_street_insane.bytes	4801	1431
12956540677296003950_2200259791	8061106_02_s3_03_insidecruiseship_p01_d.bytes	9172	1801
12960690108562454177_3402768247	9958_newleveltest.bytes	9086	1452
12962237885551215077_4029157145	8082307_01_s3_boss_02_hotsprings_p02_d.bytes	7487	1521
12963154192929451423_2664678552	1262102_05_s3_sb_03_trinitychurch_p02_n.bytes	6816	1275
12967076628674527127_3625572369	sb_02_rainforest_p02_d_nodelayer.bytes	29572	250
12967736568425370181_2912844784	1111105_06_s3_boss_01_mainstreet_p02_d.bytes	8108	1557
12969339722337184852_578788559	270301_worldraid_en0020_street_b_start2phase.bytes	6200	1269
12969498558749007291_1145887215	6073301_eliminateraid_hod_indoor_unarmed_normal_start4phase.bytes	1141	520
12969995514855769858_2190621646	6041407_eliminateraid_hieronymus_street_elasticarmor_torment_start2phase.bytes	1990	767
12971433897431062985_776941668	8434311_01_03_milleniumunderground_p01_d.bytes	1149	566
1297218763878195021_1575199132	8312307_01_s3_01_mainstreet_p02_d.bytes	9697	1919
12976039839291203102_2436420250	1071101_04_s3_boss_03_school_p01_d.bytes	10987	2280
12978624065415452841_407318055	en0006_eliminate_heavyarmor_insane_2phase.bytes	2567	885
1298314115317164925_2511335609	8082112_03_s3_02_hotsprings_p02_d.bytes	7491	1486
12983989160591976976_3384999784	sb_01_mainstreet_p02_n_s_nodelayer.bytes	29572	522
12984699756519441878_2644256422	1111102_04_s3_01_highway_p02_d.bytes	6045	1004
12989586348189743138_446313782	en0010_hard.bytes	2144	781
12992243299108127932_4017795342	30404_s3_boss_03_destroyedhighway_p01_n.bytes	9130	2208
12992503018677244295_4116566092	sb_01_milleniumskyscraper_p01_d.bytes	1084212	284069
12996734138798423252_3131300923	8202301_01_s3_02_newyearpath_p02_d.bytes	10969	2113
12998183989948927658_3227133794	6062103_eliminateraid_perorozilla_outdoor_light_veryhard_start2phase.bytes	9619	1319
13001020589336171669_330550910	1121103_01_s2_03_underground_p01_d.bytes	9449	1861
13004571167701581999_265018038	1202103_09_s3_boss_03_buildinghallway_p01_n.bytes	7889	1446
13004809016005705662_2589199487	1121103_04_s3_03_underground_p02_d.bytes	11510	2136
1300599966438377894_2751351947	400030424_s1_03_hieronymus_p01_d.bytes	6440	1350
13007114432686518194_3217883947	1121204_01_s3_03_subway_p01_d.bytes	10570	2129
13010353106869945130_905577426	6102304_eliminateraid_hovercraft_outdoor_unarmed_hardcore_start2phase.bytes	1547	642
13016688721096172947_1295388332	rb_03_en002_p01_d_nodelayer.bytes	33852	250
1301852508373098450_671908576	8612309_01_sb_02_harbor_p02_d.bytes	7454	1568
13019146973615949772_290228561	6073101_eliminateraid_hod_indoor_light_normal.bytes	7115	2145
13019357332529674410_26538546	6052105_eliminateraid_kaitengerraid_outdoor_light_extreme.bytes	5882	1584
13019553095453085789_2427883315	8172302_01_s3_sb_01_stadium_p01_d.bytes	8310	1462
13028941177211028396_3918727869	6071104_eliminateraid_hod_street_light_hardcore_start4phase.bytes	1147	531
13029389412904100619_1410224465	81523213_s2_03_insidecruiseship_p02_d.bytes	5752	1219
13030611189681985598_2909719983	822231110_s2_02_52201_p01_d.bytes	9431	1802
13034601865299568567_3092424982	6052202_eliminateraid_kaitengerraid_outdoor_heavy_hard_start2phase.bytes	1831	716
13040570696795862857_1913439112	sb_02_frozensea_p02_n_nodelayer.bytes	29492	188
1304095115332026109_2050131676	sb_01_wildhuntstreet_p02_n.bytes	2482384	656133
13046059172088701014_2725646568	en0006_lunatic.bytes	3773	1032
13049512391297453635_1027582916	8392302_01_s3_01_shanhaijingstreet_p02_d.bytes	5871	1169
13050682516756494872_3141662576	9929_kunekune_test.bytes	1094	380
1305343563405706208_569576074	8032306_01_s3_boss_02_beach_p01_n.bytes	9519	2014
1305364325175488464_681085120	8291310_01_s3_boss_02_snowmountain_p02_d.bytes	3638	950
13061112668728038151_3725449192	8092308_01_s3_02_newyearpath_p02_d.bytes	7991	1525
1306133703368365755_705152322	8161306_01_s3_01_backstreet_p02_n.bytes	10511	2252
1306784681204497152_3813981882	1071206_01_s3_03_subway_p02_d.bytes	10585	2067
13070950631469906069_3259118094	8311306_01_s3_03_underground_p02_d.bytes	8711	1506
13073321024651762559_2418034802	6073301_eliminateraid_hod_indoor_unarmed_normal_start3phase.bytes	1565	669
13079816180404186014_3737080419	1191104_02_s3_02_deserttrack_p01_d.bytes	6729	1312
13082227980179724250_2831701856	208201_raid_goz_indoor_normal.bytes	12641	1332
13086615377630657762_3198915757	1171104_01_s3_03_insidecruiseship_p02_d.bytes	7013	1397
13092643810861027985_426782203	81541213_s2_02_resort_p02_d.bytes	6985	1364
13093394368754950081_940343703	1281102_01_s3_sb_01_hyakkiyakostreet_p01_d.bytes	7258	1436
13093396027357242698_3558509016	1141104_02_s3_03_ruinedschool_p01_d.bytes	9687	1844
1309927259177476019_1633310756	6073206_eliminateraid_hod_indoor_heavy_insane_start3phase.bytes	1574	676
13106878744274822586_3011239678	210201_raid_hovercraft_outdoor_normal.bytes	2876	1029
13107109179780047673_603400857	6022402_eliminateraid_chesed_outdoor_elasticarmor_hard.bytes	15538	1926
13111219487643609898_892065660	6102104_eliminateraid_hovercraft_outdoor_lightarmor_hardcore_start2phase.bytes	1550	641
13112683567368774076_1921116200	8141305_01_s3_03_underground_p01_d.bytes	6569	1294
13114518669618516320_2947428803	sb_03_abandonedtunnel_p01_d_lore_nodelayer.bytes	54496	305
1311608727427683639_3230623556	8202302_01_s3_02_newyearpath_p01_d.bytes	10650	2010
13121240527390025432_449430490	9101_000_01_stadium_p01_d_04.bytes	1676	570
13137247045863170958_2726286150	207105_raid_hod_street_extreme_start4phase.bytes	1136	520
13139330346199478667_974645137	en0013_hardcore_3phase.bytes	1156	524
1314065000274346521_1982501276	newleveltest_9574_excams.bytes	2973	824
13148888108542160577_2268829441	255202_worldraid_binah_outdoor_hard_start3phase.bytes	1719	710
13152901691709922115_1983269745	1282103_02_s3_sb_01_hyakkiyakostreet_p01_n.bytes	7623	1488
13154289791583929413_2896277345	6071106_eliminateraid_hod_street_light_insane.bytes	7124	2154
13155555201412706693_1610373145	202205_raid_chesed_outdoor_extreme_start2phase.bytes	812	371
13159232145074599678_1387333908	8122304_01_s3_sb_03_trinitychurch_p02_d.bytes	9998	1761
13160074223400865786_1222923666	257106_worldraid_hod_street_insane.bytes	7083	2143
13160841442935295040_455008448	1041204_01_s3_02_riverside_p02_d.bytes	7401	1643
1316276241390189173_4083150686	sb_02_excavation_p01_n.bytes	1298380	347866
13166602732322350269_3444895048	400040222_s3_03_basement_p02_d.bytes	3459	1243
13168269243153631640_1288062378	838430301_dc_02_beachstage_03.bytes	5195	1142
13170659191289890311_2503013846	1161102_04_s3_02_riverside_p02_d.bytes	10101	2149
13177199701091139285_1964751934	1121103_05_s3_boss_03_underground_p01_d.bytes	11152	2011
13177910211192149793_3939370458	8092312_01_s3_boss_02_newyearpath_p02_n.bytes	7995	1523
13179030439495324468_3192332723	206204_raid_perorozilla_outdoor_hardcore.bytes	9454	1299
1318101557041066986_789885345	6011401_eliminateraid_binah_street_elasticarmor_normal_start2phase.bytes	2647	1014
13182776585478524182_1041603560	257102_worldraid_hod_street_hard_start4phase.bytes	1131	511
13184703806476349215_2930685257	1091103_04_s3_01_park_p01_d.bytes	9257	1865
13186434295509540731_1370637978	267103_en0013_street_c_3phase.bytes	1147	521
13187862841441081731_1923184978	sb_03_trinitychurch_p01_n_nodelayer.bytes	16976	235
13191277279987866201_458065104	8082108_05_s3_02_hotsprings_p02_d.bytes	9757	1949
13197211140660650430_1256549435	8052312_01_s3_boss_01_shanhaijingstreet_p02_d.bytes	10585	2065
1320054391412805243_429517980	sb_01_hyakkiyakotraditionalstreet_p02_n_nodelayer.bytes	25084	186
13209350590322120477_4221651082	8523301_01_sb_02_snowmountain_p01_d.bytes	99273	1301
13211359299081869136_2330447300	270301_worldraid_en0020_street_a_start2phase.bytes	6200	1270
13211822575753376233_2481810789	8263102_04_s3_01_shanhaijingstreet_p02_n.bytes	9786	2146
13212034882738485214_3526755153	6071406_eliminateraid_hod_street_elastic_insane_start4phase.bytes	1146	527
13213488026874418597_3451317014	1171103_05_s3_03_insidecruiseship_p02_d.bytes	9280	1882
13213526631470689506_2142430526	6031304_eliminateraid_shirokuro_street_unarmed_hardcore.bytes	2128	750
13216326656814994912_1399579835	1052101_03_s3_boss_02_deserttrack_p01_n.bytes	10056	1871
13216474592947634618_185408507	test_01_reainforest_p01_many.bytes	5180	1100
13219694476672739527_235191428	9103_000_01_stadium_p01_d_03.bytes	1691	574
13219949171072554989_2716643278	6011302_eliminateraid_binah_street_unarmed_hard_start3phase.bytes	1150	541
13221766041485380820_3929662889	8272304_01_s3_02_harbor_p02_d.bytes	9548	1899
13221767975689581898_889976191	8263305_01_s3_boss_01_shanhaijingstreet_p02_n.bytes	9662	1698
13222992385019255237_740566401	1161204_01_s3_02_excavation_p01_d.bytes	6549	1384
13223519104462314955_3448404001	6041205_eliminateraid_hieronymus_street_heavyarmor_extreme.bytes	4293	1263
13225270155296811401_941035630	test_trinity_church_test01_little.bytes	6396	1349
13225580723753383354_2835569299	1161205_01_s3_02_riverside_p02_d.bytes	6690	1460
13225923113225297091_4172222303	1211102_03_s3_01_destroyedstreet_p01_d.bytes	10476	2039
13231116924029112914_3280821339	400040219_s3_03_underground_p02_d.bytes	9102	1576
13236038531798039935_919428573	6063207_eliminateraid_perorozilla_indoor_heavy_torment_start3phase.bytes	9807	1331
13237330264983509485_3802220003	6063206_eliminateraid_perorozilla_indoor_heavy_insane_start3phase.bytes	9606	1323
13237599387677909526_634077288	sb_02_temp65_p01_d_test_nodelayer.bytes	49648	336
13241917878651300574_591837140	1271102_06_s3_boss_sb_02_trainroof_p01_d_nosidetrain.bytes	6000	1147
13245527834818935793_3603799260	6023103_eliminateraid_chesed_indoor_lightarmor_veryhard.bytes	14683	1780
13245932542588469846_1242043108	1021105_02_s3_01_mainstreet_p02_d.bytes	8916	1699
13246144915377267039_1118211282	1251105_06_s3_boss_sb_01_destroyhyakkiyakomatsuri_p02_d.bytes	7549	1607
13246799348009315216_741574076	207108_raid_hod_street_lunatic_start2phase.bytes	5486	1618
13252747571586454823_1496896455	1301101_04_s3_sb_01_wildhuntstreet_p01_d.bytes	6618	1306
13254283365812421610_822685377	6071403_eliminateraid_hod_street_elastic_veryhard_start4phase.bytes	1149	533
1325535495624852305_359061235	1241102_03_s3_sb_02_trinityisland_p01_d.bytes	7544	1393
13260628529756309164_2944086838	8193104_04_s3_01_highway_p01_d_s.bytes	9704	1967
13260836363144560993_3951988668	9321_000_01_sportscenter_p01_d_02.bytes	4106	1135
13262510311116457687_599017998	8193104_05_s3_01_highway_p02_d_s.bytes	10003	2029
13267982877341031162_3775177477	8461305_01_sb_02_cargostation_p01_d.bytes	8752	1895
13268583378415263557_2663435389	en0010_eliminate_heavyarmor_normal_2phase.bytes	945	451
13268606357891017280_1231238844	32103_s3_boss_03_sweeperfactory_p01_d.bytes	13725	1587
13268975795433879374_585864726	sb_02_newyearpath_p02_n.bytes	1298376	417182
13271479024779446609_3488563931	rb_01_en0015_p01_d.bytes	516888	131901
13271848343143696176_882833121	8121308_01_s3_sb_03_trinitychurch_p01_n.bytes	9533	1791
13272113438295731957_1496035200	6073207_eliminateraid_hod_indoor_heavy_torment_start2phase.bytes	5615	1625
13273688386552500347_165808999	1082101_02_s3_03_munitionsfactory_p01_n.bytes	9649	1533
13273996745269691478_3749599083	8182310_01_s3_boss_02_playground_p02_n.bytes	6503	1319
1327730761220330718_2127358404	1211103_01_s3_01_ariusstreet_p01_d.bytes	7681	1557
13281458710249064064_1638990912	201206_raid_binah_outdoor_insane_start3phase.bytes	1819	730
13283098282832364141_282548074	8043203_01_s3_02_beach_p01_n.bytes	9096	2011
13284454957392440662_601262878	1171102_04_s3_03_insidecruiseship_p02_d.bytes	7334	1409
13284999002720344682_3857121092	8141307_01_s3_02_desertisland_p02_d.bytes	7770	1467
1328893033341675174_3592336039	8133102_01_s3_01_hyakkiyakomoviestreet_p01_n.bytes	7551	1416
13295927508767256914_3195200498	character_resource_test_02.bytes	1246	446
13298521434649249600_3428414369	1111102_03_s3_01_highway_p02_d.bytes	5453	1006
13303451204930773620_2762970058	6082302_eliminateraid_goz_outdoor_unarmed_hard_start2phase.bytes	826	367
13305425502512576478_1159603520	sb_01_market_p02_d_s.bytes	1298356	341253
13306778005625241426_3329879449	1131101_03_s3_01_slumpia_p01_d.bytes	7737	1492
13313027801058647154_112711599	9120_000_03_sportscenter_p01_04.bytes	1685	575
13313347618594066277_16561287	8503304_01_sb_01_wildhuntstreet_p01_d.bytes	1526	483
13313673145720327624_3636400816	400020213_s3_03_underground_p02_n.bytes	8397	1634
13314172016541878489_2465727687	en0011_test_cambackup.bytes	9026	2460
13315217241324358437_1993059040	1011204_01_s2_01_market_p01_d.bytes	7550	1636
13317196266503617894_2489829743	6063303_eliminateraid_perorozilla_indoor_unarmed_veryhard_start2phase.bytes	9496	1324
13318885407791753946_3239091309	201204_raid_binah_outdoor_hardcore.bytes	6960	2196
13320165851718154383_3421230306	8043201_01_s3_01_gehennaslum_p02_n.bytes	7279	1585
13328419298189977399_420457461	6031205_eliminateraid_shirokuro_street_heavy_extreme.bytes	2132	752
13332034972386479713_4157219455	8122301_01_s3_sb_03_trinitychurch_p01_d.bytes	9423	1727
13332382797594629753_3088372056	6062201_eliminateraid_perorozilla_outdoor_heavy_normal_start3phase.bytes	9623	1311
13337029564527134732_983864127	1021103_01_s1_01_market_p01_d.bytes	4750	1108
13338220404719715430_1458351661	tunneltest04.bytes	449	217
13345271456633398130_2001795296	205105_raid_kaitengerraid_street_extreme.bytes	4801	1429
13351260474306288165_3939575939	208308_raid_goz_indoor_lunatic.bytes	12754	1397
13355086699907806048_882369125	1261104_06_s3_boss_sb_03_trinitychurch_p01_d.bytes	6864	1314
13360285406787028245_4115107414	8162303_01_s3_01_park_p01_d.bytes	6589	1365
13365284812305302754_201244603	253103_worldraid_shirokuro_street_veryhard_start2phase.bytes	886	444
13366057949057087010_3895802056	8463304_01_sb_02_cargostation_p01_n.bytes	8580	1788
13366347269395490488_1155095023	6071106_eliminateraid_hod_street_light_insane_start3phase.bytes	1574	677
13367356578296378377_2137548764	1252102_02_s3_sb_01_hyakkiyakomatsuri_p02_n.bytes	10293	1926
13368903518483850567_4163574401	8193102_05_s3_01_market_p01_d_s.bytes	11284	2119
13370098312478545153_4057855751	1011102_01_s2_01_market_p01_d.bytes	7064	1552
13373452085034166693_2530754729	1051101_03_s3_boss_02_deserttrack_p01_d.bytes	10228	1862
13373603634696165067_4064016248	207101_raid_hod_street_normal_start2phase.bytes	5468	1618
13374126498995864451_686717655	8022106_01_s2_01_market_p01_n_s.bytes	8700	1839
13374338969818135923_1424242385	8052311_01_s3_boss_01_shanhaijingstreet_p01_d.bytes	10736	2133
13374421451912751725_3530658118	1201103_01_s3_03_buildinghallway_p01_d.bytes	6645	1284
1337487922960226023_1192228883	32110_s3_boss_03_sweeperfactory_p01_d.bytes	10432	1668
13378994762254905213_3677622818	206207_raid_perorozilla_outdoor_torment_start3phase.bytes	9693	1319
13379615654111060865_887698100	822421210_s2_03_52302_p01_d.bytes	8714	1850
13380919637990015554_3933265969	6071201_eliminateraid_hod_street_heavy_normal_start3phase.bytes	1575	678
13382580143743412317_785935962	en0010_eliminate_elasticarmor_torment_2phase.bytes	951	454
13384341427287229884_2258397795	9110_000_02_playground_p01_01.bytes	1685	574
13384928443601907167_3682781169	6071101_eliminateraid_hod_street_light_normal_start3phase.bytes	1575	678
13386546842582468058_1259098610	6012402_eliminateraid_binah_outdoor_elasticarmor_hard_start2phase.bytes	3647	1311
1338794728797649469_2784072699	8023101_07_s3_boss_02_snowmountain_p02_d.bytes	9225	1840
13390385366897763000_1175226361	401000216_s3_01_destroyedstreet_p01_e.bytes	8722	1785
13390766047284777475_331267418	en0010_hardcore.bytes	2152	786
1339226840106229903_2048839328	8192303_01_s3_01_market_p01_d_s.bytes	11706	2296
13395389850872244687_2818295391	sb_03_milleniumdatacenter_p01_d.bytes	277732	72524
133954469808574850_41907270	sb_01_slumpia_p02_d_nodelayer.bytes	28976	166
13396066755369065053_357227123	8032104_03_s3_02_beach_p01_d.bytes	8937	1844
13398390916966574027_3245783669	rb_03_hieronymus_p01_d_scenario.bytes	889060	225262
13398684197893050274_4079697143	207106_raid_hod_street_insane_start2phase.bytes	5474	1615
13406564295256615106_748308581	sb_01_gehennaslum_p03_d.bytes	1810660	548575
13408018596828784224_713126163	8402308_01_s3_01_shanhaijingstreet_p02_d.bytes	5870	1200
13408178510858800117_203935667	208302_raid_goz_indoor_hard_start2phase.bytes	747	336
13409038394827959375_4150653837	en0013_insane_2phase.bytes	2399	779
13412480753351218733_1683670917	8352302_01_s3_hyakkiyakomatsuri_p01_d.bytes	11736	2162
13416413677580605151_3351770026	8293304_01_s3_boss_01_redwinterstreet_p01_n.bytes	21761	4119
13419679181149157108_1701902400	1022101_02_s3_01_park_p01_n.bytes	7733	1553
1342115762584732342_1772061755	6033201_eliminateraid_shirokuro_indoor_heavy_normal.bytes	2142	747
1342256521966405379_4166295136	1101104_06_s3_boss_01_ruins_p02_d.bytes	9398	1885
13424963034037039657_4141513353	32104_s3_boss_03_sweeperfactory_p01_d.bytes	13725	1589
13437623213887016592_1889407602	206301_raid_perorozilla_indoor_normal.bytes	9456	1303
13438416791913106582_3101385045	en0010_eliminate_elasticarmor_hardcore.bytes	2178	793
1343853926561835989_2252453258	1211103_05_s3_01_ariusstreet_p01_d.bytes	9900	2302
13438644673673481960_4270675907	8103102_05_s3_01_destroyedhighway_p02_n.bytes	8812	1772
1343873664023952722_1650208640	1102102_02_s2_01_ruins_p01_n.bytes	8129	1690
13439621669221239987_2296864372	8472308_01_sb_02_beach_p02_d.bytes	7285	1515
13439841985969792679_702500741	1171103_06_s3_boss_03_insidecruiseship_p02_d.bytes	9433	1894
13448891640100783233_1766352686	8093102_06_s3_boss_02_newyearpath_p02_n.bytes	8006	1545
13451798272828929947_3660557098	8323303_01_02_forestriver_p01_n.bytes	15799	2701
1345313979108966275_2128407563	530101_arena_indoor_stage01.bytes	926	411
13456664442856455661_1461102000	1141105_03_s3_03_ruinedschool_p01_d.bytes	9688	1811
13466155203385601395_1764339843	6012407_eliminateraid_binah_outdoor_elasticarmor_torment_start2phase.bytes	3650	1313
1346686785730351630_578353388	1212102_02_s3_01_destroyedstreet_p01_n.bytes	7724	1501
13476518874366808132_1197749835	sb_03_engineerlab_p01_d_nodelayer.bytes	26844	167
13485061019743676614_2072203782	400030216_s3_03_school_p01_n.bytes	6421	1315
13486133027476022610_548173982	6102305_eliminateraid_hovercraft_outdoor_unarmed_extreme_start2phase.bytes	1544	642
13488906422845437401_965631508	6083107_eliminateraid_goz_indoor_light_torment_start2phase.bytes	754	347
13506182255290153612_2579188603	6102106_eliminateraid_hovercraft_outdoor_lightarmor_insane_start2phase.bytes	1544	639
13507677112290891717_1625138177	6063301_eliminateraid_perorozilla_indoor_unarmed_normal.bytes	9488	1308
13508773396594487738_4272725452	8022107_01_s2_01_redwinterstreet_p01_n.bytes	8623	1734
13508873696394316558_2847131233	1301101_03_s3_sb_01_wildhuntstreet_p02_d.bytes	5725	1290
13511677859016529398_2192403597	6022106_eliminateraid_chesed_outdoor_lightarmor_insane_start2phase.bytes	822	383
13517826347206125704_2224771256	202207_raid_chesed_outdoor_torment_start2phase.bytes	812	370
13518711714888196458_689936830	rb_01_en0021_p01_d_nodelayer.bytes	63208	111
13522990392450511472_783935512	8033103_01_s3_02_beach_p02_d.bytes	8638	1874
13523671594253348889_2258063723	9122_000_03_sportscenter_p01_02.bytes	1673	567
1352908967114991395_3024364615	1161105_03_s3_02_excavation_p01_d.bytes	10125	2193
13530570182628248346_1838197698	en0006_eliminate_unarmed_normal_2phase.bytes	2551	883
13531216819803866136_4051367213	1252103_02_s3_sb_01_destroyhyakkiyakomatsuri_p01_n.bytes	7165	1473
13531674838767975028_448636128	8203303_01_s3_boss_02_excavation_p01_n.bytes	17071	2124
1353539618893674165_384650487	1221105_05_s3_02_resort_p02_d.bytes	8287	1530
1353568816186033304_1775016998	6023207_eliminateraid_chesed_indoor_heavyarmor_torment_start2phase.bytes	822	381
13540079839530592541_2578760982	8033103_07_s3_02_beach_p02_d.bytes	8905	1945
13540375820943814026_985030535	c_sb_01_wildhuntstreet_p01_tc.bytes	5374	1020
13545752890504142645_968197555	1152103_06_s3_01_mainstreet_p01_n_s.bytes	10490	1937
1354859186117824356_2730855117	6041406_eliminateraid_hieronymus_street_elasticarmor_insane_start2phase.bytes	1987	766
13548853535222938349_1559219707	8482308_01_sb_01_park_p01_n.bytes	8564	1782
13550127871576701056_923719902	6051302_eliminateraid_kaitengerraid_street_unarmed_hard.bytes	4836	1435
13551938500319465063_3448030078	8452302_01_sb_02_playground_p02.bytes	6429	1464
13554691686220728344_1583830603	1272101_02_s3_sb_02_trainroof_p01_n_nosidetrain.bytes	6232	1156
13555142720758988422_90384491	6071302_eliminateraid_hod_street_unarmed_hard.bytes	7053	2153
13556954448204147778_1357767608	8182312_01_s3_boss_03_sportscenter_p02_n.bytes	7935	1455
135570442422478121_2979509659	8132311_01_s3_boss_01_hyakkiyakomoviestreet_p01_n.bytes	7533	1451
13559354992953925988_3971365456	1252102_06_s3_sb_01_hyakkiyakomatsuri_p01_n.bytes	12949	2399
1355970393657193382_2550036239	8582305_01_sb_01_park_p02_d.bytes	5939	1187
13561665581104845172_3891168430	203105_raid_shirokuro_street_extreme_start2phase.bytes	887	445
13562490976471971562_1840250206	9959_newleveltest.bytes	27232	2183
13573544743840938620_2413333723	205102_raid_kaitengerraid_street_hard_start2phase.bytes	1437	633
13573588126886083464_2343661799	6012306_eliminateraid_binah_outdoor_unarmed_insane_start2phase.bytes	3644	1309
13577039440828570428_1705664396	400010321_s3_02_trainroof_p01_d_nosidetrain.bytes	10535	1894
13579349789991061470_1961109833	1291103_05_s3_sb_02_cargostation_p01_d.bytes	7465	1743
13586165231275723127_2759201209	6011302_eliminateraid_binah_street_unarmed_hard_start2phase.bytes	2640	1001
1358720985272916722_3569638465	8291311_01_s3_boss_02_snowmountain_p01_d.bytes	3278	949
13587621752210083599_238479062	208301_raid_goz_indoor_normal.bytes	12538	1385
13589202265658477881_2195696069	1071208_01_s3_03_subway_p01_d.bytes	10528	2075
13592440879771406376_353768586	1191102_03_s3_02_deserttrack_p01_d.bytes	9320	1878
13594224109441147584_1153680522	en0006_eliminate_lightarmor_veryhard.bytes	3755	1030
13596638256612577325_1281796503	8335301_01_03_underground_p01_d.bytes	12423	2382
13599636844465572672_2864832527	6073106_eliminateraid_hod_indoor_light_insane_start2phase.bytes	5603	1619
13600156133847840677_2527642531	8382312_01_s3_02_resort_p02_n.bytes	6559	1234
13600264554765246336_1565103947	208305_raid_goz_indoor_extreme.bytes	12539	1389
13601326484152607572_1470029298	209306_raid_en0005_indoor_insane.bytes	8479	1572
13601751572555846097_682917984	8392309_01_s3_01_shanhaijingstreet_p01_n.bytes	6660	1350
13604054187902065608_2087054090	1081101_01_s2_03_munitionsfactory_p01_d.bytes	8526	1394
13604230201380749397_3881684564	205107_raid_kaitengerraid_street_torment_start2phase.bytes	1440	639
13615161737954205991_771783523	sb_01_wildhuntstreet_p02_d.bytes	2482384	656133
13615378434979681059_3076771361	8172306_01_s3_sb_01_stadium_p01_d.bytes	8310	1462
1361826436250201485_82569295	en0008_lightarmor_fourthsection.bytes	4155	1176
13618809216919131283_4192524473	81522213_s2_02_desertisland_p02_d.bytes	7531	1458
13625846251658568976_2308271017	530201_arena_indoor_stage01.bytes	1887	683
1362731466440301941_2116154857	1202102_04_s3_03_sportscenter_p01.bytes	7585	1405
13628262896232563402_1328849779	8401309_01_s3_01_shanhaijingstreet_p01_d.bytes	5231	1240
13637561626630149040_2175609776	sb_02_excavation_p02_d.bytes	1298368	356729
13639663565818593003_1917321689	6023307_eliminateraid_chesed_indoor_unarmed_torment_start2phase.bytes	819	386
13640524386960842225_821380979	8063204_01_s3_boss_03_insidecruiseship_p02_n.bytes	9930	1935
13644596347469787573_933436916	8211303_event821_shirokuro_street_hardcore.bytes	2961	965
1365007592442030487_2866473666	1041208_01_s3_02_desertcity_p01_d.bytes	8600	1706
13651000134279233004_324545474	1192103_01_s3_02_snowmountain_p02_n.bytes	7017	1374
13651227607950115332_1668409388	8472310_01_sb_02_resort_p01_d.bytes	7724	1451
136524468915686366_1998423766	8263303_01_s3_boss_01_shanhaijingstreet_p01_d.bytes	1997	734
13655486639171540820_3857392276	8243102_06_s3_boss_sb_01_mainstreet_p02_d.bytes	10637	1986
13659875254296930933_2711015796	263103_worldraid_kether_street_c_start2phase.bytes	1683	632
13664486321445869144_1274026127	6041107_eliminateraid_hieronymus_street_lightarmor_torment_start2phase.bytes	1986	758
13668519108034101062_1131299740	9221_000_03_sportscenter_p01_04.bytes	6466	1253
13669139642896281648_246924820	sb_01_destroyedhighway_p01_d.bytes	1026904	275554
13678796200324125855_2439575759	6022302_eliminateraid_chesed_outdoor_unarmed_hard.bytes	15163	1918
1368275870753161505_331720236	1222103_05_s3_02_resort_p02_n.bytes	8123	1507
13683926219337150735_645150440	1091104_06_s3_boss_01_park_p02_d.bytes	9877	1981
13694038761539490735_665019789	81531212_s2_01_shanhaijingstreet_p01_d.bytes	7194	1564
13696751504492348765_1405416364	9000_000_01_stadium_p01_d_01.bytes	9262	1231
13697290421792434209_1933623214	1181101_01_s3_01_ruins_p01_d.bytes	7125	1353
13700005579571532072_2617897946	6073404_eliminateraid_hod_indoor_elastic_hardcore_start4phase.bytes	1148	528
13700179391489659460_2033555280	30510_s3_boss_03_oldmansion_p01_n.bytes	11766	2262
1370232210056234363_2467314367	6071405_eliminateraid_hod_street_elastic_extreme_start2phase.bytes	5635	1631
13704616192810508281_1270590869	sb_03_subway_p02_n_nodelayer.bytes	29572	201
13705920995744335302_2807187075	6082302_eliminateraid_goz_outdoor_unarmed_hard.bytes	13212	1443
1370610561837576760_3319578668	401000206_03_s3_boss_02_excavation_p01_e.bytes	3675	947
13709056100323598265_901599062	6063104_eliminateraid_perorozilla_indoor_light_hardcore_start3phase.bytes	9580	1322
13709770111495522928_1865130870	8133104_05_s3_01_hyakkiyakomoviestreet_p01_n.bytes	7223	1394
1371086138466308548_3619479754	258305_worldraid_perorozilla_indoor_extreme.bytes	9518	1296
13716334296969750476_2745151574	1182102_05_s3_01_ruins_p01_n.bytes	8782	1783
13721157507948656089_1987359611	sb_03_school_p03_d_addblackplane.bytes	929772	260453
13721714738402175995_683357572	1212102_06_s3_boss_01_destroyedstreet_p01_n.bytes	10711	2095
13724336280979121967_1247057384	1242102_03_s3_sb_02_rainforest_p02_n.bytes	7838	1360
13725487763903979341_2533572553	6062202_eliminateraid_perorozilla_outdoor_heavy_hard_start3phase.bytes	9621	1309
13726281081093374015_3813748412	6012305_eliminateraid_binah_outdoor_unarmed_extreme.bytes	6967	2206
13727532811240092174_1015829529	1251105_02_s3_sb_01_destroyhyakkiyakomatsuri_p01_d.bytes	7003	1462
13733104300622692821_192472890	6102307_eliminateraid_hovercraft_outdoor_unarmed_torment.bytes	2872	1032
13736348066552588148_1188479796	30406_s3_boss_03_destroyedhighway_p01_n.bytes	9130	2208
13740591317669324666_2318209258	6062205_eliminateraid_perorozilla_outdoor_heavy_extreme.bytes	9612	1307
13740788981074788103_1000315105	9974_allyemojitest.bytes	6555	1330
13741642064300517059_3105623063	8171303_01_s3_sb_03_buildinghallway_p01_n.bytes	6764	1329
13741970266375451526_1159949128	1281103_04_s3_sb_01_hyakkiyakostreet_p01_d.bytes	7209	1362
13742729995315846359_2534791568	rb_01_en0022_p01_n_floor.bytes	46304	8930
13742729995315846359_2534791568	trainroof_enemytrain_ani.bytes	23448	8663
13745800503723910274_1666352296	82223211_s2_02_52201_p01_d.bytes	9531	1804
13750528110236249722_1379753362	8362303_01_s3_park_p02_d.bytes	5977	1305
13750945789307278738_1703587151	30308_s3_boss_03_school_p01_d.bytes	19922	3237
13752120454290326185_4235321521	8372309_01_s3_03_insidecruiseship_p01_n.bytes	8535	1873
13756608173315179355_3296117612	8211301_event821_binah_outdoor_hardcore.bytes	7479	2408
13760037435242608569_1790926404	8202301_01_s3_02_excavation_p02_d.bytes	10575	2126
13762943456193604998_3564419349	8062106_06_s3_boss_02_beach_01_d_p01.bytes	9555	2101
13763291628937693954_1465946635	1152103_05_s3_01_mainstreet_p01_n_s.bytes	10322	1931
13763602610974978730_3964480408	400010208_s3_02_excavation_p01_d.bytes	9747	2113
13766168728184802265_3171100097	270301_worldraid_en0020_street_v01_d_start2phase.bytes	11033	2128
13767187767430710351_3991668331	203302_raid_shirokuro_indoor_hard_start2phase.bytes	888	439
13773317883713219531_3182289947	1091102_02_s3_01_market_p01_d.bytes	10978	2127
13773833785597984887_3860610041	8173303_01_s3_boss_sb_03_sportscenter_p01_n.bytes	6727	1536
13775251471118526020_4289698448	1131105_05_s3_01_slumpia_p02_d.bytes	7873	1354
13775579794583192779_731602013	8382305_01_s3_02_beach_p01_d.bytes	5605	1147
1377661941291794902_1733410549	8161308_01_s3_01_mainstreet_p02_d.bytes	10929	2169
13777800242024680645_1471651060	1031105_01_s2_01_highway_p01_d.bytes	5093	1278
13780822805888283986_3329030821	257102_worldraid_hod_street_hard_start2phase.bytes	5588	1629
13784782142268810156_3334173327	6031201_eliminateraid_shirokuro_street_heavy_normal.bytes	2130	752
13788673663200676908_1697252055	255201_worldraid_binah_outdoor_normal_start2phase.bytes	3573	1326
13789560143519538227_1134345144	6071305_eliminateraid_hod_street_unarmed_extreme_start2phase.bytes	5575	1626
1379005251842716624_1444551229	31107_s1_boss_01_slumpia_p01_n.bytes	1972	610
13790138387958668271_606159211	en0006_normal_2phase.bytes	2566	888
13790163000662161549_1626179099	1101104_03_s3_01_ruins_p02_d.bytes	9412	1897
13790826518888923871_3850840524	9022_000_03_sportscenter_p01_04.bytes	9179	1196
13791238160279928026_188842046	6023403_eliminateraid_chesed_indoor_elasticarmor_veryhard.bytes	14825	1780
13796808776926532539_1695922064	sportcenter_crowdtest_camera3.bytes	1982	576
13803973693720974917_564393068	6071404_eliminateraid_hod_street_elastic_hardcore_start2phase.bytes	5647	1633
13804437006688033723_2285884765	8502308_01_sb_01_wildhuntstreet_p02_d.bytes	6751	1368
13805229335110651714_2635208738	1141102_04_s3_boss_03_ruinedschool_p02_d.bytes	9300	1836
13806902132514359637_1160174025	6062205_eliminateraid_perorozilla_outdoor_heavy_extreme_start2phase.bytes	9618	1318
13807244540012085551_1538313904	1071101_02_s3_03_school_p01_d.bytes	11164	2309
13807599470181823692_828790331	sb_01_milleniumskyscraper_p02_d_nodelayer.bytes	21344	155
13812640250183376624_3840457283	1301102_05_s3_boss_sb_01_wildhuntstreet_p01_d.bytes	6447	1299
1381558266031671575_1811652791	1231105_06_s3_boss_03_oldmansion_p02_d.bytes	9299	1926
13815583858305539944_3360156976	1262103_07_s3_sb_03_trinitychurch_p02_n.bytes	6858	1271
13818884899997173048_2512046082	1171105_04_s3_03_insidecruiseship_p01_d.bytes	9192	1835
13821714502176094477_574785211	6031306_eliminateraid_shirokuro_street_unarmed_insane.bytes	2131	749
13825467991016674670_2250875095	6062206_eliminateraid_perorozilla_outdoor_heavy_insane_start3phase.bytes	9651	1315
13827086732348830186_1765857674	262101_worldraid_hod_street_a_start2phase.bytes	5390	1580
13829023473798662783_2208155416	rb_02_binah_p01_d.bytes	823292	255200
13829579921885651176_2102233983	1121201_01_s3_03_subway_p01_d.bytes	10570	2121
13832850486977566194_1596382621	sb_01_ariusstreet_p01_e.bytes	1250480	284241
13836840718947435884_1620422760	1252102_07_s3_boss_sb_01_hyakkiyakomatsuri_p02_n.bytes	11170	2202
13838822581372242278_313920356	1112102_01_s2_01_mainstreet_p02_n.bytes	5837	1206
13841421061288494222_1569625785	8436303_01_sb_03_subway_p01_d.bytes	10248	2051
13845926764526323015_1582424434	401000114_02_s1_03_buildinghallway_p01_d.bytes	3377	860
13850200519971083429_3874968668	8131308_01_s3_01_hyakkiyakostreet_p01_d.bytes	9712	1783
13853367454413501899_2770965948	en0010_eliminate_elasticarmor_veryhard.bytes	2178	794
13854792508487148827_2670204241	sportcenter_obstacleset_many.bytes	5246	1160
13854895263908314623_614083197	1192101_04_s3_02_deserttrack_p01_n.bytes	6858	1385
13856212391497941018_2545043387	8334307_01_03_school_p01_d_story.bytes	8109	1905
13857342228112558960_1926083276	6071105_eliminateraid_hod_street_light_extreme.bytes	7131	2159
13860625399963862902_2884816424	sb_01_market_p01_n.bytes	1298356	361866
13866656681816966205_4294411630	1242102_04_s3_sb_02_trinityisland_p01_n.bytes	8042	1432
13872109259912594698_1799664172	rb_02_en0024_p01_n.bytes	2678808	723488
13872226960619837371_1002062874	8453303_01_sb_01_stadium_p02_d.bytes	1260	526
13874457935225977330_2008246405	258302_worldraid_perorozilla_indoor_hard_start2phase.bytes	9521	1310
13879951312282034660_2001846185	1131105_01_s2_01_slumpia_p01_d.bytes	6251	1145
13886379621438990909_2583167115	1031204_01_s3_01_backstreet_p02_d.bytes	7402	1583
13886381226661279135_3038012978	1192102_03_s3_02_snowmountain_p01_n.bytes	6594	1330
13890628898118474213_2033608108	8362302_01_s3_park_p01_d.bytes	5399	1221
13890770923682352415_661598210	6051102_eliminateraid_kaitengerraid_street_light_hard_start2phase.bytes	1448	648
13891934669746856652_891899804	206308_raid_perorozilla_indoor_lunatic_start3phase.bytes	9764	1326
1389907292550213080_2233966095	1111102_02_s3_01_highway_p02_d.bytes	5770	1018
13903881224250254212_3061906370	8172304_01_s3_sb_01_stadium_p01_d.bytes	7226	1406
13905017873586107486_3398924193	sb_01_highway_p02_d_s_nodelayer.bytes	23164	221
13906242018414278891_1608445142	1261102_03_s3_sb_03_trinitychurch_p01_d.bytes	5883	1204
13907965401004431187_4191258596	en0008_firstsection.bytes	4148	1167
13911591873924694867_2414944985	207105_raid_hod_street_extreme_start3phase.bytes	1546	667
1391206700691183723_2741291076	1071205_01_s3_03_subway_p01_d.bytes	10694	2080
13916420503879002498_3824174493	6071107_eliminateraid_hod_street_light_torment.bytes	7137	2161
13916620384512325126_1667618415	8452307_01_sb_02_playground_p02.bytes	7171	1554
13917724641419851212_2341949447	1202102_06_s3_03_sportscenter_p01_n.bytes	8003	1417
13918053414497003048_3921640728	31112_s1_boss_01_slumpia_p01_n.bytes	1972	609
13919553068990748764_2399681403	8512301_01_sb_01_park_p02_d.bytes	6092	1188
13923215287468810812_1325267470	1282103_09_s3_boss_sb_01_hyakkiyakotraditionalstreet_p02_n.bytes	8668	1534
13924774106603365361_2585127031	265203_worldraid_en0010_outdoor_c_2phase.bytes	1784	656
13927083548357452209_763500472	261302_worldraid_chesed_indoor_b_start2phase.bytes	806	364
1392786376315357407_1544480944	1062101_03_s3_02_desertcity_p01_n.bytes	6247	1024
13928368961998353723_2254443217	261303_worldraid_chesed_indoor_c.bytes	17756	1973
13930896387785909977_2111837240	8163104_04_s3_01_mainstreet_p01_d.bytes	10272	1912
13931017918360425784_3186059403	1112102_06_s3_boss_01_mainstreet_p01_n.bytes	6230	1056
13931672225657086065_2381670779	6052404_eliminateraid_kaitengerraid_outdoor_elasticarmor_hardcore.bytes	5903	1585
13931886291513982964_3752704372	822431110_s2_03_52302_p01_d.bytes	8654	1841
13935658905697388160_3246075409	201205_raid_binah_outdoor_extreme_start2phase.bytes	3637	1296
13939427315441637014_1513161075	6022407_eliminateraid_chesed_outdoor_elasticarmor_torment_start2phase.bytes	825	393
13941158241488398007_2836789039	6012306_eliminateraid_binah_outdoor_unarmed_insane.bytes	6966	2202
13944203208840628183_3226994577	1171105_05_s3_03_insidecruiseship_p01_d.bytes	9192	1830
13948207800755132234_3735209780	204306_raid_hieronymus_indoor_insane.bytes	5645	1480
1395011343040015097_904655176	c_sb_02_trainroof_p01_n_nosidetrain.bytes	5268389	69019
1395106299114042466_28743025	1122103_05_s3_03_underground_p02_n.bytes	11178	2125
13954257081862961799_3282479351	6011201_eliminateraid_binah_street_heavy_normal_start3phase.bytes	1155	546
13954301704867815132_76090768	1032102_03_s3_boss_01_backstreet_p01_n.bytes	9001	1803
1395765502038096470_4063197089	8513302_01_sb_01_park_p01_d.bytes	929	346
13959831549801960180_3350061757	6023307_eliminateraid_chesed_indoor_unarmed_torment.bytes	17738	2083
13960925461928866818_745195433	6011205_eliminateraid_binah_street_heavy_extreme_start3phase.bytes	1156	545
13967468131245303546_4051902315	1191102_01_s3_02_deserttrack_p01_d.bytes	9825	1921
13968228538604228645_1373289775	sb_02_harbor_p02_n_challenge_nodelayer.bytes	56432	468
1396940608318839005_2940700607	1191103_02_s3_02_snowmountain_p01_d.bytes	9381	1925
13971222062787958490_1355976612	1292103_01_s3_sb_02_cargostation_p02_n.bytes	7992	1725
13971849155788608416_4283706276	8193104_08_s3_boss_01_highway_p01_d_s.bytes	10032	2110
13973887486490753723_2231780002	8091306_01_s3_01_backstreet_p02_n.bytes	9222	1991
13976558618045657730_834793030	8462305_01_sb_02_cargostation_p01_n.bytes	8023	1798
13978625723262559059_794676746	6062102_eliminateraid_perorozilla_outdoor_light_hard_start3phase.bytes	9621	1311
1397900092442597323_2654749846	400030421_s1_03_hieronymus_p01_d.bytes	5288	881
13979215828310443113_1397598532	sb_03_school_p01_d.bytes	836500	216459
13981399403724312469_3287526951	6011304_eliminateraid_binah_street_unarmed_hardcore.bytes	5015	1626
13988258909499140604_3276174881	rb_02_en0008_p01_d_scenario01.bytes	822112	226065
13988877843778285495_554928140	raidtest2.bytes	1442	528
13989414907745011279_2301082652	7011302_01_s3_boss_02_excavation_p01_d.bytes	13078	2097
13992791708306379859_2584626677	1292103_06_s3_sb_02_cargostation_p01_n.bytes	7988	1797
13993634078024866969_3187622930	6063103_eliminateraid_perorozilla_indoor_light_veryhard_start3phase.bytes	9580	1322
1399512460646966417_4086899594	207107_raid_hod_street_torment_start4phase.bytes	1135	516
13998431320976285454_3400528	1141203_01_s3_03_ruinedschool_p02_d.bytes	9230	1843
13998542355256393297_3802432543	400020103_s3_01_ruins_p01_d.bytes	6849	1283
14000176126446634898_1809202337	test_trinity_church_test01_many.bytes	6427	1399
14001375174015468453_3746601965	1082103_05_s3_boss_03_underground_p01_n.bytes	11718	2165
1400267873307879470_3018266498	1081105_04_s3_03_underground_p02_d.bytes	10980	2118
14004710869028936260_1640148544	1031103_02_s3_01_highway_p01_d.bytes	8086	1635
14006061879934065137_2058249628	8022106_05_s3_01_market_p01_n_s.bytes	10681	2140
1400745953718691733_2122690575	6022201_eliminateraid_chesed_outdoor_heavyarmor_normal_start2phase.bytes	822	384
14011830035371057528_1136570265	rb_01_kaitengerraid_p01_d_nodelayer.bytes	34844	420
14012272450998312466_3512245553	rb_01_kaitengerraid_p01_d.bytes	1532104	362220
14013476840358786074_1626846653	8341305_01_03_gehennapartyhall_p02_d.bytes	4710	1156
14016138796517463403_362060841	1061205_01_s3_02_snowmountain_p01_d.bytes	7285	1334
14016728304725476154_3731859309	8021102_01_s2_02_snowmountain_p01_d.bytes	8746	1848
14020518180327049077_3990599588	203304_raid_shirokuro_indoor_hardcore.bytes	2124	740
14020749795597425861_34136292	1181105_06_s3_01_ruins_p01_d.bytes	8781	1809
14021992288326669159_4214374590	266205_worldraid_en0009_outdoor_c.bytes	5627	1327
14023794031286773258_3667187675	9313_000_02_playground_p01_02.bytes	4410	1187
14025807796688621845_293826996	6073403_eliminateraid_hod_indoor_elastic_veryhard_start4phase.bytes	1148	528
14026499152941640207_3058671210	6011104_eliminateraid_binah_street_light_hardcore_start2phase.bytes	2647	1014
14030818538575761500_2678941580	1132102_03_s3_01_slumpia_p01_n.bytes	7258	1238
14032619711461685840_4278963961	6073307_eliminateraid_hod_indoor_unarmed_torment_start3phase.bytes	1568	672
1403495277237210946_1285069184	1291102_03_s3_sb_02_cargostation_p02_d.bytes	7376	1705
14042294393429760575_3613353496	262102_worldraid_hod_street_b_start3phase.bytes	1543	670
14043243216551425993_1273651415	6073106_eliminateraid_hod_indoor_light_insane.bytes	7122	2149
14049668388553187020_331852740	6012402_eliminateraid_binah_outdoor_elasticarmor_hard.bytes	6969	2205
14051633585701141279_1208198444	6071107_eliminateraid_hod_street_light_torment_start3phase.bytes	1577	678
14053818597460221890_195969121	82221121_s2_03_52301_p01_d.bytes	8401	1782
14054884388451803325_471494728	6022102_eliminateraid_chesed_outdoor_lightarmor_hard.bytes	15388	1921
14064599735348968915_3522328761	sb_01_newyearpath_p01_d_nodelayer.bytes	28868	202
14067052403174760202_816085182	sb_01_riverpark_p01_d_nodelayer.bytes	29388	199
14068369230324236245_37521579	8193102_01_s3_01_market_p01_d_s.bytes	7722	1544
14069580396117891909_1411755890	8062105_04_s3_02_beach_01_d_p01.bytes	9478	2008
14072340383132813076_1870609315	8041308_01_s3_01_gehennaslum_p01_d.bytes	7170	1563
14076779072829790150_2262647268	8062107_02_s3_02_beach_01_d_p01.bytes	9562	2014
14077518519610964293_2198136190	8173102_03_s3_sb_03_sportscenter_p01.bytes	8140	1391
14080384038572181695_902347504	401000201_01_s3_01_52101_p01_d.bytes	6816	1322
14082679349647513817_2537553045	8111304_01_s2_boss_01_mainstreet_p02_d.bytes	8331	1614
14088323392606052094_3726095290	en0006_eliminate_unarmed_extreme_3phase.bytes	1244	530
14089300661259859516_2852235436	1162101_01_s3_02_excavation_p01_n.bytes	10291	2208
14095254373126882925_2885706164	1061203_01_s3_02_snowmountain_p02_d.bytes	6107	1034
14097038580317139348_4060683725	8011309_01_s3_boss_sb_03_ruinedschool_p01_n.bytes	7489	1501
14102803656277029010_1365758839	6033306_eliminateraid_shirokuro_indoor_unarmed_insane_start2phase.bytes	898	449
14107996328761061306_3008345985	400010303_s3_02_trainroof_p01_d.bytes	407409	22044
14116251335225600540_1598659099	8303302_01_s3_boss_03_expresstrain_p02_d.bytes	5910	1375
14121081011223186741_1296738367	209307_raid_en0005_indoor_torment.bytes	8501	1577
14121737287026684543_2199144222	206301_raid_perorozilla_indoor_normal_start3phase.bytes	9468	1310
14122554344747874153_319271072	6093207_eliminateraid_en0005_indoor_heavyarmor_torment.bytes	9385	1655
14127466478680189994_702904504	1201104_02_s3_03_sportscenter_p01.bytes	7130	1337
14138771990394120606_2946324879	1181206_01_s3_01_ruins_p01_d.bytes	8450	1762
14138846049872515641_1901629906	1101101_01_s2_01_backstreet_p01_d.bytes	10679	2332
14139131129719696826_3608566226	6041201_eliminateraid_hieronymus_street_heavyarmor_normal.bytes	4285	1263
141401003964610694_3151263855	8142304_01_s3_sb_02_rainforest_p01_d.bytes	8758	1587
14152342610533756562_1993937333	hyakkiyako.bytes	1181	520
14156689224116718991_2860364418	sb_03_milleniumunderground_p01_d_nodelayer.bytes	72864	369
14158060292505707709_982870198	6071206_eliminateraid_hod_street_heavy_insane_start2phase.bytes	5605	1626
14158280916332134843_264333115	1181102_04_s3_boss_01_ruins_p02_d.bytes	8452	1801
14158995366609169648_4120588279	8572305_01_sb_01_mainstreet_p01_d.bytes	6605	1219
1415974028263329417_1717247074	1171104_05_s3_03_insidecruiseship_p01_d.bytes	9192	1835
14161292663578786757_322449005	9102_000_01_stadium_p01_d_03.bytes	1673	568
14161916976146923736_2053888264	6073105_eliminateraid_hod_indoor_light_extreme_start4phase.bytes	1145	525
14162059157816075880_4195272246	6073203_eliminateraid_hod_indoor_heavy_veryhard.bytes	7141	2151
14162604951412349536_1121099396	6023303_eliminateraid_chesed_indoor_unarmed_veryhard.bytes	14470	1774
14169000268230190468_303877561	6052307_eliminateraid_kaitengerraid_outdoor_unarmed_torment.bytes	5868	1588
14170520496315464992_2428627816	1301103_01_s3_sb_01_wildhuntstreet_p01_d.bytes	4546	1010
14171106328348671705_365617319	1202101_01_s3_03_sportscenter_p01.bytes	6963	1324
14171225336508137880_3994390706	en0013_veryhard.bytes	3638	1116
14171576980395388764_2380306719	1161101_01_s2_02_excavation_p01_d.bytes	9161	2056
14172929088251149051_2806122715	1241401_01_s3_boss_sb_02_trinityisland_p01_d.bytes	9908	1949
14189677713439256824_236580864	6012101_eliminateraid_binah_outdoor_light_normal.bytes	6969	2206
14195168598479711013_3519790392	205104_raid_kaitengerraid_street_hardcore_start2phase.bytes	1441	641
14202207949183517543_963284247	8103204_01_s3_01_destroyedstreet_p01_n.bytes	10681	1945
14202649739106344745_4198730467	8402305_01_s3_01_shanhaijingstreet_p01_d.bytes	6153	1291
1420677591962818943_3981545897	203307_raid_shirokuro_indoor_torment.bytes	2129	742
14208611481176036732_2958501239	6062101_eliminateraid_perorozilla_outdoor_light_normal_start2phase.bytes	9617	1317
14211009633919641775_2246789084	82250211__03_52302_p02_d.bytes	8872	1454
14213428724116409608_1560807486	205105_raid_kaitengerraid_street_extreme_start2phase.bytes	1440	639
14215750518204121633_325316788	8192310_01_s3_boss_01_park_p01_n.bytes	9514	1970
14222817645515948292_3726952647	202306_raid_chesed_indoor_insane.bytes	18101	1953
14232319693689298243_3951136784	400010218_s3_02_desertcity_p02_d.bytes	6494	1581
142332615871096114_1961076119	sportcenter_obstacleset_little.bytes	4989	1123
14234735789346378309_3335755982	30508_s3_boss_03_oldmansion_p01_n.bytes	11766	2262
14236332343073488315_3573120963	1151104_03_s3_01_mainstreet_p01_d_s.bytes	7070	1380
14237593006945869255_3886720840	202301_raid_chesed_indoor_normal.bytes	13761	1751
14242980883737225115_1874618063	1122103_06_s3_03_underground_p01_n.bytes	10873	1971
14246088408059269232_1532414645	1281101_04_s3_sb_01_hyakkiyakostreet_p01_d.bytes	7209	1363
1424739764250473969_2222033354	8582301_01_sb_01_park_p02_d.bytes	6273	1188
14251880918206621751_4173243414	1092102_03_s3_01_park_p02_n.bytes	9943	2018
14252013039813216199_16126512	210205_raid_hovercraft_outdoor_extreme_start2phase.bytes	1547	634
14252079041423625314_989625593	8201307_01_s3_02_excavation_p01_d.bytes	11210	2357
14253776124630689229_2447355078	sb_01_destroyedstreet_p01_e_nodelayer.bytes	36676	402
14256117029541841995_2304240170	6062303_eliminateraid_perorozilla_outdoor_unarmed_veryhard.bytes	9535	1306
14256184843251639708_2423468516	1101102_02_s3_01_ruins_p01_d.bytes	9319	1831
14258597365280048351_1683245458	8253102_02_s3_03_oldmansion_p01_d.bytes	9442	1970
14261991679573427532_3773496819	8393303_01_s3_boss_shanhaijingstreet_p02_d.bytes	5950	1299
14264613526039682557_952896912	6031107_eliminateraid_shirokuro_street_light_torment.bytes	2139	753
14265178144677204910_462312504	1171104_02_s3_03_insidecruiseship_p02_d.bytes	6981	1390
14267185079273193787_315413181	1031208_01_s3_01_highway_p02_d.bytes	7204	1627
14274827328126743679_1960846652	6082103_eliminateraid_goz_outdoor_light_veryhard.bytes	13243	1448
14277084976730673664_1157475116	6011405_eliminateraid_binah_street_elasticarmor_extreme.bytes	5019	1628
14278206271463497737_3793879536	6062305_eliminateraid_perorozilla_outdoor_unarmed_extreme_start2phase.bytes	9540	1316
14278701402966070813_723986618	sb_03_tatamiroom_p01_d.bytes	1240836	330085
14279222577051742782_3448155038	sb_01_stadium_p02_d.bytes	1571476	398040
14281377601004119198_1719857241	8062105_01_s2_02_beach_01_d_p01.bytes	8420	1896
14282164286779065555_3337235731	8302304_01_s3_03_expresstrain_p02_d.bytes	11192	1982
14287572826738446271_3398295080	8511309_01_sb_01_park_p01_n.bytes	5715	999
14293967600140302686_439682636	sb_02_playground_p01_n_nodelayer.bytes	35624	162
1429698824212894502_2182537805	8121302_01_s3_01_mainstreet_p02_d.bytes	10564	2040
14303914952257912868_3581825459	6012203_eliminateraid_binah_outdoor_heavy_veryhard_start2phase.bytes	3649	1313
14306746939522338906_3981839131	1181103_03_s3_01_ruins_p02_d.bytes	6831	1380
14307921156179093754_1277380605	rb_02_goz_p01.bytes	1613728	388955
14309225135645329432_1875523586	en0010_insane_2phase.bytes	938	451
14317350287689495862_3114795660	30403_s3_boss_03_destroyedhighway_p01_n.bytes	9130	2208
14317648216727709531_1226178803	6011206_eliminateraid_binah_street_heavy_insane_start2phase.bytes	2645	1009
14319596723274050266_3161289258	8392312_01_s3_01_shanhaijingstreet_p02_n.bytes	6402	1273
14320422661891197512_4022902844	8242308_01_s3_sb_01_ruins_p01_d.bytes	9185	1853
14321158430710927507_323274354	8322301_01_02_forestriver_p01_d.bytes	7435	1595
14322264078862196854_1263079880	1232101_05_s3_boss_03_oldmansion_p01_n.bytes	9837	2077
14327357892225214356_3902188948	1091102_01_s2_01_market_p01_d.bytes	9901	2041
14329247730200285870_399611248	1031101_01_s1_01_backstreet_p01_d.bytes	5235	1323
14339072787990458648_443938460	207303_raid_hod_indoor_veryhard.bytes	6998	2135
14340352880676095916_2313254294	8202308_01_s3_01_market_p01_d.bytes	12226	2315
14341150163360272118_3003987538	8312312_01_s3_boss_01_mainstreet_p01_n.bytes	6792	1407
14343872584928107815_1993941917	8381308_01_s3_02_beach_p01_n.bytes	1730	853
14344487499943154555_3849486400	8062109_05_s3_02_beach_01_d_p01.bytes	9478	2008
14345969996367820292_1757146652	260203_worldraid_binah_outdoor_c_start2phase.bytes	2046	835
14349283580171389967_252348810	1141105_04_s2_03_ruinedschool_p02_d.bytes	8425	1748
14352264827254197342_1003265063	8413302_01_s3_03_school_p01_n.bytes	2195	786
14356148517647882670_1629134243	6071103_eliminateraid_hod_street_light_veryhard_start3phase.bytes	1581	676
14358574946364173913_1722805212	6073201_eliminateraid_hod_indoor_heavy_normal_start3phase.bytes	1574	677
14360249381335156758_99282750	81542111_s2_03_insidecruiseship_p01_d.bytes	8609	1802
14360272289115484241_3049561122	rb_02_binah_p01_s_nodelayer.bytes	22556	635
14361891714182632109_160896340	sb_01_hyakkiyakomatsuri_p01_d.bytes	1419544	376259
1437089884004205816_3058006852	6031307_eliminateraid_shirokuro_street_unarmed_torment.bytes	2133	751
14371369421360071509_3805087388	203302_raid_shirokuro_indoor_hard.bytes	2116	734
14371443331033678733_2706322590	1161104_04_s3_02_riverside_p02_d.bytes	7034	1496
14375437952113973595_3762855645	8111306_01_s2_boss_01_shanhaijingstreet_p02_n.bytes	11267	2003
14378260232599044152_3238075895	en0011_heavyarmor_section_02.bytes	16886	3720
14380475017001349460_772838201	8023101_04_s3_02_snowmountain_p02_d.bytes	8896	1675
14381835723957865252_3314618335	9201_000_01_stadium_p01_d_02.bytes	6466	1254
14383372610854240167_3575524810	8332306_01_03_gehennapartyhall_p01_n.bytes	6959	1437
14396390032615545511_1883397314	269101_en0015_enhanced_street_b.bytes	1618	675
14398853680042386821_1423222388	8143104_04_s3_02_beach_p02_n.bytes	9728	1907
14400814920274285230_2009514266	1091103_03_s3_01_park_p02_d.bytes	9953	1991
14400918277621488304_2556025728	8211307_event821_hod_street_hardcore_start2phase.bytes	7559	2012
1440154566462499377_2317603437	sb_03_abandonedtunnel_p01_d_nodelayer.bytes	33200	205
1440291106709289387_4265227073	9021_000_03_sportscenter_p01_01.bytes	9203	1234
14403018417213612230_1090609611	sb_01_backstreet_p01_n.bytes	1298356	364627
14405439062057451041_514639024	1232102_05_s3_03_oldmansion_p02_n.bytes	9152	1914
14406569297533365879_1835655621	8392305_01_s3_01_shanhaijingstreet_p01_d.bytes	6341	1217
14407073184252817252_1982073438	822421210_s2_03_52302_p02_d.bytes	6538	1478
14409560034941490658_665652358	1071102_02_s3_03_school_p02_d.bytes	10008	2035
14410179613823804982_2741215609	8263301_01_s3_boss_01_shanhaijingstreet_p01_d.bytes	9637	1936
14411682450918892731_3407754210	en0013_torment_3phase.bytes	1162	528
14412695607136933386_1746272506	6102302_eliminateraid_hovercraft_outdoor_unarmed_hard_start2phase.bytes	1535	639
14413040574976201628_776819967	8522301_01_sb_03_school_p01_d.bytes	4494	989
14414579629601374274_274836170	6012105_eliminateraid_binah_outdoor_light_extreme.bytes	6970	2207
14435783182475057354_3754909039	6082304_eliminateraid_goz_outdoor_unarmed_hardcore_start2phase.bytes	830	371
14438774297197290249_1535300998	8133303_01_s3_boss_01_hyakkiyakomoviestreet_p02_n.bytes	7999	1571
14439037612623918537_4215592285	400020107_s3_03_buildinghallway_p01_d.bytes	8236	1441
14440750744265432336_1430556032	sb_02_desertisland_p01_d_nodelayer.bytes	29572	310
14441083520764420934_3157785708	6033406_eliminateraid_shirokuro_indoor_elasticarmor_insane.bytes	2154	751
14441639782481975292_1685617420	6102101_eliminateraid_hovercraft_outdoor_lightarmor_normal_start2phase.bytes	1544	640
14445758657032013709_3085504780	8462312_01_sb_02_cargostation_p02_d.bytes	7355	1652
14446275118606374816_78715449	en0006_eliminate_lightarmor_veryhard_3phase.bytes	1252	537
14447265737439968217_1886939137	en0010_eliminate_heavyarmor_insane_2phase.bytes	945	451
1444750835452957616_2521837217	8312304_01_s3_01_mainstreet_p01_d.bytes	6653	1366
14450684911553922027_1789911286	8262302_01_s3_01_shanhaijingstreet_p02_d.bytes	9409	1998
14452750215103022411_1222028199	8203102_01_s3_01_mainstreet_p01_d.bytes	7857	1366
14452770647779269141_1292446959	6073203_eliminateraid_hod_indoor_heavy_veryhard_start3phase.bytes	1580	673
14455481701499216491_4233522062	8482307_01_sb_01_park_p02_n.bytes	9632	1976
14457829976252192353_1741667995	sb_03_buildinghallway_p01_d.bytes	1068116	278746
14460350079376630482_9955219	270301_worldraid_en0020_street_d_start2phase.bytes	6200	1271
14461856104270240366_2487319022	6033407_eliminateraid_shirokuro_indoor_elasticarmor_torment.bytes	2156	754
14463516495341629110_1746888634	8103104_04_s3_boss_01_destroyedhighway_p01_n.bytes	10083	1899
14467762912370158971_2772376003	8452303_01_sb_02_playground_p02.bytes	7171	1554
14470678209805971895_358514434	8062107_01_s3_02_beach_01_d_p01.bytes	9561	2014
14471583154905459511_514591586	82221111_s2_03_52301_p02_d.bytes	8943	1878
14473064592447776873_4201891714	401000211_s3_01_gehennaslum_p01_e.bytes	12354	2214
144733968587421109_2919463764	skipendbattletest_03.bytes	1328	607
14473722064778246225_3276605117	206302_raid_perorozilla_indoor_hard.bytes	9454	1299
14477628968984785514_3573361761	6011305_eliminateraid_binah_street_unarmed_extreme.bytes	5014	1624
14485416995269668762_3829539447	82241211_s2_03_52302_p02_d.bytes	9393	1820
14489368172691106330_476615555	257101_worldraid_hod_street_normal.bytes	7083	2153
1449075019068453453_387071199	8322309_01_02_forestriver_p01_d.bytes	9012	1779
14493786826220198208_434010635	9322_000_01_sportscenter_p01_d_01.bytes	4092	1136
14495954665773956729_74449352	9303_000_01_stadium_p01_d_03.bytes	4117	1136
14498332222149232575_2518091437	6073205_eliminateraid_hod_indoor_heavy_extreme_start3phase.bytes	1577	678
14499551575706513450_3594866728	7011304_01_s3_boss_02_binah_p01_d.bytes	2205	944
14501126178053679878_3982005040	1221103_02_s3_02_resort_p01_d.bytes	7129	1405
14503662048570651838_3827081503	8063102_04_s3_03_insidecruiseship_p02_n.bytes	7298	1457
14504057954674936894_41117374	6071307_eliminateraid_hod_street_unarmed_torment_start2phase.bytes	5581	1626
14515501749975917523_1768586959	1231102_05_s3_boss_03_oldmansion_p02_d.bytes	8810	1885
14516033437466734652_1497838434	82241213_s2_03_52301_p01_d.bytes	9227	1728
14517229813846907112_959703853	1011101_02_s2_boss_01_mainstreet_p02_d.bytes	4897	1021
14518342291706452065_1428903633	8043301_01_s3_boss_01_gehennaslum_p02_n.bytes	15077	1731
14518648191911695944_363695393	8572301_01_sb_01_mainstreet_p01_d.bytes	6605	1210
1451872881165646909_814207371	510101_arena_street_stage01.bytes	1578	569
14518811692361073865_3208208817	8402301_01_s3_01_shanhaijingstreet_p01_d.bytes	6153	1291
14520673960700255209_1803592958	8482306_01_sb_01_mainstreet_p02_n.bytes	9800	1894
1452273615050123579_3913697171	groundpassivetest01.bytes	10322	1934
14524992895802733132_1361756678	8336301_01_03_underground_p01_d.bytes	11332	1983
14531937531181743035_3076614487	9013_000_02_playground_p01_04.bytes	9339	1193
14533652681027869528_2247917148	269101_en0015_street_a_2phase.bytes	879	435
14535545451992196199_1819000007	1261101_03_s3_sb_03_trinitychurch_p02_d.bytes	6316	1233
14536053520632089838_2640227143	6063203_eliminateraid_perorozilla_indoor_heavy_veryhard_start2phase.bytes	9574	1326
14543183768323173717_3183260273	81531211_s2_01_shanhaijingstreet_p01_d.bytes	7205	1556
14546366612934927570_3031196938	8482304_01_sb_01_park_p01_d.bytes	8564	1781
14546621716003733571_348596253	8562304_01_02_forestriver_p01_d.bytes	7147	1565
14548799989503581325_1321584941	1121103_02_s3_03_underground_p02_d.bytes	11055	2097
14548873642482028355_1646242717	8372304_01_s3_02_resort_p02_d.bytes	7538	1433
1454945012260528790_2844919700	8102311_01_s3_boss_01_destroyedstreet_p01_n.bytes	7226	1399
14549466364765604332_400844008	1231102_04_s3_03_oldmansion_p01_d.bytes	9441	2043
14550666246975827437_1750530449	32102_s3_boss_03_sweeperfactory_p01_d.bytes	4303	1053
14553163295585924347_1738966268	sb_01_ruins_p02_n.bytes	1298356	346768
14557377623208211828_154409995	8062108_01_s2_02_beach_01_d_p01.bytes	8251	1875
1455751889697685285_3002996966	9121_000_03_sportscenter_p01_03.bytes	1676	569
14567300781293234499_2924397211	1232102_06_s3_boss_03_oldmansion_p01_n.bytes	9840	2076
14570739935478644759_441699882	sb_03_ruinedschool_p01_n_nodelayer.bytes	29572	276
14583104139247564482_2026498253	6082106_eliminateraid_goz_outdoor_light_insane_start2phase.bytes	831	372
14584942963770794279_3258496338	256305_worldraid_chesed_indoor_extreme.bytes	13670	1731
14594804512814991670_3857572754	en0022_hardcore.bytes	89433	3677
14595940324461710291_3785658142	sb_01_mainstreet_p02_n.bytes	1298256	361018
14603473958526490462_2432137758	6062306_eliminateraid_perorozilla_outdoor_unarmed_insane_start3phase.bytes	9573	1314
14606821851621610502_2009525477	8582307_01_sb_01_park_p02_n.bytes	5946	1203
14606909737176655102_4095660993	c_sb_03_expresstrain_p01_many.bytes	19806	2668
14606996925048886266_3466337000	208303_raid_goz_indoor_veryhard.bytes	12540	1390
14622683161734509383_1025410766	1261102_02_s3_sb_03_trinitychurch_p02_d.bytes	5964	1234
14623086028199215531_2520109063	1131101_04_s3_boss_01_slumpia_p01_d.bytes	7133	1353
1462715720150839379_4064433563	1071105_05_s3_boss_03_subway_p01_d.bytes	11525	2326
14627506696576335117_1075333652	8337304_01_03_school_p01_d.bytes	116955	2167
14628295094131449784_1629906781	510301_arena_street_stage01.bytes	3417	765
14631917172864981640_1595415862	81532121_s2_01_shanhaijingstreet_p02_d.bytes	9279	1943
14633406720919293540_716718302	6093204_eliminateraid_en0005_indoor_heavyarmor_hardcore.bytes	9400	1658
14634795384591693710_4000590569	1091101_03_s3_01_market_p02_d.bytes	10644	2018
14636053886815329460_3256252382	rb_01_en0022_p01_n_nodelayer.bytes	31452	166
14637651865773434523_1448669650	en0006_normal.bytes	3755	1028
14642886355500894677_2988303366	8192304_01_s3_01_gehennaslum_p01_d.bytes	11262	2284
14643506415686321238_2051252460	hovercrafttest.bytes	2876	1057
14644497451804142684_2730915602	1051105_02_s3_02_excavation_p02_d.bytes	9552	2020
14646118295621939253_3013467689	1292101_03_s3_sb_02_cargostation_p01_n.bytes	7335	1599
14647855318967452686_4237315013	264304_worldraid_en0011_indoor_d.bytes	16858	3723
14647912243327621878_2300540278	rb_02_en0008_p01_d_scenario02_nodelayer.bytes	22524	155
14653252186780028444_140430081	6063205_eliminateraid_perorozilla_indoor_heavy_extreme.bytes	9567	1314
1465383239542961156_1844866754	1201103_04_s1_03_buildinghallway_p01_d.bytes	5623	1200
14656349485311985316_2778124384	8334303_01_01_highway_p01_d.bytes	12002	3187
14661011992137588278_3768380163	1091102_04_s3_boss_01_market_p02_d.bytes	11051	2068
1466353939581750099_647313870	203106_raid_shirokuro_street_insane.bytes	2117	743
1466504478509029191_1068067388	1242102_05_s3_boss_sb_02_trinityisland_p01_n.bytes	7935	1480
14665422327979120831_495462971	82231111_s2_03_52301_p01_d.bytes	9227	1728
14668160335886464538_1559597967	401000220_02_s3_boss_01_schale_p01_e.bytes	22153	3613
14668500521995778041_4141921477	1081104_01_s1_03_underground_p02_d.bytes	8633	1866
14670582924674498183_2272859116	255205_worldraid_binah_outdoor_extreme_start3phase.bytes	1722	713
1467128417522615985_3707201703	257105_worldraid_hod_street_extreme_start2phase.bytes	5624	1634
14671642427460285677_2002127749	8421306_01_s3_03_underground_p02_n.bytes	6817	1271
14674061901063243633_2818654165	6022405_eliminateraid_chesed_outdoor_elasticarmor_extreme_start2phase.bytes	825	393
14674096284756971537_2827497500	30108_s3_boss_01_highway_p01_d.bytes	20064	3262
14676202990122482410_2873038292	207102_raid_hod_street_hard.bytes	6950	2137
14680478745478308698_1933775442	822221110_s2_02_52201_p01_d.bytes	8114	1731
14684918237139364653_2697123136	256301_worldraid_chesed_indoor_normal_start2phase.bytes	803	372
14686416528375487868_2768025764	en0006_hardcore.bytes	3763	1030
14689683280423754986_365446211	258301_worldraid_perorozilla_indoor_normal.bytes	9517	1298
14694195100774934978_3963438717	1272102_01_s3_sb_02_trainroof_p01_n_nosidetrain.bytes	6332	1154
14695366459729167243_138054408	8122308_01_s3_sb_03_trinitychurch_p01_d.bytes	9716	1813
14700343703150459891_3257637579	1221105_02_s3_02_resort_p01_d.bytes	7471	1440
14703371139780248138_3067865351	8183102_06_s3_boss_01_stadium_p02_d.bytes	8088	1397
14703585667671864916_1482455744	8532311_01_sb_01_hyakkiyakomatsuri_p02_n.bytes	7965	1628
14703991627127664015_387871014	6031102_eliminateraid_shirokuro_street_light_hard_start2phase.bytes	894	448
14707156329497776321_2230259048	6071102_eliminateraid_hod_street_light_hard_start2phase.bytes	5575	1626
14707196648960949503_610477130	1152102_02_s3_01_mainstreet_p01_n_s.bytes	10322	1937
14711829742619994524_1282623197	6012307_eliminateraid_binah_outdoor_unarmed_torment.bytes	6967	2204
14713761344148624235_3028548297	1172103_03_s2_03_insidecruiseship_p01_n.bytes	8224	1735
14717288545316141696_2532484002	9994_overtest02.bytes	3878	1214
14740732147325396028_3201209572	6033304_eliminateraid_shirokuro_indoor_unarmed_hardcore_start2phase.bytes	900	449
14751482026714703478_3061983830	8243104_08_s3_boss_sb_01_mainstreet_p02_n.bytes	8583	1643
14752574821512960257_507582954	8262310_01_s3_boss_01_shanhaijingstreet_p02_n.bytes	7342	1505
14752894518426091560_4111442704	combattest_hod01.bytes	1151284	284094
14754923644895432165_3313492825	9102_000_01_stadium_p01_d_01.bytes	1673	568
1475504267515834441_4166887545	8401304_01_s3_01_shanhaijingstreet_p01_n.bytes	6101	1351
14757257554057982712_2162224516	6011105_eliminateraid_binah_street_light_extreme_start3phase.bytes	1156	545
14760339236602333334_1651354450	1072102_01_s1_03_subway_p01_n.bytes	8100	1818
14761099287976092485_1593204782	1261105_02_s3_sb_03_trinitychurch_p01_d.bytes	6487	1345
14764328455223856128_2874123602	400060305_s1_03_hieronymus_p01_d_scenario01.bytes	4934	1308
14769716238374274122_4173828918	8043205_01_s3_01_gehennaslum_p01_n.bytes	7153	1579
14774276653593063055_476732859	9202_000_01_stadium_p01_d_02.bytes	6626	1269
14774320216602300679_3099104526	raidtest.bytes	7853	1376
14774389536766192123_3488397085	82200005_s2_03_52301_p01_d.bytes	9172	1765
14776120519107715158_3095968282	1181104_03_s3_01_ruins_p02_d.bytes	7320	1417
14776158795027625830_2690823917	6052103_eliminateraid_kaitengerraid_outdoor_light_veryhard_start2phase.bytes	1835	721
14778435115978522193_13005330	259305_worldraid_en0002_indoor_extreme.bytes	6260	1512
14779006313702927381_1606982122	en0010_eliminate_heavyarmor_torment.bytes	2179	795
14780669869113789792_3925908708	6071203_eliminateraid_hod_street_heavy_veryhard.bytes	7144	2158
14789679920906575149_3676173763	9011_000_02_playground_p01_02.bytes	9203	1185
14794452659209312120_165475522	sb_01_hyakkiyakomoviestreet_p02_d.bytes	1100460	293632
14799943471738791584_3088903896	8393304_01_s3_01_shanhaijingstreet_p01_n.bytes	6990	1363
14800395854063856187_4005958458	rb_02_chesed_p01_d_nodelayer.bytes	28732	288
1480235611439779534_1818271740	210204_raid_hovercraft_outdoor_hardcore_start2phase.bytes	1550	632
14803707897682738989_3396437261	rb_02_en0006_p01_d_nodelayer.bytes	15040	113
14804041326824862701_3124085420	en0011_elasticarmor_section_03.bytes	16938	3723
14804225511013568807_4211273744	8493303_01_sb_01_wildhuntstreet_p02_d.bytes	41239	2513
14810065984188795572_3684589619	8013102_04_s2_01_hyakkiyakostreet_p02_n.bytes	6491	1284
14811544921210268390_913976188	sb_01_schale_p01_nodelayer.bytes	54040	385
14816377322739409819_2469529362	8022105_06_s3_boss_01_highway_p01_n_s.bytes	8505	1794
14817045938522823273_2953347425	6011101_eliminateraid_binah_street_light_normal_start2phase.bytes	2645	1009
14817282761810718034_2671597701	sb_03_school_p02_d.bytes	929768	261362
14818735416188147291_1131578290	204103_raid_hieronymus_street_veryhard.bytes	4218	1239
14821369953628063096_829845357	81533121_s2_02_beach_p01_d.bytes	6287	1372
14825374950257253347_2646408421	8183104_06_s3_02_playground_p01.bytes	7610	1330
14825476145988186579_3098004982	en0006_eliminate_heavyarmor_hardcore.bytes	3755	1027
1482866191543379290_3289451960	205201_raid_kaitengerraid_outdoor_normal_start2phase.bytes	1814	697
14831759630413199951_1755541621	6073202_eliminateraid_hod_indoor_heavy_hard.bytes	7089	2144
14835636296902630506_1032877379	204105_raid_hieronymus_street_extreme.bytes	4215	1239
14839358573503830464_1456469012	8203104_04_s3_01_market_p01_d.bytes	11523	2132
14840075165112415613_1376654904	8021205_01_s3_01_market_p01_d_s.bytes	10542	2084
14849394775657487905_814820765	8492301_01_sb_01_wildhuntstreet_p01_d.bytes	5070	1032
14855233750277486098_4003827147	6062104_eliminateraid_perorozilla_outdoor_light_hardcore_start3phase.bytes	9625	1313
14860694540344741097_4138039841	8202304_01_s3_01_market_p01_d.bytes	12226	2315
14863042464653947325_3939842425	204307_raid_hieronymus_indoor_torment.bytes	5686	1479
14863493243299387796_3974229339	8141301_01_s3_02_desertisland_p01_d.bytes	8114	1510
14867246797627358444_2853070333	1232103_08_s3_boss_03_oldmansion_p01_n.bytes	9837	2076
14871077629039340915_1015946989	1081203_01_s3_03_munitionsfactory_p01_d.bytes	9641	1516
1487121073943613936_2154987633	267101_en0013_street_a.bytes	3590	1099
14877121533729868535_1753003549	sb_01_shanhaijingstreet_p02_n_nodelayer.bytes	27112	213
14882286851420087183_1421029678	81521213_s2_03_insidecruiseship_p02_d.bytes	8755	1845
14883872123883213925_1093349148	1172101_03_s3_03_insidecruiseship_p02_n.bytes	9782	1926
14885642822342722329_4199144615	6062404_eliminateraid_perorozilla_outdoor_elasticarmor_hardcore_start3phase.bytes	9677	1317
14889828114539026327_1060436045	8022101_03_s3_boss_01_redwinterstreet_p01_d.bytes	9259	1812
14890538029706250052_1463177114	1281103_02_s3_sb_01_hyakkiyakostreet_p01_d.bytes	7258	1436
14894006360878296058_3329789639	1202101_05_s3_boss_03_sportscenter_p01.bytes	7494	1404
14894761586326080245_1062431636	6073405_eliminateraid_hod_indoor_elastic_extreme_start4phase.bytes	1147	526
14897712217650918694_1947182300	en0010_eliminate_unarmed_insane.bytes	2171	789
1489989555454469771_175380440	203301_raid_shirokuro_indoor_normal.bytes	2120	738
14904916732871509212_1047261214	1251101_01_s3_sb_01_hyakkiyakomatsuri_p01_d.bytes	11099	2142
14905947247357438099_3369872334	1282103_06_s3_sb_01_hyakkiyakotraditionalstreet_p02_n.bytes	8670	1470
14906755847654378327_3250185212	401000201_03_s3_02_riverside_p01_e.bytes	6320	1249
14909476582544679695_1172684118	1292101_05_s3_sb_02_cargostation_p01_n.bytes	7335	1599
14912279344914808056_1476404756	8053302_01_s3_boss_01_shanhaijingstreet_p02_n.bytes	10622	1788
14914641060648006085_363188867	6063104_eliminateraid_perorozilla_indoor_light_hardcore_start2phase.bytes	9574	1325
14917598154835344112_1081694060	1031103_01_s1_01_highway_p01_d.bytes	3337	961
14918522307212530549_3334558573	6031105_eliminateraid_shirokuro_street_light_extreme_start2phase.bytes	897	449
14922732354378468196_1106525658	8442302_01_sb_02_playground_p01.bytes	5269	1059
14922898448688834340_1483197121	6063203_eliminateraid_perorozilla_indoor_elasticarmor_veryhard_start2phase.bytes	9626	1328
14934650422123430273_3618410329	8033206_01_s3_boss_02_beach_p01_n.bytes	9256	1903
14934916388963378689_2547990401	1121104_02_s3_03_subway_p02_d.bytes	10952	2147
14935872170369442040_2600168921	8273104_01_s3_boss_02_harbor_p01_n.bytes	8257	1761
14941811996113758953_869887494	8292306_01_s3_02_snowmountain_p01_d.bytes	5144	1062
14943344213246512395_1349918336	sb_02_desertisland_p02_n.bytes	1298136	346006
14945205207749237177_533301682	8092310_01_s3_boss_02_newyearpath_p02_n.bytes	7187	1488
14948013894740123228_1043539665	sb_03_tatamiroom_p01_n.bytes	1240836	330085
14949901539873896795_3851092122	1042101_02_s3_02_riverside_p02_n.bytes	7511	1603
14955520719703195203_1678069180	1161103_05_s3_boss_02_excavation_p01_d.bytes	6545	1436
14955537568079380362_2139148446	6023404_eliminateraid_chesed_indoor_elasticarmor_hardcore_start2phase.bytes	825	392
14958614744714541045_307684429	6071202_eliminateraid_hod_street_heavy_hard_start4phase.bytes	1143	527
14959684224486966823_2219558829	8583303_01_sb_02_harbor_p01_n.bytes	2066	765
14960538660818623342_354018926	257103_worldraid_hod_street_veryhard_start2phase.bytes	5636	1634
14961866413910110953_2624764129	82242111_s2_03_52302_p01_d.bytes	8714	1848
14962543206721159461_2003909328	8103303_01_s3_boss_01_destroyedhighway_p01_n.bytes	9287	1783
14962979183593063047_41368010	en0010_eliminate_unarmed_hard_2phase.bytes	935	449
14966851490312033429_1764626559	400020206_s3_03_buildinghallway_p01_d.bytes	14143	2244
14972654545437243442_4234955252	1142102_05_s3_boss_03_ruinedschool_p02_n.bytes	9708	1903
14974366576301510370_451966828	8123104_07_s3_sb_03_trinitychurch_p01_n.bytes	8934	1661
14977450478010396742_1512724701	1271101_02_s3_sb_02_trainroof_p01_d_nosidetrain.bytes	5749	1094
14980449541387265142_29011204	260317.wlt	42069	5630
14985054097187318009_3384434380	1071105_01_s1_03_subway_p02_d.bytes	6981	1642
14985430921524667894_286939132	8033301_01_s3_boss_02_beach_p02_d.bytes	13293	2493
14986208165953679544_3583436685	1101103_03_s3_01_ruins_p02_d.bytes	9340	1865
14986952987927260803_605638701	rb_02_binah_p01_s.bytes	1013500	311665
14988642931214482412_3769163233	8083102_03_s3_02_hotsprings_p02_n.bytes	6844	1436
14988844284899975200_3248458126	6083104_eliminateraid_goz_indoor_light_hardcore_start2phase.bytes	755	348
14990671636492145567_2791716158	6073303_eliminateraid_hod_indoor_unarmed_veryhard_start4phase.bytes	1143	524
14992493023104211617_365297201	8032303_01_s3_boss_02_beach_p02_d.bytes	9662	2140
14994950743838733183_67068854	9313_000_02_playground_p01_04.bytes	4410	1186
14995481401593898071_2930963690	1192103_04_s3_02_snowmountain_p02_n.bytes	6851	1353
14998823717248507305_182409186	1202101_03_s3_03_sportscenter_p01_n.bytes	8003	1417
15004886938067856726_485068439	8473304_01_sb_02_harbor_p01_d.bytes	5093	1153
15009610307584596895_3485810652	8052301_01_s3_01_shanhaijingstreet_p01_d.bytes	8172	1649
15009892015731144359_341651023	6051306_eliminateraid_kaitengerraid_street_unarmed_insane_start2phase.bytes	1447	647
15012238244843453617_1465230816	6063207_eliminateraid_perorozilla_indoor_heavy_torment_start2phase.bytes	9801	1335
15024808998680207344_3058213159	254304_worldraid_hieronymus_indoor_hardcore.bytes	5836	1467
15026562705718560595_171601624	8412303_01_s3_03_school_p01_d.bytes	5726	1280
15030272509572519576_37964915	8482312_01_sb_02_resort_p02_n.bytes	7687	1496
150317840188294011_2151267407	8173104_06_s3_sb_01_stadium_p01_n.bytes	7210	1377
15033230780803782985_2438121897	201206_raid_binah_outdoor_insane.bytes	6958	2194
15040601892991231102_2787851712	257101_worldraid_hod_street_normal_start2phase.bytes	5612	1634
15045570296781907419_280364375	8312306_01_s3_03_underground_p02_d.bytes	6308	1264
15046200464613362613_1224011878	sb_02_newyearpath_p01_d.bytes	1267392	375543
15046448867194760798_3855247063	207102_raid_hod_street_hard_start3phase.bytes	1537	667
15048638260834976495_3988521518	204107_raid_hieronymus_street_torment_start2phase.bytes	2066	764
15048690823557724174_313672474	1231103_02_s3_03_oldmansion_p02_d.bytes	6751	1480
15051729039081000571_690961333	9211_000_02_playground_p01_03.bytes	6466	1253
15055427383707557508_337416944	208202_raid_goz_outdoor_hard_start2phase.bytes	826	367
15056697506665821081_1300037039	81521131_s2_boss_03_insidecruiseship_p01_d.bytes	7983	1762
15056901743932432401_2437696598	400060211_s3_01_sb_01_ariusstreet_p01_d.bytes	1379	575
15059387488426143274_9250283	6051203_eliminateraid_kaitengerraid_street_heavy_veryhard.bytes	4885	1440
15061338377129637707_209841250	8053203_01_s3_01_shanhaijingstreet_p02_n.bytes	10107	1989
15064830276787317351_926522469	8062102_01_s3_02_beach_01_d_p01.bytes	9560	2025
15068839416208643687_413894400	270301_worldraid_en0020_street_v01_c_start2phase.bytes	11033	2129
15069247013090037461_1774316469	8462308_01_sb_02_cargostation_p02_n.bytes	7536	1708
15069720589240727783_3018637686	6083206_eliminateraid_goz_indoor_heavy_insane.bytes	12844	1406
15070060711953119799_124081321	8422301_01_s3_03_buildinghallway_p01_d.bytes	6522	1255
15070265594093076878_3319742012	6071103_eliminateraid_hod_street_light_veryhard.bytes	7144	2159
15073271104984131295_969158057	8473302_01_sb_03_insidecruiseship_p02_d.bytes	1042	409
15079541069676228346_1178076738	8141309_01_s3_02_desertisland_p02_d.bytes	7959	1468
15085838817294225731_3994849138	character_resource_test_11.bytes	6862	1608
15088207885851720264_3068043239	8273305_01_s3_boss_02_harbor_p02_n.bytes	22867	4079
15089586925988112855_464234227	en0011_atgtest.bytes	16946	3726
15089608907950176576_3056571581	6012205_eliminateraid_binah_outdoor_heavy_extreme_start3phase.bytes	1831	744
15090852161738230145_1065210779	6033105_eliminateraid_shirokuro_indoor_light_extreme_start2phase.bytes	902	451
15092975262269361700_1747119717	269101_en0015_enhanced_street_b_2phase.bytes	888	441
15094345018389500769_1311758976	6041102_eliminateraid_hieronymus_street_lightarmor_hard.bytes	4269	1252
1509651066036829990_622512503	en0006_hardcore_3phase.bytes	1256	539
15097325575102432835_1271167885	1262103_03_s3_sb_03_trinitychurch_p02_n.bytes	6329	1292
15098000079184892686_1842983836	sb_01_market_p01_d.bytes	1298356	362143
15104548110609921624_2761098299	6041203_eliminateraid_hieronymus_street_heavyarmor_veryhard_start2phase.bytes	1989	761
15108634416088669553_3718321828	822221310_s1_02_52201_p01_d.bytes	8205	1830
15108913709085683039_4058962258	8083102_06_s3_boss_02_hotsprings_p01_n.bytes	9789	1994
15111591984003259938_3231572856	6071402_eliminateraid_hod_street_elastic_hard.bytes	7118	2155
15113424185441522750_1653037255	1211102_02_s3_01_destroyedstreet_p01_d.bytes	7563	1483
1511360729685778916_85253411	6062307_eliminateraid_perorozilla_outdoor_unarmed_torment_start2phase.bytes	9768	1323
15116065147050579369_291277692	1051205_01_s3_02_excavation_p02_d.bytes	9552	1996
15117472361137241262_1883269590	1191208_01_s3_02_snowmountain_p01_d.bytes	6668	1321
1512017400966163028_647446442	8352310_01_s3_hyakkiyakomatsuri_p01_d.bytes	11735	2170
15123443466579192109_2455767115	8503303_01_sb_01_wildhuntstreet_p01_d.bytes	2289	557
15125770190259320810_1045175848	en0010_eliminate_unarmed_torment_2phase.bytes	941	452
15126204628950413774_2293310743	1072101_01_s1_03_school_p01_n.bytes	8704	2016
15132901009408808687_1087177658	6052401_eliminateraid_kaitengerraid_outdoor_elasticarmor_normal_start2phase.bytes	1835	721
15133392366056316360_2182832403	8572303_01_sb_01_backstreet_p02_n.bytes	6498	1231
15133545901396473831_3099946415	sb_02_riverside_p02_n_nodelayer.bytes	29572	232
15135429802260686469_2035461175	1061103_01_s2_02_snowmountain_p01_d.bytes	5564	1173
15135437277540163263_3779867432	6012405_eliminateraid_binah_outdoor_elasticarmor_extreme_start3phase.bytes	1833	745
15136845329872571796_3904397551	1262103_04_s3_sb_03_trinitychurch_p01_n.bytes	6049	1222
15137788353055558907_2947471930	400010217_s3_02_excavation_p02_d.bytes	7196	1541
15140159809588716187_3476426270	9932_en0020_2phase_test.bytes	1093	488
15144164571053994237_1415778001	8211301_event821_binah_outdoor_hardcore_start2phase.bytes	4213	1512
15145611420443694340_511664258	sb_02_deserttrack_p02_d.bytes	1298080	378142
15147126924736153307_3855563201	6102201_eliminateraid_hovercraft_outdoor_heavyarmor_normal.bytes	2876	1029
15147468803985994507_2323787590	400060210_s3_01_sb_01_ariusstreet_p01_d.bytes	6194	1363
15149489010352241369_3698867701	8592305_01_sb_01_shanhaijingstreet_p02_n.bytes	6156	1179
15150809256547008786_3296866522	270301_worldraid_en0020_street_v01_a.bytes	16171	2780
15157982756940687069_2470849680	1211105_06_s3_boss_01_ariusstreet_p01_d.bytes	10307	2418
15159621615432105382_3609021179	6011301_eliminateraid_binah_street_unarmed_normal_start2phase.bytes	2642	1006
15161051334998504687_3940260425	1231104_02_s3_03_oldmansion_p02_d.bytes	7071	1515
15162329530444145880_2163832726	1201205_01_s3_03_buildinghallway_p01_d.bytes	8385	1533
15162564535103829771_1464714998	6031402_eliminateraid_shirokuro_street_elasticarmor_hard.bytes	2130	751
15163346623953381968_4167592637	8262307_01_s3_01_shanhaijingstreet_p01_d.bytes	10026	2205
15169339805156596878_3919463130	1161206_01_s3_02_riverside_p02_d.bytes	6558	1439
15169557140548734580_537477444	205201_raid_kaitengerraid_outdoor_normal.bytes	5742	1561
15170906905187188995_350656426	changelooktargettest.bytes	2060	571
15171489324176746188_1544061357	strategymap_1011101.json	2682	669
15171489324176746188_1544061357	strategymap_1011102.json	2889	684
15171489324176746188_1544061357	strategymap_1011103.json	2894	689
15171489324176746188_1544061357	strategymap_1011104.json	3510	714
15171489324176746188_1544061357	strategymap_1011105.json	3681	731
15171489324176746188_1544061357	strategymap_1012101.json	3302	715
15171489324176746188_1544061357	strategymap_1012102.json	3301	724
15171489324176746188_1544061357	strategymap_1012103.json	4042	744
15171489324176746188_1544061357	strategymap_1021101.json	3736	739
15171489324176746188_1544061357	strategymap_1021102.json	3681	735
15171489324176746188_1544061357	strategymap_1021103.json	3673	729
15171489324176746188_1544061357	strategymap_1021104.json	3505	708
15171489324176746188_1544061357	strategymap_1021105.json	3878	741
15171489324176746188_1544061357	strategymap_1022101.json	4420	785
15171489324176746188_1544061357	strategymap_1022102.json	4813	783
15171489324176746188_1544061357	strategymap_1022103.json	4847	774
15171489324176746188_1544061357	strategymap_1031101.json	4869	838
15171489324176746188_1544061357	strategymap_1031102.json	4873	839
15171489324176746188_1544061357	strategymap_1031103.json	4705	827
15171489324176746188_1544061357	strategymap_1031104.json	5779	886
15171489324176746188_1544061357	strategymap_1031105.json	5768	880
15171489324176746188_1544061357	strategymap_1032101.json	5939	892
15171489324176746188_1544061357	strategymap_1032102.json	6237	894
15171489324176746188_1544061357	strategymap_1032103.json	6767	943
15171489324176746188_1544061357	strategymap_1041101.json	4045	755
15171489324176746188_1544061357	strategymap_1041102.json	4415	777
15171489324176746188_1544061357	strategymap_1041103.json	4045	748
15171489324176746188_1544061357	strategymap_1041104.json	4411	772
15171489324176746188_1544061357	strategymap_1041105.json	4443	768
15171489324176746188_1544061357	strategymap_1042101.json	5181	798
15171489324176746188_1544061357	strategymap_1042102.json	5046	808
15171489324176746188_1544061357	strategymap_1042103.json	5181	806
15171489324176746188_1544061357	strategymap_1051101.json	4342	804
15171489324176746188_1544061357	strategymap_1051102.json	4510	819
15171489324176746188_1544061357	strategymap_1051103.json	4759	823
15171489324176746188_1544061357	strategymap_1051104.json	5412	867
15171489324176746188_1544061357	strategymap_1051105.json	5729	865
15171489324176746188_1544061357	strategymap_1052101.json	5650	873
15171489324176746188_1544061357	strategymap_1052102.json	6708	933
15171489324176746188_1544061357	strategymap_1052103.json	7153	941
15171489324176746188_1544061357	strategymap_1061101.json	5684	865
15171489324176746188_1544061357	strategymap_1061102.json	6050	889
15171489324176746188_1544061357	strategymap_1061103.json	6749	926
15171489324176746188_1544061357	strategymap_1061104.json	5933	894
15171489324176746188_1544061357	strategymap_1061105.json	7562	952
15171489324176746188_1544061357	strategymap_1062101.json	6431	919
15171489324176746188_1544061357	strategymap_1062102.json	7287	951
15171489324176746188_1544061357	strategymap_1062103.json	7530	958
15171489324176746188_1544061357	strategymap_1071101.json	6251	851
15171489324176746188_1544061357	strategymap_1071102.json	5477	824
15171489324176746188_1544061357	strategymap_1071103.json	5109	811
15171489324176746188_1544061357	strategymap_1071104.json	6686	870
15171489324176746188_1544061357	strategymap_1071105.json	6682	882
15171489324176746188_1544061357	strategymap_1072101.json	5964	831
15171489324176746188_1544061357	strategymap_1072102.json	6315	857
15171489324176746188_1544061357	strategymap_1072103.json	7423	910
15171489324176746188_1544061357	strategymap_1081101.json	6227	901
15171489324176746188_1544061357	strategymap_1081102.json	6418	918
15171489324176746188_1544061357	strategymap_1081103.json	6426	918
15171489324176746188_1544061357	strategymap_1081104.json	7781	968
15171489324176746188_1544061357	strategymap_1081105.json	7579	961
15171489324176746188_1544061357	strategymap_1082101.json	8300	1007
15171489324176746188_1544061357	strategymap_1082102.json	10337	1090
15171489324176746188_1544061357	strategymap_1082103.json	8473	1002
15171489324176746188_1544061357	strategymap_1091101.json	5414	869
15171489324176746188_1544061357	strategymap_1091102.json	5503	877
15171489324176746188_1544061357	strategymap_1091103.json	6753	893
15171489324176746188_1544061357	strategymap_1091104.json	7575	956
15171489324176746188_1544061357	strategymap_1091105.json	7810	956
15171489324176746188_1544061357	strategymap_1092101.json	6112	885
15171489324176746188_1544061357	strategymap_1092102.json	7325	944
15171489324176746188_1544061357	strategymap_1092103.json	8955	1008
15171489324176746188_1544061357	strategymap_1101101.json	6724	916
15171489324176746188_1544061357	strategymap_1101102.json	7553	958
15171489324176746188_1544061357	strategymap_1101103.json	7742	961
15171489324176746188_1544061357	strategymap_1101104.json	8825	1003
15171489324176746188_1544061357	strategymap_1101105.json	9025	1029
15171489324176746188_1544061357	strategymap_1102101.json	6975	952
15171489324176746188_1544061357	strategymap_1102102.json	8776	1012
15171489324176746188_1544061357	strategymap_1102103.json	10462	1074
15171489324176746188_1544061357	strategymap_1111101.json	6783	923
15171489324176746188_1544061357	strategymap_1111102.json	6786	921
15171489324176746188_1544061357	strategymap_1111103.json	7110	935
15171489324176746188_1544061357	strategymap_1111104.json	7297	929
15171489324176746188_1544061357	strategymap_1111105.json	9079	1022
15171489324176746188_1544061357	strategymap_1112101.json	8130	994
15171489324176746188_1544061357	strategymap_1112102.json	8432	997
15171489324176746188_1544061357	strategymap_1112103.json	8971	1022
15171489324176746188_1544061357	strategymap_1121101.json	6422	905
15171489324176746188_1544061357	strategymap_1121102.json	7654	978
15171489324176746188_1544061357	strategymap_1121103.json	7186	934
15171489324176746188_1544061357	strategymap_1121104.json	7573	955
15171489324176746188_1544061357	strategymap_1121105.json	9172	1061
15171489324176746188_1544061357	strategymap_1121201.json	9620	1090
15171489324176746188_1544061357	strategymap_1121202.json	3836	741
15171489324176746188_1544061357	strategymap_1121203.json	4250	755
15171489324176746188_1544061357	strategymap_1122101.json	7387	946
15171489324176746188_1544061357	strategymap_1122102.json	9025	1033
15171489324176746188_1544061357	strategymap_1122103.json	10942	1142
15171489324176746188_1544061357	strategymap_1131101.json	5806	901
15171489324176746188_1544061357	strategymap_1131102.json	5233	864
15171489324176746188_1544061357	strategymap_1131103.json	7081	934
15171489324176746188_1544061357	strategymap_1131104.json	6695	914
15171489324176746188_1544061357	strategymap_1131105.json	8331	969
15171489324176746188_1544061357	strategymap_1132101.json	7571	961
15171489324176746188_1544061357	strategymap_1132102.json	8303	970
15171489324176746188_1544061357	strategymap_1132103.json	8706	981
15171489324176746188_1544061357	strategymap_1141101.json	6636	963
15171489324176746188_1544061357	strategymap_1141102.json	6439	971
15171489324176746188_1544061357	strategymap_1141103.json	7501	1012
15171489324176746188_1544061357	strategymap_1141104.json	7292	979
15171489324176746188_1544061357	strategymap_1141105.json	8806	1058
15171489324176746188_1544061357	strategymap_1142101.json	7574	1021
15171489324176746188_1544061357	strategymap_1142102.json	7851	1004
15171489324176746188_1544061357	strategymap_1142103.json	9761	1109
15171489324176746188_1544061357	strategymap_1151101.json	6737	944
15171489324176746188_1544061357	strategymap_1151102.json	6943	955
15171489324176746188_1544061357	strategymap_1151103.json	6978	907
15171489324176746188_1544061357	strategymap_1151104.json	7851	999
15171489324176746188_1544061357	strategymap_1151105.json	9667	1054
15171489324176746188_1544061357	strategymap_1152101.json	7318	986
15171489324176746188_1544061357	strategymap_1152102.json	8962	1059
15171489324176746188_1544061357	strategymap_1152103.json	11320	1145
15171489324176746188_1544061357	strategymap_1161101.json	7507	1005
15171489324176746188_1544061357	strategymap_1161102.json	7512	1005
15171489324176746188_1544061357	strategymap_1161103.json	7508	1013
15171489324176746188_1544061357	strategymap_1161104.json	8047	1018
15171489324176746188_1544061357	strategymap_1161105.json	8529	1053
15171489324176746188_1544061357	strategymap_1162101.json	8240	1040
15171489324176746188_1544061357	strategymap_1162102.json	7663	1006
15171489324176746188_1544061357	strategymap_1162103.json	10137	1111
15171489324176746188_1544061357	strategymap_1171101.json	5191	838
15171489324176746188_1544061357	strategymap_1171102.json	6412	891
15171489324176746188_1544061357	strategymap_1171103.json	8001	966
15171489324176746188_1544061357	strategymap_1171104.json	7063	916
15171489324176746188_1544061357	strategymap_1171105.json	8015	983
15171489324176746188_1544061357	strategymap_1172101.json	7915	964
15171489324176746188_1544061357	strategymap_1172102.json	7881	977
15171489324176746188_1544061357	strategymap_1172103.json	10592	1070
15171489324176746188_1544061357	strategymap_1181101.json	5923	883
15171489324176746188_1544061357	strategymap_1181102.json	6125	884
15171489324176746188_1544061357	strategymap_1181103.json	7601	945
15171489324176746188_1544061357	strategymap_1181104.json	9284	1039
15171489324176746188_1544061357	strategymap_1181105.json	9020	993
15171489324176746188_1544061357	strategymap_1182101.json	8256	989
15171489324176746188_1544061357	strategymap_1182102.json	9457	1054
15171489324176746188_1544061357	strategymap_1182103.json	10993	1087
15171489324176746188_1544061357	strategymap_1191101.json	6376	946
15171489324176746188_1544061357	strategymap_1191102.json	7078	954
15171489324176746188_1544061357	strategymap_1191103.json	7887	992
15171489324176746188_1544061357	strategymap_1191104.json	9380	1069
15171489324176746188_1544061357	strategymap_1191105.json	10428	1118
15171489324176746188_1544061357	strategymap_1192101.json	9028	1084
15171489324176746188_1544061357	strategymap_1192102.json	10118	1127
15171489324176746188_1544061357	strategymap_1192103.json	12762	1221
15171489324176746188_1544061357	strategymap_1201101.json	6640	961
15171489324176746188_1544061357	strategymap_1201102.json	7688	983
15171489324176746188_1544061357	strategymap_1201103.json	7487	978
15171489324176746188_1544061357	strategymap_1201104.json	8222	1020
15171489324176746188_1544061357	strategymap_1201105.json	7686	984
15171489324176746188_1544061357	strategymap_1202101.json	7716	1013
15171489324176746188_1544061357	strategymap_1202102.json	9078	1053
15171489324176746188_1544061357	strategymap_1202103.json	12640	1218
15171489324176746188_1544061357	strategymap_1211101.json	6690	920
15171489324176746188_1544061357	strategymap_1211102.json	6895	925
15171489324176746188_1544061357	strategymap_1211103.json	8566	1044
15171489324176746188_1544061357	strategymap_1211104.json	9305	1090
15171489324176746188_1544061357	strategymap_1211105.json	8561	1049
15171489324176746188_1544061357	strategymap_1212101.json	8626	1059
15171489324176746188_1544061357	strategymap_1212102.json	9501	1084
15171489324176746188_1544061357	strategymap_1212103.json	12168	1201
15171489324176746188_1544061357	strategymap_1221101.json	6583	931
15171489324176746188_1544061357	strategymap_1221102.json	7513	1007
15171489324176746188_1544061357	strategymap_1221103.json	8392	1036
15171489324176746188_1544061357	strategymap_1221104.json	10602	1155
15171489324176746188_1544061357	strategymap_1221105.json	9899	1115
15171489324176746188_1544061357	strategymap_1222101.json	8928	1026
15171489324176746188_1544061357	strategymap_1222102.json	9124	1078
15171489324176746188_1544061357	strategymap_1222103.json	12508	1244
15171489324176746188_1544061357	strategymap_1231101.json	7720	1011
15171489324176746188_1544061357	strategymap_1231102.json	9282	1102
15171489324176746188_1544061357	strategymap_1231103.json	9717	1133
15171489324176746188_1544061357	strategymap_1231104.json	8195	1033
15171489324176746188_1544061357	strategymap_1231105.json	10935	1161
15171489324176746188_1544061357	strategymap_1232101.json	10245	1189
15171489324176746188_1544061357	strategymap_1232102.json	10474	1154
15171489324176746188_1544061357	strategymap_1232103.json	12756	1263
15171489324176746188_1544061357	strategymap_1241101.json	7359	960
15171489324176746188_1544061357	strategymap_1241102.json	6785	929
15171489324176746188_1544061357	strategymap_1241103.json	8004	993
15171489324176746188_1544061357	strategymap_1241104.json	10335	1061
15171489324176746188_1544061357	strategymap_1241105.json	9580	1032
15171489324176746188_1544061357	strategymap_1242101.json	7863	992
15171489324176746188_1544061357	strategymap_1242102.json	8738	1027
15171489324176746188_1544061357	strategymap_1242103.json	12735	1201
15171489324176746188_1544061357	strategymap_1251101.json	6889	933
15171489324176746188_1544061357	strategymap_1251102.json	8539	989
15171489324176746188_1544061357	strategymap_1251103.json	8564	1050
15171489324176746188_1544061357	strategymap_1251104.json	9310	1092
15171489324176746188_1544061357	strategymap_1251105.json	9307	1085
15171489324176746188_1544061357	strategymap_1252101.json	8637	1064
15171489324176746188_1544061357	strategymap_1252102.json	10344	1133
15171489324176746188_1544061357	strategymap_1252103.json	12644	1219
15171489324176746188_1544061357	strategymap_1261101.json	6450	914
15171489324176746188_1544061357	strategymap_1261102.json	7329	984
15171489324176746188_1544061357	strategymap_1261103.json	8190	1010
15171489324176746188_1544061357	strategymap_1261104.json	10398	1155
15171489324176746188_1544061357	strategymap_1261105.json	9719	1115
15171489324176746188_1544061357	strategymap_1262101.json	8760	1025
15171489324176746188_1544061357	strategymap_1262102.json	8914	1055
15171489324176746188_1544061357	strategymap_1262103.json	12220	1216
15171489324176746188_1544061357	strategymap_1271101.json	7086	946
15171489324176746188_1544061357	strategymap_1271102.json	8897	1005
15171489324176746188_1544061357	strategymap_1271103.json	8356	1031
15171489324176746188_1544061357	strategymap_1271104.json	9100	1067
15171489324176746188_1544061357	strategymap_1271105.json	9096	1068
15171489324176746188_1544061357	strategymap_1272101.json	8448	1044
15171489324176746188_1544061357	strategymap_1272102.json	10107	1106
15171489324176746188_1544061357	strategymap_1272103.json	12502	1200
15171489324176746188_1544061357	strategymap_1281101.json	7490	971
15171489324176746188_1544061357	strategymap_1281102.json	8299	991
15171489324176746188_1544061357	strategymap_1281103.json	8357	1042
15171489324176746188_1544061357	strategymap_1281104.json	9090	1083
15171489324176746188_1544061357	strategymap_1281105.json	9092	1076
15171489324176746188_1544061357	strategymap_1282101.json	8454	1045
15171489324176746188_1544061357	strategymap_1282102.json	10101	1101
15171489324176746188_1544061357	strategymap_1282103.json	12500	1207
15171489324176746188_1544061357	strategymap_1291101.json	7769	981
15171489324176746188_1544061357	strategymap_1291102.json	9613	1055
15171489324176746188_1544061357	strategymap_1291103.json	12901	1189
15171489324176746188_1544061357	strategymap_1291104.json	15347	1295
15171489324176746188_1544061357	strategymap_1291105.json	15701	1295
15171489324176746188_1544061357	strategymap_1292101.json	13778	1234
15171489324176746188_1544061357	strategymap_1292102.json	15772	1327
15171489324176746188_1544061357	strategymap_1292103.json	14935	1300
15171489324176746188_1544061357	strategymap_1301101.json	6034	904
15171489324176746188_1544061357	strategymap_1301102.json	6780	967
15171489324176746188_1544061357	strategymap_1301103.json	7374	984
15171489324176746188_1544061357	strategymap_1301104.json	7307	988
15171489324176746188_1544061357	strategymap_1301105.json	8938	1056
15171489324176746188_1544061357	strategymap_1302101.json	8931	1044
15171489324176746188_1544061357	strategymap_1302102.json	10068	1090
15171489324176746188_1544061357	strategymap_1302103.json	11409	1167
15171489324176746188_1544061357	strategymap_401000114.json	5592	836
15171489324176746188_1544061357	strategymap_401000201.json	9519	1097
15171489324176746188_1544061357	strategymap_401000206.json	5055	881
15171489324176746188_1544061357	strategymap_401000209.json	7005	969
15171489324176746188_1544061357	strategymap_401000212.json	5652	897
15171489324176746188_1544061357	strategymap_401000215.json	4787	877
15171489324176746188_1544061357	strategymap_401000217.json	4379	865
15171489324176746188_1544061357	strategymap_401000220.json	4376	860
15171489324176746188_1544061357	strategymap_401000314.json	8543	1039
15171489324176746188_1544061357	strategymap_8013102.json	13063	1243
15171489324176746188_1544061357	strategymap_8021101.json	3969	821
15171489324176746188_1544061357	strategymap_8021102.json	4992	871
15171489324176746188_1544061357	strategymap_8021103.json	4825	860
15171489324176746188_1544061357	strategymap_8021104.json	4216	826
15171489324176746188_1544061357	strategymap_8021105.json	4989	861
15171489324176746188_1544061357	strategymap_8022101.json	5699	896
15171489324176746188_1544061357	strategymap_8022102.json	6296	923
15171489324176746188_1544061357	strategymap_8022103.json	4818	846
15171489324176746188_1544061357	strategymap_8022104.json	7953	1010
15171489324176746188_1544061357	strategymap_8022105.json	8160	1020
15171489324176746188_1544061357	strategymap_8022106.json	7962	1008
15171489324176746188_1544061357	strategymap_8022107.json	9019	1064
15171489324176746188_1544061357	strategymap_8023101.json	13167	1256
15171489324176746188_1544061357	strategymap_8031101.json	3495	750
15171489324176746188_1544061357	strategymap_8031102.json	4743	794
15171489324176746188_1544061357	strategymap_8031103.json	4541	787
15171489324176746188_1544061357	strategymap_8031104.json	5505	868
15171489324176746188_1544061357	strategymap_8031105.json	5113	859
15171489324176746188_1544061357	strategymap_8032104.json	6040	894
15171489324176746188_1544061357	strategymap_8032108.json	8550	1011
15171489324176746188_1544061357	strategymap_8032112.json	7534	975
15171489324176746188_1544061357	strategymap_8033103.json	13491	1228
15171489324176746188_1544061357	strategymap_8061106.json	4161	783
15171489324176746188_1544061357	strategymap_8062101.json	4152	784
15171489324176746188_1544061357	strategymap_8062102.json	4806	803
15171489324176746188_1544061357	strategymap_8062103.json	4151	788
15171489324176746188_1544061357	strategymap_8062104.json	7868	939
15171489324176746188_1544061357	strategymap_8062105.json	7215	914
15171489324176746188_1544061357	strategymap_8062106.json	6479	887
15171489324176746188_1544061357	strategymap_8062107.json	8451	974
15171489324176746188_1544061357	strategymap_8062108.json	7420	922
15171489324176746188_1544061357	strategymap_8062109.json	8164	966
15171489324176746188_1544061357	strategymap_8063102.json	12782	1172
15171489324176746188_1544061357	strategymap_8081106.json	6475	949
15171489324176746188_1544061357	strategymap_8082104.json	6687	975
15171489324176746188_1544061357	strategymap_8082108.json	8399	1022
15171489324176746188_1544061357	strategymap_8082112.json	7758	1008
15171489324176746188_1544061357	strategymap_8083102.json	7747	1011
15171489324176746188_1544061357	strategymap_8083104.json	13990	1289
15171489324176746188_1544061357	strategymap_8093102.json	8728	1046
15171489324176746188_1544061357	strategymap_8093104.json	14027	1300
15171489324176746188_1544061357	strategymap_8103102.json	7628	933
15171489324176746188_1544061357	strategymap_8103104.json	6294	893
15171489324176746188_1544061357	strategymap_8123102.json	6626	857
15171489324176746188_1544061357	strategymap_8123104.json	12732	1210
15171489324176746188_1544061357	strategymap_8123302.json	6634	864
15171489324176746188_1544061357	strategymap_8133102.json	7415	911
15171489324176746188_1544061357	strategymap_8133104.json	7361	882
15171489324176746188_1544061357	strategymap_8143102.json	7688	980
15171489324176746188_1544061357	strategymap_8143104.json	11158	1121
15171489324176746188_1544061357	strategymap_8163102.json	7339	973
15171489324176746188_1544061357	strategymap_8163104.json	15397	1329
15171489324176746188_1544061357	strategymap_8173102.json	8709	998
15171489324176746188_1544061357	strategymap_8173104.json	12794	1183
15171489324176746188_1544061357	strategymap_8183102.json	7727	986
15171489324176746188_1544061357	strategymap_8183104.json	15701	1343
15171489324176746188_1544061357	strategymap_8193102.json	8743	1050
15171489324176746188_1544061357	strategymap_8193104.json	16186	1386
15171489324176746188_1544061357	strategymap_8203102.json	7972	962
15171489324176746188_1544061357	strategymap_8203104.json	12985	1207
15171489324176746188_1544061357	strategymap_8243102.json	8067	1022
15171489324176746188_1544061357	strategymap_8243104.json	13516	1248
15171489324176746188_1544061357	strategymap_8253102.json	12990	1242
15171489324176746188_1544061357	strategymap_8253104.json	16026	1366
15171489324176746188_1544061357	strategymap_8263102.json	8257	1048
15171489324176746188_1544061357	strategymap_8263104.json	16278	1402
15171489324176746188_1544061357	strategymap_8273102.json	7769	1020
15171489324176746188_1544061357	strategymap_8273104.json	11885	1270
15171489324176746188_1544061357	strategytest.json	12165	1042
15171489324176746188_1544061357	strategytest_0911.json	10384	1129
15171489324176746188_1544061357	strategytest_1011102.json	4549	790
15171489324176746188_1544061357	testtest.json	4031	484
15172563724849308222_880716318	6071302_eliminateraid_hod_street_unarmed_hard_start4phase.bytes	1140	524
1517542945388383441_1621852796	60203_s1_boss_01_gehennaslum_p02_d.bytes	4831	1291
15180314937924379779_15867015	1092103_05_s3_01_park_p02_n.bytes	9943	2019
15180496179541838412_233784333	6033106_eliminateraid_shirokuro_indoor_light_insane_start2phase.bytes	901	451
15182848138097482060_2347643523	8123104_04_s3_sb_03_trinitychurch_p02_n.bytes	9348	1653
151849707092516127_3982606774	1241101_02_s3_sb_02_rainforest_p02_d.bytes	6379	1235
15187632928215187337_2228862623	8123102_04_s3_sb_03_trinitychurch_p01_n.bytes	9300	1674
15188767759147260485_2908679873	1202102_03_s3_03_sportscenter_p01_n.bytes	6963	1324
15188776189590437148_4232209208	6102201_eliminateraid_hovercraft_outdoor_heavyarmor_normal_start2phase.bytes	1544	632
15189337417721640661_3072276629	9023_000_03_sportscenter_p01_02.bytes	9339	1204
15195801460194393430_1353093588	8413303_01_s3_01_park_p01_n.bytes	1709	513
151974452095476527_3232915119	8172311_01_s3_boss_sb_03_sportscenter_p01_n.bytes	7351	1423
15208368375062986270_1763284986	208303_raid_goz_indoor_veryhard_start2phase.bytes	751	341
15208457760358384577_1671231017	6062106_eliminateraid_perorozilla_outdoor_light_insane.bytes	9639	1310
15209106951301047907_3504861128	204104_raid_hieronymus_street_hardcore.bytes	4218	1238
15209594465283708396_1303808922	8051306_01_s3_01_shanhaijingstreet_p02_d.bytes	9781	1965
15213845584482641861_2156023549	sb_01_park_p01_e.bytes	1298136	346963
15216143818737544280_162260506	en0006_eliminate_unarmed_torment_2phase.bytes	2561	885
15220902949878518110_4146971731	1011303_s2_01_schalestreet_p01_d.bytes	4307	965
15222103768554467775_495793516	6082105_eliminateraid_goz_outdoor_light_extreme_start2phase.bytes	832	373
15225902425527424764_4278210672	1201105_05_s3_03_buildinghallway_p01_d.bytes	8400	1475
15227234499634240021_3992897283	6041404_eliminateraid_hieronymus_street_elasticarmor_hardcore_start2phase.bytes	1991	762
15228682195025530484_1917234153	1111101_03_s3_01_highway_p02_d.bytes	7030	1428
15241984628840775383_4182850185	257103_worldraid_hod_street_veryhard.bytes	7109	2151
15247015356250009876_735914583	sb_02_cargostation_p02_d.bytes	2597516	679372
1524991700652509513_3152448915	6083201_eliminateraid_goz_indoor_heavy_normal.bytes	12693	1401
15251341536647042615_616679225	rb_01_hod_p01_s.bytes	2500080	668473
15254589371628114307_2808391773	6022301_eliminateraid_chesed_outdoor_unarmed_normal_start2phase.bytes	819	390
15259760559599724418_978057096	8103305_01_s3_boss_01_destroyedhighway_p02_n.bytes	8512	1612
15264754955614633998_146746036	8273303_01_s3_boss_02_harbor_p02_d.bytes	2415	853
15267903596447983726_1263467756	sb_02_trainroof_p01_d.bytes	3392424	851015
15276625748445075254_1339832940	8021104_03_s3_boss_01_redwinterstreet_p01_d.bytes	9703	1837
15277309258781621442_2083807657	202202_raid_chesed_outdoor_hard.bytes	14563	1900
15278069763067753577_801403291	1281105_03_s3_sb_01_hyakkiyakostreet_p01_d.bytes	7258	1436
15280257759448062523_335396540	207304_raid_hod_indoor_hardcore_start2phase.bytes	5488	1605
15280455704617467483_3204107103	1142103_03_s3_03_ruinedschool_p01_n.bytes	9688	1821
15282088135708348395_3179588970	damagetest_outdoor_normal.bytes	610	338
15287458698105734793_2925490164	sb_02_excavation_p01_d.bytes	1298380	347880
15292247527869475678_2996002181	1152103_04_s3_01_mainstreet_p02_n_s.bytes	6634	1322
152993292639326616_2121788681	en0010_insane.bytes	2155	785
15303272034857580911_1936703412	1151101_04_s3_boss_01_redwinterstreet_p01_d.bytes	10055	1807
15305018788676553592_1860925422	254302_worldraid_hieronymus_indoor_hard_start2phase.bytes	2215	810
15305948454685497373_1331493617	1101103_05_s3_boss_01_ruins_p02_d.bytes	9325	1863
15310401604949346154_1713059149	1222103_03_s3_02_resort_p01_n.bytes	7642	1454
15310637391687038527_1176147983	8493304_01_sb_01_wildhuntstreet_p02_n.bytes	3951	1057
15314279947554752113_3429821419	8211302_event821_chesed_indoor_hardcore_start2phase.bytes	3095	806
15315309293925847388_63311791	1251103_02_s3_sb_01_hyakkiyakomatsuri_p02_d.bytes	9958	1899
15316043938381583371_140625411	1151103_04_s3_01_redwinterstreet_p01_d.bytes	9566	1763
15317720290040079965_2423476347	sb_01_ruins_p01_d.bytes	1298356	348880
15318281537145040949_199203595	1221105_03_s3_02_resort_p02_d.bytes	8287	1531
15321667960226637334_4245511087	8023201_01_s3_02_snowmountain_p01_d.bytes	9596	1976
15323881313424692627_296053524	207305_raid_hod_indoor_extreme_start2phase.bytes	5476	1611
15325606977047725372_3534290163	8062105_05_s3_02_beach_01_d_p01.bytes	9160	1990
15326568335117804912_3511599477	8363303_01_s3_park_p01_d.bytes	12855	2641
15327583219001899003_3907852432	6041402_eliminateraid_hieronymus_street_elasticarmor_hard.bytes	4271	1263
15331264402054687398_169829866	6012407_eliminateraid_binah_outdoor_elasticarmor_torment_start3phase.bytes	1833	746
1533184950895235597_2861244292	8412310_01_s3_03_school_p01_n.bytes	6706	1445
15333337633024019439_2071265333	sb_01_newyearpath_p02_n_nodelayer.bytes	29572	163
15335736291946741192_1436359324	822411210_s2_03_52302_p01_d.bytes	9227	1811
15339832770689254352_3546570215	257106_worldraid_hod_street_insane_start3phase.bytes	1555	664
15339967095708324118_3457616735	1061102_02_s3_02_snowmountain_p02_d.bytes	6263	1062
15340069815622623140_1827215109	8553301_01_sb_01_milleniumskyscraper_p02_d.bytes	20368	2143
15343377122960556387_2507778791	1031203_01_s3_01_backstreet_p01_d.bytes	8133	1751
15348015747407423094_253904956	sb_02_desertcity_p01_d.bytes	1271944	364931
1534976128791195924_2285575365	sb_03_expresstrain_p02_d_nodelayer.bytes	15948	263
15349868544866234761_3099852125	6083303_eliminateraid_goz_indoor_unarmed_veryhard.bytes	12668	1406
1535148538712218450_3407659455	8193104_02_s3_01_highway_p02_d_s.bytes	6895	1356
15352568781528173481_514041862	1131208_01_s3_01_slumpia_p02_d.bytes	6865	1238
15356234912203680969_1094344632	sb_02_desertisland_p02_d.bytes	1298136	346006
15356792707567814428_341877259	1091105_02_s2_01_park_p01_d.bytes	8024	1761
15357072465713531970_3451216388	6071303_eliminateraid_hod_street_unarmed_veryhard_start3phase.bytes	1572	673
15358903741984539707_4112061986	8292310_01_s3_boss_02_snowmountain_p01_n.bytes	5377	1138
15364605042283298658_4122045335	rb_02_en0009_p01_d.bytes	2222992	585113
15369551344600408639_4276841483	6012307_eliminateraid_binah_outdoor_unarmed_torment_start2phase.bytes	3645	1309
15370957779397241351_702054323	1242103_08_s3_sb_02_trinityisland_p01_n.bytes	9118	1782
15371147069137010034_1340236553	207107_raid_hod_street_torment_start2phase.bytes	5486	1616
15371655301834752871_2975566420	8492309_01_sb_01_wildhuntstreet_p01_d.bytes	6609	1320
15372307631685685160_2570811373	1091104_02_s2_01_park_p01_d.bytes	8170	1770
15372794502608860442_2252299326	sb_02_rainforest_p02_d.bytes	1298136	346001
15382475767621063210_4072500710	1291103_06_s3_boss_sb_02_cargostation_p01_d.bytes	5792	1432
15383601271013038700_3630883132	81533211_s2_02_beach_p01_d.bytes	6284	1362
15385089089382681859_3582725270	822211110_s2_03_52301_p01_d.bytes	9227	1730
15386128123790459321_2185320291	838430101_dc_02_beachstage_01.bytes	3549	788
15388626592342513995_2815822340	sb_02_desertisland_p01_d.bytes	1298136	346032
15389971797393330920_295866677	sb_02_resort_p02_d_nodelayer.bytes	29412	151
15390567008117353972_2711307005	400030307_s1_01_destroyedstreet_p01_d.bytes	3008	782
15392309743337099446_1157513424	8083201_01_s3_02_hotsprings_p01_n.bytes	9515	1912
15396905439502707054_4262410252	6063105_eliminateraid_perorozilla_indoor_light_extreme.bytes	9567	1314
15401128973001471870_2664290101	8012301_01_s3_boss_sb_01_hyakkiyakostreet_p01_d.bytes	9977	1858
15402695652498019082_3357250167	6011202_eliminateraid_binah_street_heavy_hard_start2phase.bytes	2643	1007
15403314197018590828_3105642294	sb_01_gehennaslum_p02_n_nodelayer.bytes	29572	192
15406147686096893708_793717129	1222102_02_s3_02_resort_p01_n.bytes	7471	1441
15412928769095036702_547401982	8032112_05_s3_02_beach_p01_n.bytes	9618	1903
15414720819345439456_3378916188	201203_raid_binah_outdoor_veryhard_start3phase.bytes	1821	733
15421720799849992856_1119923461	sb_01_highway_p02_d_s.bytes	1017248	267874
15422160872403511273_743276524	sb_02_valleyofsp_p02_d_nodelayer.bytes	29572	169
15425470580414695277_2661589511	1262103_06_s3_sb_03_trinitychurch_p01_n.bytes	6049	1217
15425813563075555846_1850356559	206204_raid_perorozilla_outdoor_hardcore_start3phase.bytes	9466	1305
15441742717940430934_2541017134	8022101_02_s3_01_redwinterstreet_p01_d.bytes	9661	1903
15442754035368852865_2067818083	1101102_01_s2_01_ruins_p01_d.bytes	8114	1718
15445534974779231087_3313881323	30402_s3_boss_03_destroyedhighway_p01_n.bytes	9130	2207
15447105224826702065_2090041544	1262102_03_s3_sb_03_trinitychurch_p02_n.bytes	6980	1288
15450848436701510046_1748417353	sb_02_playground_p02.bytes	1564444	398778
15451843868345813498_4091868316	8592301_01_sb_01_shanhaijingstreet_p02_d.bytes	6156	1177
15454805440056489669_3241956792	6073402_eliminateraid_hod_indoor_elastic_hard_start2phase.bytes	5596	1614
1545971144230619216_2242024044	6033402_eliminateraid_shirokuro_indoor_elasticarmor_hard.bytes	2143	747
15466153735968725533_1209645644	1281103_06_s3_boss_sb_01_hyakkiyakostreet_p01_d.bytes	7197	1384
154677237805797485_1138119623	30408_s3_boss_03_destroyedhighway_p01_n.bytes	9130	2203
15468943580139155466_729404680	9213_000_02_playground_p01_02.bytes	6886	1277
15469803400788702714_1088703345	1042102_01_s2_02_desertcity_p01_n.bytes	6715	1507
15472847008256113564_818990516	en0010_lunatic_2phase.bytes	940	449
15479994607683828023_4038020230	400050124_s3_01_sb_01_destroyhyakkiyakomatsuri_p02_n.bytes	5220	1331
15480913596430411526_977044371	1221102_05_s3_boss_02_resort_p01_d.bytes	8094	1582
15485533393487432781_812567746	8422303_01_s3_03_buildinghallway_p01_n.bytes	6409	1214
15488677421646843240_3424174708	257101_worldraid_hod_street_normal_start3phase.bytes	1555	664
15493629163025860056_4261162973	8412308_01_s3_03_school_p01_d.bytes	7790	1668
15496710720782413008_3414921019	8532308_01_sb_01_hyakkiyakomoviestreet_p01_d.bytes	5984	1199
15502272977799724002_1633183926	8131304_01_s3_01_hyakkiyakomoviestreet_p01_d.bytes	9874	1792
15504495734273295203_2805293855	8081106_02_s3_02_hotsprings_p02_d.bytes	9502	1917
15505063409231331477_603583652	en0008_lightarmor_secondsection.bytes	4155	1173
15505271027943055988_718966307	8102307_01_s3_01_destroyedstreet_p01_d.bytes	7246	1383
1550878623378912195_4239320300	8013102_05_s3_01_hyakkiyakostreet_p02_n.bytes	7968	1416
15510547638478446234_2996763807	sb_02_forestriver_p01_n_nodelayer.bytes	110228	585
15511250134917140409_4240814607	9313_000_02_playground_p01_01.bytes	4410	1186
15512022324930382147_840702786	203303_raid_shirokuro_indoor_veryhard.bytes	2124	741
15516078850297634769_1739048093	8022105_01_s2_01_highway_p02_n_s.bytes	8595	2064
15517930621016224735_2373621320	400040218_s3_03_subway_p01_d.bytes	9897	1649
15524157732925940121_485687986	1291105_07_s3_boss_sb_02_cargostation_p02_d.bytes	6075	1522
15525735219464390955_641313898	1082102_04_s3_03_underground_p01_n.bytes	10314	1967
15528744350196939336_2339350653	1291103_01_s3_sb_02_cargostation_p02_d.bytes	7324	1673
15535654225386938074_4226984494	6083203_eliminateraid_goz_indoor_heavy_veryhard.bytes	12695	1409
15539016452920202020_694730951	c_sb_01_destroyhyakkiyakomatsuri_p02_little.bytes	10940	1708
15543508535716865480_1961720581	6023407_eliminateraid_chesed_indoor_elasticarmor_torment.bytes	18098	2090
15548705038358546530_1011812786	1251105_04_s3_sb_01_destroyhyakkiyakomatsuri_p02_d.bytes	7432	1626
15549903722554976485_1513690623	8273102_03_s3_boss_02_harbor_p01_d.bytes	8257	1758
15553545197976683602_1053759553	1051103_01_s2_02_excavation_p01_d.bytes	8625	1920
15554913905178366640_2514600023	6041206_eliminateraid_hieronymus_street_heavyarmor_insane.bytes	4265	1292
1555643592294927734_1467042834	1161104_03_s3_02_riverside_p01_d.bytes	10550	2154
15558662847524199093_3197098789	81511121_s2_boss_02_hotsprings_p02_d.bytes	7838	1762
15561375047478851384_3436465142	9212_000_02_playground_p01_03.bytes	6626	1261
15562839322060176953_4072212506	1012101_01_s1_01_mainstreet_p01_n.bytes	13748	1191
15567469274845310065_97810521	sb_01_hyakkiyakonorthtown_p01_d.bytes	1787860	473652
15567886115811067122_2777474159	6062405_eliminateraid_perorozilla_outdoor_elasticarmor_extreme.bytes	9664	1307
15569766786687797295_3724550712	6051305_eliminateraid_kaitengerraid_street_unarmed_extreme.bytes	4857	1438
15583760742680168636_2951008873	254301_worldraid_hieronymus_indoor_normal_start2phase.bytes	2217	813
15584612957373883276_4021478385	8122307_01_s3_sb_03_trinitychurch_p02_d.bytes	10698	1856
15585002777053332382_2489617915	6011307_eliminateraid_binah_street_unarmed_torment.bytes	5014	1624
15585975895065417936_846657865	262101_worldraid_hod_street_a_start3phase.bytes	1541	669
15585997856815381485_1018321512	1141103_02_s3_03_ruinedschool_p01_d.bytes	9354	1805
15586933605659045089_2229608280	8552303_01_sb_03_buildinghallway_p01_n.bytes	6280	1199
15588133050454450441_3714902684	6051201_eliminateraid_kaitengerraid_street_heavy_normal_start2phase.bytes	1450	650
15588384771059761496_1542092309	8432307_01_s3_03_buildinghallway_p01_d.bytes	6580	1232
15591100307117124532_1145102641	1171101_04_s3_boss_03_insidecruiseship_p02_d.bytes	9751	1911
15591276777108800279_2182719598	sb_01_mainstreet_p02_d_s_nodelayer.bytes	29572	522
15593402435106774321_3071793242	8243104_05_s3_sb_01_mainstreet_p02_n.bytes	10181	1899
15596823153686711719_2855640880	1161207_01_s3_02_excavation_p02_d.bytes	6725	1462
15603388358197713861_690322275	8042304_01_s3_boss_01_gehennaslum_p01_d.bytes	7907	1599
1560496752967273457_1602101212	sb_03_gehennapartyhall_p02_d_nodelayer.bytes	23428	148
15612142355243927893_542774591	1221203_01_s3_02_resort_p02_d.bytes	7326	1388
15612910409627982855_568769442	30509_s3_boss_03_oldmansion_p01_n.bytes	11766	2262
15613846025100978452_2281811099	rb_02_perorozilla_p01_d.bytes	978052	243370
1561469173455449239_3502467870	6082102_eliminateraid_goz_outdoor_light_hard.bytes	13239	1444
15615658028485137799_1072696603	6062307_eliminateraid_perorozilla_outdoor_unarmed_torment_start3phase.bytes	9774	1320
15616950176858827390_2437780820	6052101_eliminateraid_kaitengerraid_outdoor_light_normal_start2phase.bytes	1833	719
15618114538629484033_1875541382	en0010_eliminate_elasticarmor_torment.bytes	2183	797
15618996551632756480_4276235974	8193301_01_s3_boss_01_market_p02_n_s.bytes	18689	3600
15623915063494198518_3089304998	rb_02_en0009_p01_d_nodelayer.bytes	50576	245
15624499512521169162_2248243694	401000209_03_s3_01_ruins_p01_e.bytes	19362	2106
15627010402095601582_300875965	6102302_eliminateraid_hovercraft_outdoor_unarmed_hard.bytes	2862	1047
15627492503863273592_2398672396	1272103_01_s3_sb_02_trainroof_p01_n_nosidetrain.bytes	6332	1144
15632412323638412358_1551871345	1221103_05_s3_02_resort_p02_d.bytes	7631	1465
15634908913132088075_2374786989	8193104_06_s3_01_highway_p01_d_s.bytes	9708	1954
15640020314069769705_3566534333	test_b.bytes	4820	1138
15645104491844836450_3132960263	sb_03_ruinedschool_p02_n_nodelayer.bytes	29572	262
15647274555053686667_1201904887	8562309_01_02_forestriver_p01_n.bytes	7337	1571
15649233075163334950_4271621302	7021301_01_s3_02_frozensea_p02_d.bytes	8678	1458
156496980903226083_2344656124	9995_overtest.bytes	2034	538
15658219601443037673_3651573629	1151103_02_s3_01_redwinterstreet_p01_d.bytes	6552	1297
15658820130189949043_1794367326	8041306_01_s3_02_beach_p02_n.bytes	9248	1914
15659723142496059654_2337475079	201104_raid_binah_street_hardcore_start3phase.bytes	1146	534
15665731771546215963_3946476199	8131306_01_s3_01_hyakkiyakomoviestreet_p02_d.bytes	10106	1778
15674416692760653403_2733378445	8343304_01_03_gehennapartyhall_p02_d.bytes	6612	1157
15675675771796761536_3719049584	6063201_eliminateraid_perorozilla_indoor_heavy_normal_start3phase.bytes	9578	1320
15680742546419333291_3382103250	1132101_03_s3_01_slumpia_p01_n.bytes	7737	1490
15684534192955208370_1711559340	8412309_01_s3_03_school_p01_n.bytes	6728	1428
15684935712077440132_599156881	8203102_03_s3_01_mainstreet_p01_d.bytes	7511	1348
15689041499043137906_2579536067	rd_02_en0011_p01_d_01_nodelayer.bytes	40616	852
15689321348769738971_2498712362	sb_01_destroyhyakkiyakomatsuri_p02_n_nodelayer.bytes	32336	283
15689653506333988736_3677953411	1061105_04_s3_02_snowmountain_p01_d.bytes	5729	972
15695705221365595699_2780368391	6023405_eliminateraid_chesed_indoor_elasticarmor_extreme.bytes	14754	1782
15710552102094083292_306830588	1291102_04_s3_sb_02_cargostation_p02_d.bytes	6229	1528
157174849615569835_3619302848	8262312_01_s3_boss_01_shanhaijingstreet_p02_n.bytes	7260	1541
1572336052718616754_1147547797	6052206_eliminateraid_kaitengerraid_outdoor_heavy_insane.bytes	5882	1586
15723955073794340321_2916771402	1102101_03_s3_01_ruins_p02_n.bytes	9092	1859
15727336271077035763_940096352	en0006_veryhard_3phase.bytes	1256	539
1573053051732057968_1932342362	6062101_eliminateraid_perorozilla_outdoor_light_normal.bytes	9611	1307
15731408400713985225_3005408267	8252302_01_s3_03_oldmansion_p02_d.bytes	9427	2023
15731810747657192959_74200265	6083303_eliminateraid_goz_indoor_unarmed_veryhard_start2phase.bytes	752	345
15735985954698365163_3119261121	255206_worldraid_binah_outdoor_insane.bytes	6678	2206
15736832350446470496_436656464	1251104_03_s3_sb_01_hyakkiyakomatsuri_p01_d.bytes	11261	2144
15743223742096324781_260605083	9222_000_03_sportscenter_p01_04.bytes	6626	1267
15746895799451917069_3266216370	sb_02_riverside_p02_d_nodelayer.bytes	29572	232
15748265804650368508_527040129	sb_01_highway_p02_d_nodelayer.bytes	23164	216
15754619342428032279_1573671402	1182103_06_s3_01_ruins_p02_n.bytes	8801	1818
15756608637817367386_69872923	6093202_eliminateraid_en0005_indoor_heavyarmor_hard.bytes	9312	1654
15758863391797293473_2084819094	6073403_eliminateraid_hod_indoor_elastic_veryhard.bytes	7167	2152
15759783948423388642_2639099043	6011203_eliminateraid_binah_street_heavy_veryhard.bytes	5018	1628
15763814671492642041_879554629	milleniumskyscraper_obastacle_p02_little.bytes	5012	1154
15765192921858877673_3079085895	6011303_eliminateraid_binah_street_unarmed_veryhard_start2phase.bytes	2644	1008
15766321064026215173_2004977535	6071407_eliminateraid_hod_street_elastic_torment_start2phase.bytes	5641	1634
15768554713096529321_2755102459	8052307_01_s3_boss_01_shanhaijingstreet_p02_d.bytes	10422	2049
15768898948676071502_1372625796	6051306_eliminateraid_kaitengerraid_street_unarmed_insane.bytes	4857	1439
15775245055485250816_1084770810	sb_01_redwinterstreet_p01_d_arena_nodelayer.bytes	18584	144
15778821174508871742_2038401159	6063204_eliminateraid_perorozilla_indoor_heavy_hardcore.bytes	9568	1313
15780429088392515389_150121557	sb_03_underground_p01_n_nodelayer.bytes	21344	203
15783532079822013022_1155767293	1221105_04_s3_02_resort_p02_d.bytes	8123	1507
15784373060077673228_1751619132	6012406_eliminateraid_binah_outdoor_elasticarmor_insane.bytes	6971	2207
15786195897555965643_1211482181	6012204_eliminateraid_binah_outdoor_heavy_hardcore_start3phase.bytes	1832	744
15787486019221057908_3017577435	8593301_01_sb_01_shanhaijingstreet_p01_d.bytes	10658	1781
1578854772296668550_4186512949	264302_worldraid_en0011_indoor_b.bytes	16858	3723
15789152701654072030_1568732830	en0013_extreme_3phas.bytes	2784	745
15789550929861510664_227777628	sb_02_cargostation_p01_d.bytes	1676424	429608
15791381201955602335_3383084107	en0006_eliminate_heavyarmor_torment_2phase.bytes	2570	887
15792662950682741160_347876624	1271103_06_s3_boss_sb_02_trainroof_p01_d_nosidetrain.bytes	5988	1129
15794633264623704991_774655461	270301_worldraid_en0020_street_a_start3phase.bytes	1433	571
15795187293311077045_4124506212	8143104_08_s3_boss_02_beach_p01_n.bytes	9390	1921
15796585828230998552_1953546168	6073202_eliminateraid_hod_indoor_heavy_hard_start4phase.bytes	1142	521
15799403894649658886_4014391720	8203104_07_s3_01_market_p01_d.bytes	11374	2146
15803817664249812538_2889705787	1181104_01_s3_01_ruins_p02_d.bytes	7320	1421
1580568892488245472_2268930260	8033103_04_s1_02_beach_p02_d.bytes	7310	1681
15805819447668230893_3601877888	sb_03_subway_p01_d.bytes	1592500	454252
15812499084302068926_3127312375	sb_03_tatamiroom_p01_n_nodelayer.bytes	28256	397
15816347546876991218_2582166863	201207_raid_binah_outdoor_torment.bytes	6959	2194
15817606007843270473_273666844	6082205_eliminateraid_goz_outdoor_heavy_extreme_start2phase.bytes	832	373
15820559065147323099_1708797254	rb_01_52102_p01_n_nodelayer.bytes	10648	266
15822377290763902979_3576565904	1171201_01_s3_03_insidecruiseship_p02_d.bytes	9608	1904
15825630306804614072_3364250912	6062407_eliminateraid_perorozilla_outdoor_elasticarmor_torment_start3phase.bytes	9904	1324
15830405677197162083_342075083	en0011_heavyarmor_section_01.bytes	16886	3719
1583421250936972175_1922228800	1102102_01_s1_01_ruins_p01_n.bytes	6884	1556
15834590213570014398_691484273	sb_02_52201_p01_d_nodelayer.bytes	29572	154
15836704780823275662_540557184	8203104_05_s3_01_market_p02_d.bytes	10861	2037
15837460099624920651_478846706	db_02_beachstage_11.bytes	1152956	298594
15841716536439873880_1814484190	8263104_06_s3_01_shanhaijingstreet_p02_n.bytes	9537	1993
15843784034014453428_1582203838	sb_02_rainforest_p01_n_nodelayer.bytes	29572	151
15843893575671413605_557539104	269101_en0015_enhanced_street_d.bytes	1618	676
15848620783695552511_3563462489	1251103_03_s3_sb_01_hyakkiyakomatsuri_p01_d.bytes	11099	2132
1585078697378862838_2189021822	255203_worldraid_binah_outdoor_veryhard_start3phase.bytes	1723	715
15851135268606741_2217659891	1151105_03_s3_01_mainstreet_p01_d_s.bytes	10154	1909
15851616463570395110_2538493402	6071406_eliminateraid_hod_street_elastic_insane_start3phase.bytes	1580	679
15851791271893916408_2030130404	6051104_eliminateraid_kaitengerraid_street_light_hardcore_start2phase.bytes	1452	652
1585586038122322111_3856927472	8021102_03_s3_boss_02_snowmountain_p02_d.bytes	9174	1732
15863403670983028833_3364967318	6023202_eliminateraid_chesed_indoor_heavyarmor_hard.bytes	14399	1774
15863508593707235098_4256195022	sb_03_buildinghallway_p01_n_nodelayer.bytes	24320	139
15863602461251753789_1775425255	6051104_eliminateraid_kaitengerraid_street_light_hardcore.bytes	4885	1439
15864012183890521361_472334978	8334306_01_03_school_p03_d.bytes	11519	1902
15864919256869490797_941939474	sb_01_gehennaslum_p02_d_nodelayer.bytes	29572	192
15865069275789077424_711260649	6071303_eliminateraid_hod_street_unarmed_veryhard_start4phase.bytes	1144	528
1586629912891970182_2822067896	6041303_eliminateraid_hieronymus_street_unarmed_veryhard.bytes	4298	1260
15866913898080390929_168010386	257104_worldraid_hod_street_hardcore_start4phase.bytes	1135	516
15875474066737842984_1070095002	60101_s1_boss_02_riverside_p01_d.bytes	2679	822
15877146183902183076_26082124	822431310_s1_03_52302_p01_d.bytes	7995	1773
15884374490026285555_23937684	1191105_03_s3_02_snowmountain_p02_d.bytes	6679	1335
15884421612109702772_1296945171	6073206_eliminateraid_hod_indoor_heavy_insane_start4phase.bytes	1144	524
15889411920884801969_567046154	8091307_01_s3_01_backstreet_p01_n.bytes	7790	1548
15890709186141939720_2448504689	1271401_01_s3_boss_sb_02_trainroof_p01_d_nosidetrain.bytes	7069	1273
1589332244214510128_3583383820	sb_03_subway_p01_n_nodelayer.bytes	25900	155
15894151251743857443_335859433	82222111_s2_02_52201_p01_d.bytes	8114	1731
15894529079889136475_3459586833	8562302_01_02_forestriver_p01_d.bytes	7114	1576
1589703965219925396_3077027786	9320_000_01_sportscenter_p01_d_01.bytes	4109	1137
15900826859984303558_3505272885	8272301_01_s3_02_harbor_p01_d.bytes	6725	1465
15902131959233751286_338539993	204105_raid_hieronymus_street_extreme_start2phase.bytes	1963	748
15905074621149910153_1159374502	6073302_eliminateraid_hod_indoor_unarmed_hard_start3phase.bytes	1559	666
15907526531868534240_2686235385	1051203_01_s3_02_deserttrack_p01_d.bytes	9994	1869
15907664156277419640_244310351	1101206_01_s3_01_ruins_p01_d.bytes	9082	1819
15910229099997871470_1482322795	sb_02_riverside_p01_d_nodelayer.bytes	29572	245
15911627836605242567_814962066	sb_02_cargostation_p01_n.bytes	1676424	429608
1591579921862139129_1972927247	6102405_eliminateraid_hovercraft_outdoor_elasticarmor_extreme_start2phase.bytes	1549	641
15915800763332136603_465663678	6012403_eliminateraid_binah_outdoor_elasticarmor_veryhard_start2phase.bytes	3651	1315
15917867089713790530_3078055362	sb_03_underground_p02_n.bytes	937864	245627
15919182969185332000_2702437739	en0006_eliminate_unarmed_extreme_2phase.bytes	2554	884
15922281026287228988_3291241928	6041305_eliminateraid_hieronymus_street_unarmed_extreme_start2phase.bytes	1983	760
15922565736038652783_1802737579	6052203_eliminateraid_kaitengerraid_outdoor_heavy_veryhard.bytes	5889	1583
15923875022835339198_3041992321	207106_raid_hod_street_insane.bytes	6982	2139
15925239291187312065_761730999	8022105_04_s3_01_highway_p01_n_s.bytes	8204	1832
15928909285636362401_3139534695	character_resource_test_01.bytes	905	455
15931055252244069609_3272533436	6011407_eliminateraid_binah_street_elasticarmor_torment_start3phase.bytes	1158	548
15938164877037746464_23076850	8371308_01_s3_03_insidecruiseship_p01_d.bytes	2240	754
15938849984798001052_27968214	1302101_06_s3_boss_sb_01_wildhuntstreet_p02_n.bytes	5693	1211
15944906758129511097_557510659	1242102_02_s3_sb_02_trinityisland_p01_n.bytes	8075	1514
15946875187059597366_571107349	sb_03_school_p02_n_nodelayer.bytes	21160	231
15950656411400944426_3573312997	6051402_eliminateraid_kaitengerraid_street_elasticarmor_hard_start2phase.bytes	1450	650
15950990459922075113_2814545129	8093303_01_s3_boss_02_newyearpath_p02_n.bytes	20757	2611
15957124538978243488_3132214367	rb_03_shirokuro_p01_d_nodelayer.bytes	41868	235
15962423980425320411_607498606	1291104_05_s3_sb_02_cargostation_p02_d.bytes	6229	1528
15962507324024395062_1299968277	253102_worldraid_shirokuro_street_hard_start2phase.bytes	882	437
15969211481482445227_1244979505	8203104_02_s3_01_market_p02_d.bytes	7947	1450
15970204305604900745_2258341028	400060203_s3_01_sb_01_ariusstreet_p01_d.bytes	1775	651
15980845533662943947_2040772498	6063306_eliminateraid_perorozilla_indoor_unarmed_insane.bytes	9516	1312
15986749781802753133_4178228107	8413301_01_s3_boss_park_p01_d.bytes	10039	1998
15988340087041627299_1558700650	9011_000_02_playground_p01_04.bytes	9203	1185
15993211107401409480_3690002775	6052204_eliminateraid_kaitengerraid_outdoor_heavy_hardcore_start2phase.bytes	1835	720
15995672830921328640_118407974	1091105_06_s3_boss_01_park_p02_d.bytes	11269	2245
1599868720674755902_2997233880	6052106_eliminateraid_kaitengerraid_outdoor_light_insane_start2phase.bytes	1833	718
16007004639937432162_3668264161	8143102_03_s3_02_rainforest_p01_n.bytes	7151	1265
1601251069263526435_2409248886	sb_03_ruinedschool_p02_n.bytes	1298136	346012
16013496694444982359_2598069619	9969_hotsprings_p03_d.bytes	3025	921
16013686531834474233_2720924546	8313301_01_s3_boss_03_underground_p01_n.bytes	9923	1942
16013717254915140030_1453043552	8371307_01_s3_02_resort_p02_d.bytes	2808	796
16022587752221790006_273324954	8062109_02_s3_02_beach_01_d_p02.bytes	6927	1543
16023018987767914358_3435232126	400050118_s3_01_02_deserttrack_p01_d.bytes	5687	1389
16024157895167911042_1617489494	31109_s1_boss_01_slumpia_p01_n.bytes	1972	609
16024367180848473326_2790080967	207104_raid_hod_street_hardcore_start2phase.bytes	5492	1617
16025143939259482795_2503133406	6022105_eliminateraid_chesed_outdoor_lightarmor_extreme_start2phase.bytes	823	385
16027168577912583994_1707413837	9993_overtest.bytes	1772	512
16037428801094897764_166867198	8053204_01_s3_boss_01_shanhaijingstreet_p02_n.bytes	10091	1999
16038901193489052997_3361970469	en0010_eliminate_elasticarmor_insane_2phase.bytes	949	453
16052995265788713591_2632672422	6031301_eliminateraid_shirokuro_street_unarmed_normal_start2phase.bytes	893	448
16053624573702495717_572469361	1061105_01_s2_02_snowmountain_p01_d.bytes	6044	1216
16055268584274505157_3437688633	6102303_eliminateraid_hovercraft_outdoor_unarmed_veryhard.bytes	2878	1054
16066775590139801068_3185069564	401000215_01_s3_03_hieronymus_p01_d_scenario_2.bytes	4694	762
16070499193090120268_1040968584	1242103_05_s3_sb_02_rainforest_p02_n.bytes	7757	1351
16073216372476098040_4001551833	rb_01_hod_p01_insane_nodelayer.bytes	57740	591
16075009709987730422_620125551	1181102_05_s3_boss_01_ruins_p02_d.bytes	8454	1796
16076328729125432316_3759932272	8172305_01_s3_sb_01_stadium_p01_d.bytes	8094	1453
16079061185548412126_740990149	6022205_eliminateraid_chesed_outdoor_heavyarmor_extreme.bytes	15613	1929
1608119243353805472_1965402290	8511305_01_sb_01_park_p01_d.bytes	4314	1135
16081498081860056338_321943417	8133305_01_s3_boss_01_hyakkiyakomoviestreet_p01_n.bytes	10829	1961
16085344690857279519_2147189386	9100_000_01_stadium_p01_d_04.bytes	1685	575
16085499805577067327_4146432734	en0006_veryhard_2phase.bytes	2572	890
16099383002514062371_477716238	6012301_eliminateraid_binah_outdoor_unarmed_normal.bytes	6966	2204
1610156357908385805_3911204294	8172309_01_s3_boss_sb_03_sportscenter_p01_n.bytes	7942	1401
16106694494901529131_3872165778	db_02_beachstage_02_nodelayer.bytes	13248	112
16107626789663334684_1633012871	206202_raid_perorozilla_outdoor_hard_start2phase.bytes	9456	1304
16113651388973494792_1283690369	9937_movingarea.bytes	19727999	113163
16119340067505636330_2803381895	254305_worldraid_hieronymus_indoor_extreme.bytes	5833	1470
16131380385072785853_1133016750	6051103_eliminateraid_kaitengerraid_street_light_veryhard_start2phase.bytes	1452	652
16133163523911607453_2108632548	1191207_01_s3_02_snowmountain_p01_d.bytes	6668	1319
16137814503440338748_3726105672	1071201_01_s3_03_school_p01_d.bytes	10972	2303
16139597292892399478_1935130520	sb_01_destroyhyakkiyakomatsuri_p01_d.bytes	1419592	376248
16143853337036011135_2398822282	sb_02_forestriver_p01_n.bytes	4848280	1233386
16144148839512938992_2148484321	8612306_01_sb_02_harbor_p02_n.bytes	7125	1513
16144842477574540803_2087600476	6012402_eliminateraid_binah_outdoor_elasticarmor_hard_start3phase.bytes	1830	743
16145785151904732553_1386647751	8163104_02_s3_01_mainstreet_p02_d.bytes	7174	1292
16148052953309022679_1128701252	8083104_07_s3_02_hotsprings_p02_n.bytes	9515	1953
16153316904910208912_3817324993	8171306_01_s3_boss_sb_03_buildinghallway_p01_n.bytes	6784	1363
16155755706447740274_3659623614	1301102_02_s3_sb_01_wildhuntstreet_p01_d.bytes	4706	1011
16156009167410004921_2958145237	en0010_eliminate_heavyarmor_insane.bytes	2177	789
16157279592899759886_3235682311	rb_02_hovercraft_wakamo_p01.bytes	2816704	754139
16157640485307785672_3781669745	822211210_s2_03_52301_p01_d.bytes	8401	1783
16158534640305568571_3147326752	sb_03_trinitychurch_p01_d_nodelayer.bytes	16976	235
16165145920431458501_3229567848	208206_raid_goz_outdoor_insane_start2phase.bytes	828	369
16165896630725139929_526629035	1282101_03_s3_sb_01_hyakkiyakostreet_p02_n.bytes	7630	1403
1616762725478645108_380815609	milleniumskyscraper_p01_obastacle_p01_many.bytes	5879	1300
16170097557497013879_4165149078	9112_000_02_playground_p01_02.bytes	1673	569
16173259445594707859_2206088523	30206_s3_boss_02_deserttrack_p01_d.bytes	21638	3331
16177285140618729965_4054549710	8463301_01_sb_03_subway_p02_d.bytes	3616	855
16177920285930152174_3097320177	202202_raid_chesed_outdoor_hard_start2phase.bytes	809	372
16178251042037197235_2804236137	400050208_s3_01_sb_03_tatamiroom_p01_n.bytes	4432	1153
161795569661046193_1767011839	6082207_eliminateraid_goz_outdoor_heavy_torment.bytes	13393	1448
16182214617727829262_2725995165	1291105_02_s3_sb_02_cargostation_p02_d.bytes	7324	1669
16183031830035328052_1695987339	6033401_eliminateraid_shirokuro_indoor_elasticarmor_normal.bytes	2147	745
16183485716932230323_2228300161	400020113_s3_03_buildinghallway_p01_d.bytes	7590	1410
16186384551288671741_2258583144	sb_02_deserttrack_p01_e_nodelayer.bytes	29572	321
16189884091252188060_1312757735	8183303_01_s3_boss_02_playground_p02.bytes	39432	3798
16190541515299922425_2537188667	262103_worldraid_hod_street_c.bytes	6884	2093
16191081682215978920_765882660	8451302_01_sb_02_playground_p02.bytes	7429	1666
16191354129381496626_1579237256	8531304_01_sb_01_hyakkiyakomoviestreet_p02_d.bytes	5684	1199
16192279756901804093_639709137	rb_01_hieronymus_p01_d_nodelayer.bytes	24084	385
1619415191757220548_3626015589	8202306_01_s3_02_excavation_p01_d.bytes	10968	2203
16194771204534734596_2719625250	8022104_04_s3_01_redwinterstreet_p01_n.bytes	9574	1871
16196854218910464396_874788494	254306_worldraid_hieronymus_indoor_insane_start2phase.bytes	2229	810
1619782373648187637_2536257537	263101_worldraid_kether_street_a_start3phase.bytes	788	357
16201254071183154978_4173125448	8423303_01_s3_03_buildinghallway_p01_n.bytes	93943	3781
1620335870167799148_3142245933	8541301_01_sb_03_zennosento_p01_d.bytes	2534	866
16204219867455173489_4012929615	8061301_01_s3_03_insidecruiseship_p02_d.bytes	9603	1944
16207293380819382566_972059909	208307_raid_goz_indoor_torment_start2phase.bytes	750	340
16208057486345205071_684135776	sb_02_newyearpath_p02_d.bytes	1298376	417182
16208868520754884840_1602000636	sb_01_shanhaijingstreet_p01_n.bytes	1284148	365312
16214892894647573447_3600296452	8021204_01_s3_02_snowmountain_p01_d.bytes	9553	1951
16216077869617344366_3665747843	1191203_01_s3_02_snowmountain_p02_d.bytes	6430	1309
16216586471919284353_1154119682	208204_raid_goz_outdoor_hardcore.bytes	13160	1426
16216636402665008080_3195133331	8083102_02_s3_02_hotsprings_p02_n.bytes	6825	1427
16221524114471120654_964394028	6033106_eliminateraid_shirokuro_indoor_light_insane.bytes	2149	747
16228835352899044855_3985768957	6082103_eliminateraid_goz_outdoor_light_veryhard_start2phase.bytes	833	374
16239064830791489132_191421925	6073107_eliminateraid_hod_indoor_light_torment.bytes	7135	2155
16239486779620858720_2062925369	6011205_eliminateraid_binah_street_heavy_extreme.bytes	5017	1626
16240270544475455952_3055240247	6073301_eliminateraid_hod_indoor_unarmed_normal.bytes	7076	2146
16240486519040293002_326598118	205205_raid_kaitengerraid_outdoor_extreme.bytes	5749	1569
16244003148895641294_898974678	sb_03_school_p01_d_story.bytes	836500	212585
16244793547613943742_832279431	1102103_02_s2_01_ruins_p01_n.bytes	8109	1719
16254086432566482481_84267165	6052103_eliminateraid_kaitengerraid_outdoor_light_veryhard.bytes	5889	1584
1625548122753066034_1659826710	1271101_01_s3_sb_02_trainroof_p01_d_nosidetrain.bytes	5732	1103
16256316645611093558_3398938756	sb_01_park_p01_n.bytes	1298060	360474
1625633115140949011_1628212447	8011305_01_s3_sb_01_hyakkiyakostreet_p01_n.bytes	7748	1471
16261393573023210638_2727429480	1251105_05_s3_sb_01_destroyhyakkiyakomatsuri_p01_d.bytes	9803	2063
16261681930938340478_2204566281	7011306_01_s3_boss_03_chesed_p01_d.bytes	878	402
16265990932195971468_4239524671	1081103_01_s2_03_underground_p01_d.bytes	9684	1902
16266226196536135190_166011774	rb_03_hieronymus_p01_d_scenario_nodelayer.bytes	19752	411
1626730350473516417_2164769526	en0009_heavyarmor_section_04.bytes	4821	1137
16268977459230499890_609691993	sb_03_expresstrain_p01_d_nodelayer.bytes	15948	204
16273067686950348881_1781878938	6063106_eliminateraid_perorozilla_indoor_light_insane_start3phase.bytes	9606	1323
16274298498316656727_3000255571	82250251__03_52302_p01_d.bytes	8375	1676
16276374758039947651_2872205149	253104_worldraid_shirokuro_street_hardcore_start2phase.bytes	886	442
16278302975276991414_379445876	208208_raid_goz_outdoor_lunatic.bytes	13302	1437
16278613247467241051_521955898	8103102_01_s3_01_destroyedhighway_p01_n.bytes	6380	1366
16281895860785782015_2029710410	9102_000_01_stadium_p01_d_02.bytes	1673	569
16282125405441810827_3735349743	8183104_01_s3_02_playground_p01.bytes	7585	1351
16282947111503500769_3275007895	1091207_01_s3_01_park_p01_d.bytes	9116	1854
16283563079306660446_1379189024	sb_03_sportscenter_p02_n.bytes	1571476	398055
16290034342134948472_1545173119	1172101_02_s3_03_insidecruiseship_p01_n.bytes	6900	1404
16295011207048263992_3490425727	710102109_rb_01_en0022_p01_n.bytes	89419	3658
16295452638521418821_594495654	8082303_01_s3_boss_02_hotsprings_p02_d.bytes	7477	1495
16299485694029591703_942251574	205205_raid_kaitengerraid_outdoor_extreme_start2phase.bytes	1815	702
16299646609186277005_621203359	1091102_03_s3_01_market_p02_d.bytes	10634	2033
16300150976264018711_2482121120	6022206_eliminateraid_chesed_outdoor_heavyarmor_insane.bytes	19198	2087
16300795542385574620_4128271700	animationblendtable.bytes	1844	1861
16300795542385574620_4128271700	animatordatatable.bytes	13279052	13283118
16300795542385574620_4128271700	bossphaseexceltable.bytes	60944	60976
16300795542385574620_4128271700	characterdialogemojiexceltable.bytes	11224	11241
16300795542385574620_4128271700	characterdialogfieldexceltable.bytes	183096	183168
16300795542385574620_4128271700	characterleveladjustmentexceltable.bytes	268	285
16300795542385574620_4128271700	cleardeckruleexceltable.bytes	256	273
16300795542385574620_4128271700	conqueststepexceltable.bytes	24	39
16300795542385574620_4128271700	constarenaexceltable.bytes	3104	3121
16300795542385574620_4128271700	constaudioexceltable.bytes	176	193
16300795542385574620_4128271700	constcombatexceltable.bytes	1584	1601
16300795542385574620_4128271700	constcommonexceltable.bytes	1944	1961
16300795542385574620_4128271700	constconquestexceltable.bytes	24	39
16300795542385574620_4128271700	constcontentsexceltable.bytes	60	76
16300795542385574620_4128271700	consteventcommonexceltable.bytes	384	401
16300795542385574620_4128271700	constfieldexceltable.bytes	68	85
16300795542385574620_4128271700	constkeymappingexceltable.bytes	264	281
16300795542385574620_4128271700	constminigameccgexceltable.bytes	556	573
16300795542385574620_4128271700	constminigamejankenexceltable.bytes	128	145
16300795542385574620_4128271700	constminigameroadpuzzleexceltable.bytes	112	129
16300795542385574620_4128271700	constminigameshootingexceltable.bytes	264	281
16300795542385574620_4128271700	constminigametbgexceltable.bytes	504	521
16300795542385574620_4128271700	constnewbiecontentexceltable.bytes	192	209
16300795542385574620_4128271700	conststrategyexceltable.bytes	232	249
16300795542385574620_4128271700	couponstuffexceltable.bytes	3128	3145
16300795542385574620_4128271700	defaultcharacterexceltable.bytes	344	361
16300795542385574620_4128271700	defaultechelonexceltable.bytes	128	145
16300795542385574620_4128271700	defaultfurnitureexceltable.bytes	392	409
16300795542385574620_4128271700	defaultmailexceltable.bytes	248	265
16300795542385574620_4128271700	defaultparcelexceltable.bytes	784	801
16300795542385574620_4128271700	eventcontentboxgachaelementexceltable.bytes	2842440	2843322
16300795542385574620_4128271700	fieldcontentstageexceltable.bytes	8168	8185
16300795542385574620_4128271700	fieldcontentstagerewardexceltable.bytes	27248	27270
16300795542385574620_4128271700	fieldcurtaincallfreemodeexceltable.bytes	256	273
16300795542385574620_4128271700	fielddateexceltable.bytes	25976	25998
16300795542385574620_4128271700	fieldevidenceexceltable.bytes	37856	37883
16300795542385574620_4128271700	fieldinteractionexceltable.bytes	491856	492022
16300795542385574620_4128271700	fieldkeywordexceltable.bytes	34136	34163
16300795542385574620_4128271700	fieldmasteryexceltable.bytes	3816	3833
16300795542385574620_4128271700	fieldmasterylevelexceltable.bytes	6984	7001
16300795542385574620_4128271700	fieldmasterymanageexceltable.bytes	256	273
16300795542385574620_4128271700	fieldquestexceltable.bytes	42096	42123
16300795542385574620_4128271700	fieldrewardexceltable.bytes	24864	24886
16300795542385574620_4128271700	fieldsceneexceltable.bytes	36928	36955
16300795542385574620_4128271700	fieldseasonexceltable.bytes	3480	3497
16300795542385574620_4128271700	fieldstorystageexceltable.bytes	12664	12681
16300795542385574620_4128271700	fieldtutorialexceltable.bytes	504	521
16300795542385574620_4128271700	fieldworldmapzoneexceltable.bytes	12320	12337
16300795542385574620_4128271700	gachaselectpickupgroupexceltable.bytes	1104	1121
16300795542385574620_4128271700	interactiveworldraidcarrierexceltable.bytes	1280	1297
16300795542385574620_4128271700	limitedstageexceltable.bytes	24240	24262
16300795542385574620_4128271700	limitedstagerewardexceltable.bytes	9472	9489
16300795542385574620_4128271700	limitedstageseasonexceltable.bytes	24	39
16300795542385574620_4128271700	localizeccgexceltable.bytes	140092	140149
16300795542385574620_4128271700	localizeetcexceltable.bytes	1118896	1119253
16300795542385574620_4128271700	localizefieldexceltable.bytes	39432	39459
16300795542385574620_4128271700	localizekeymappingexceltable.bytes	4456	4473
16300795542385574620_4128271700	localizesnsexceltable.bytes	3124	3141
16300795542385574620_4128271700	minigamecardexceltable.bytes	64	81
16300795542385574620_4128271700	minigamedefensefixedstatexceltable.bytes	312	329
16300795542385574620_4128271700	minigamedreamcollectionscenarioexceltable.bytes	1096	1113
16300795542385574620_4128271700	minigameroadpuzzleexceltable.bytes	128	145
16300795542385574620_4128271700	minigameshootingexceltable.bytes	188	205
16300795542385574620_4128271700	productbattlepassexceltable.bytes	4320	4337
16300795542385574620_4128271700	protocolsettingexceltable.bytes	39560	39587
16300795542385574620_4128271700	scenarioreplayexceltable.bytes	4384	4401
16300795542385574620_4128271700	scenarioresourceinfoexceltable.bytes	2288	2305
16300795542385574620_4128271700	scenarioscriptfield1exceltable.bytes	475272	475429
16300795542385574620_4128271700	systemmailexceltable.bytes	6624	6641
16300795542385574620_4128271700	tacticarenasimulatorsettingexceltable.bytes	2104	2121
16300795542385574620_4128271700	tacticdamagesimulatorsettingexceltable.bytes	312	329
16300795542385574620_4128271700	tacticsimulatorsettingexceltable.bytes	376	393
16300795542385574620_4128271700	tactictimeattacksimulatorconfigexceltable.bytes	232	249
16300795542385574620_4128271700	tagexceltable.bytes	48080	48107
16309276787754028946_23876815	6012403_eliminateraid_binah_outdoor_elasticarmor_veryhard_start3phase.bytes	1834	747
1630982652886122545_4078642941	sb_01_mainstreet_p01_d_test_tt_nodelayer.bytes	28780	385
16310024452586710202_1130738095	400010120_s3_01_highway_p01_d.bytes	7790	1863
16313114299198952998_3798795292	400030321_s3_01_destroyedstreet_p01_n.bytes	7652	1526
16317743254285684980_1757476031	1102101_04_s3_boss_01_ruins_p02_n.bytes	9484	1893
16318315580931739039_42205681	207307_raid_hod_indoor_torment_start2phase.bytes	5483	1614
16323494043483902614_1471762577	6062302_eliminateraid_perorozilla_outdoor_unarmed_hard_start2phase.bytes	9537	1312
16323984570356061918_657331111	8282308_01_s3_02_trinityisland_p01_n.bytes	7998	1627
16324292648153916387_2544499637	6023105_eliminateraid_chesed_indoor_lightarmor_extreme_start2phase.bytes	822	383
16326954610233915643_3516379896	rb_03_en0005_p01_d.bytes	1106840	297115
16329205825136649939_3509568713	8102303_01_s3_01_destroyedstreet_p01_d.bytes	7254	1380
1633225354728189989_651232315	sb_03_underground_p02_d_nodelayer.bytes	21344	126
16336645274845764211_3170747592	82200009_s2_03_52301_p01_d.bytes	8874	1773
16337207401375366603_3524600235	6071101_eliminateraid_hod_street_light_normal_start4phase.bytes	1145	529
16337891593023099364_3008302666	6062105_eliminateraid_perorozilla_outdoor_light_extreme_start3phase.bytes	9624	1314
16345142593502572673_2161025886	8552309_01_sb_03_buildinghallway_p01_d.bytes	8489	1361
16346625736254918149_1816995573	en0009_test_3.bytes	1353	526
163484649419873183_592440976	6041307_eliminateraid_hieronymus_street_unarmed_torment_start2phase.bytes	1980	765
16352877241017108589_4242519458	sb_01_newyearpath_p02_d_nodelayer.bytes	29572	163
16354086754751279100_3642619988	1201104_05_s3_03_sportscenter_p01.bytes	8166	1425
16354364098579240088_3400207021	81542212_s2_03_insidecruiseship_p01_d.bytes	8777	1826
16359072183080477403_3728729523	8242310_01_s3_boss_sb_01_hyakkiyakostreet_p01_d.bytes	8958	1713
16360439197245383711_1667683186	8552310_01_sb_01_milleniumskyscraper_p01_d.bytes	6754	1227
16360538833244377712_138670161	8062109_04_s3_02_beach_01_d_p01.bytes	9319	2005
1636479343920060009_2852750725	rb_01_hieronymus_p01_d.bytes	1058616	261468
16370556277737103075_140140516	skipendbattletest_02.bytes	1150	577
16374225796363199912_2861440345	6033105_eliminateraid_shirokuro_indoor_light_extreme.bytes	2144	746
16375037610885197158_3457720068	8322311_01_02_forestriver_p01_d.bytes	10064	1875
16375192366051967612_3062736218	9996_overtest.bytes	2166	554
16376988032882397186_3960818262	9100_000_01_stadium_p01_d_01.bytes	1685	573
16382772469431569478_3715862350	6071101_eliminateraid_hod_street_light_normal.bytes	7118	2156
1638335037415197485_3905653341	1121104_01_s2_03_subway_p01_d.bytes	9307	1997
16384394356043158283_2547818430	8032112_06_s3_boss_02_beach_p01_n.bytes	10028	2120
16387456437580416369_2306767515	30101_s3_chaser_test.bytes	21883	3233
16387817210670508308_492785957	6012102_eliminateraid_binah_outdoor_light_hard_start3phase.bytes	1828	741
16389275787460811925_2916614741	1042102_03_s3_boss_02_desertcity_p01_n.bytes	7289	1554
16391547372722723537_3479982136	1012102_01_s2_01_market_p01_n.bytes	7080	1560
16392022720262684129_4049302960	en0009_section_02.bytes	4815	1128
16393587740029306265_1422291737	1151103_05_s3_boss_01_redwinterstreet_p01_d.bytes	9549	1760
1640307751077243558_3221850783	8292308_01_s3_01_mainstreet_p01_d_s.bytes	6290	1132
16403860168193844626_4207337357	newyearpathvisualtest_p01.bytes	12173	2034
16404201548202319275_472161403	8192306_01_s3_01_gehennaslum_p02_d.bytes	11716	2496
16404616754839668837_2811675394	sb_01_stadium_p01_n.bytes	1571476	398040
16406059160191394761_3123324209	1021207_01_s3_01_market_p02_d.bytes	8677	1665
16407834401571728158_417104369	6093307_eliminateraid_en0005_indoor_unarmed_torment.bytes	9319	1652
16410170234305195366_599758848	82223211_s2_03_52301_p01_d.bytes	9370	1772
16411462007081907226_1876835941	db_02_beachstage_04.bytes	581968	146555
16411513349280996155_2790484092	1101101_02_s3_01_backstreet_p01_d.bytes	10568	2094
1641295310523433406_2421124435	8011301_01_s3_sb_01_hyakkiyakostreet_p01_d.bytes	9414	1802
16415933389567408263_1261273885	8563304_01_02_forestriver_p01_n.bytes	9240	1910
1641913621534012647_3692183028	8243104_04_s3_sb_01_mainstreet_p02_n.bytes	10483	1989
16419184044090182709_1330955840	261304_worldraid_chesed_indoor_d.bytes	16731	2061
16420380367264050057_1062974545	1222101_04_s3_02_resort_p02_n.bytes	8123	1506
16424946796378710871_1391431462	6073307_eliminateraid_hod_indoor_unarmed_torment_start4phase.bytes	1142	521
16428103272323055536_3738106474	6062207_eliminateraid_perorozilla_outdoor_heavy_torment_start3phase.bytes	9852	1324
16428126838138228845_2738951714	265202_worldraid_en0010_outdoor_b_2phase.bytes	1786	658
16432237875714148250_3188841964	6073305_eliminateraid_hod_indoor_unarmed_extreme_start4phase.bytes	1142	523
16432516804946774953_1400420568	400020119_s3_03_buildinghallway_p01_d.bytes	8270	1423
16434520909369323646_2547631648	en0010_veryhard_2phase.bytes	942	450
16438480023825577377_1420612608	rb_02_en0023_p01.bytes	1784492	487579
16443041218299409560_1266848902	1141102_03_s3_03_ruinedschool_p02_d.bytes	9230	1835
16444052831595666823_2956045011	1221201_01_s3_02_resort_p02_d.bytes	7326	1389
16451387385099512158_3240039200	8032108_03_s3_02_beach_p01_n.bytes	6636	1398
16451459259082259862_1752639275	8336307_01_03_school_p01_d.bytes	6048	1145
16456351480533106291_2211281634	81543131_s1_boss_02_rainforest_p02_d.bytes	6085	1260
16461177693476739656_2847389676	207104_raid_hod_street_hardcore_start4phase.bytes	1137	521
16461669731086999979_819998873	8012302_01_s3_boss_sb_01_hyakkiyakostreet_p01_d.bytes	8824	1666
1646368740813732636_3989728904	8272303_01_s3_02_harbor_p01_d.bytes	6546	1443
1646518482261666429_1666941201	1122102_05_s3_03_subway_p02_n.bytes	11087	2164
16473547393702229224_3129015440	8203104_03_s3_01_market_p01_d.bytes	8048	1453
16474447333088764687_2201182344	en0009_test_2.bytes	1353	526
16480396329672805339_927758096	1131102_04_s3_boss_01_slumpia_p02_d.bytes	7225	1265
16480917652047753757_2372036641	1122101_01_s3_03_underground_p02_n.bytes	11540	2125
164864424327685030_3408095080	9200_000_01_stadium_p01_d_04.bytes	6486	1245
16487157067452775722_2049581549	8337303_01_03_school_p03_d.bytes	21742	3739
16487321934730691677_1428330356	1162102_03_s3_02_riverside_p01_n.bytes	7139	1495
16493376703438671606_3856042338	6041104_eliminateraid_hieronymus_street_lightarmor_hardcore.bytes	4301	1253
16501512018219475853_578107877	8272309_01_s3_boss_02_harbor_p01_n.bytes	7080	1508
16504119847146568764_2555051632	8532306_01_sb_01_hyakkiyakotraditionalstreet_p01_d.bytes	6124	1261
16510034026226911933_2934192171	81531121_s2_01_shanhaijingstreet_p01_d.bytes	7289	1577
16510933536626681356_496463426	sb_01_redwinterstreet_p01_d_nodelayer.bytes	29572	195
1651242097381629157_1309169731	8082108_03_s3_02_hotsprings_p01_d.bytes	7747	1581
16513112705845206767_3729805591	8142302_01_s3_sb_02_beach_p01_d.bytes	9420	1945
16513243155418182805_1094644337	202306_raid_chesed_indoor_insane_start2phase.bytes	811	373
1651775228189967393_2314866975	1192103_07_s3_02_snowmountain_p02_n.bytes	6758	1321
16519666333144508478_2876005260	8452312_01_sb_01_stadium_p02_n.bytes	6854	1272
16526725416331325904_1581723082	8093102_01_s3_02_newyearpath_p01_n.bytes	10105	1976
16526841975515260406_1892899106	1091105_05_s3_01_park_p01_d.bytes	9257	1866
16537611999507279818_2111516672	8434305_01_03_milleniumunderground_p01_d.bytes	17722	2823
16541213738092229537_742520596	db_02_beachstage_08_nodelayer.bytes	18024	149
16542235025585501666_3739712620	9960_newleveltest.bytes	26322	1665
16548987808283457914_2657779845	1292101_01_s3_sb_02_cargostation_p02_n.bytes	7654	1709
16549039356778792147_219276477	6031104_eliminateraid_shirokuro_street_light_hardcore_start2phase.bytes	898	449
16553729821917244673_1681189030	1182101_03_s3_01_ruins_p01_n.bytes	6799	1307
16557480010726027458_4035203456	sb_03_munitionsfactory_p01_d.bytes	1298356	348955
16559738875236379978_2019690849	c_sb_01_wildhuntstreet_p02_little.bytes	5376	1180
16562337307933912539_1967584997	8081307_01_s3_boss_02_hotsprings_p02_d.bytes	9250	1924
16563910319399077856_1311990281	6093103_eliminateraid_en0005_indoor_lightarmor_veryhard.bytes	9400	1657
16570903566921322633_3750145221	8091310_01_s3_02_newyearpath_p01_n.bytes	7910	1469
16572414173571780263_2137372599	8111305_01_s2_boss_01_gehennaslum_p01_n.bytes	16657	2003
16574066687864535540_3148873295	510401_arena_street_stage01.bytes	1506	455
16574264793197932591_1560273330	400030322_s1_03_hieronymus_p01_d.bytes	3147	786
16579184824064734792_1907566653	sb_01_destroyedstreet_p01_d.bytes	1298356	336379
16579434148481506393_2140426007	8173102_01_s3_sb_03_sportscenter_p01.bytes	7978	1354
1658560583367567265_571501109	6062102_eliminateraid_perorozilla_outdoor_light_hard.bytes	9609	1304
16591870470184381844_1204479261	6052301_eliminateraid_kaitengerraid_outdoor_unarmed_normal_start2phase.bytes	1830	717
16592624780697042000_1761616635	8082305_01_s3_boss_02_hotsprings_p01_d.bytes	9827	1947
16593927294131510428_1114147183	31102_s1_boss_01_slumpia_p01_n.bytes	1973	609
16595427994629461458_1408808500	1272103_05_s3_sb_02_trainroof_p01_n_nosidetrain.bytes	6373	1157
16595464003217773966_326581040	6062301_eliminateraid_perorozilla_outdoor_unarmed_normal_start2phase.bytes	9539	1313
16595965776794072837_4092106909	7013302_01_s3_01_floodedruins_p02_d.bytes	30165	4424
16599111245233846922_972613912	1151105_01_s3_01_mainstreet_p02_d_s.bytes	6634	1309
16599384418473211654_1647421076	9201_000_01_stadium_p01_d_01.bytes	6466	1253
16599498890086196464_2888870582	205104_raid_kaitengerraid_street_hardcore.bytes	4808	1432
16604122436831250436_3993610559	401000114_05_s3_boss_03_buildinghallway_p01_d.bytes	6149	1169
1660466706136758695_925033263	holdtest.bytes	1750	494
16608001072872620426_4219380357	6011403_eliminateraid_binah_street_elasticarmor_veryhard.bytes	5020	1631
16611092785699193254_4235189548	6071405_eliminateraid_hod_street_elastic_extreme_start4phase.bytes	1148	530
16620227643045174840_1190447784	8442307_01_sb_01_backstreet_p01_d.bytes	5810	1239
16621088411398047410_2863245601	8183102_05_s3_01_stadium_p01_d.bytes	7868	1353
16622322693984273516_39561462	8163102_01_s3_01_backstreet_p01_d.bytes	10198	2056
16623343539727297028_2575741521	combattest_goz02_nodelayer.bytes	23356	358
16628440121444610515_321720954	1122102_04_s3_03_subway_p02_n.bytes	11087	2164
16630758110363216359_2493128341	8032310_01_s3_boss_02_beach_p01_n.bytes	9856	2046
16636222053987689238_2497973124	1192102_06_s3_02_snowmountain_p01_n.bytes	6673	1306
16637952423396729261_3518794712	8491310_01_sb_01_wildhuntstreet_p01_n.bytes	5479	1320
16638872729691397397_889324347	8083102_04_s3_02_hotsprings_p01_n.bytes	9730	1998
16641332357143156175_4276847657	270301_worldraid_en0020_street_v01_scenario.bytes	37511	3628
16645618629540229379_3759062589	1121103_03_s3_03_underground_p02_d.bytes	11510	2137
1664628091398446356_3304612625	8461307_01_sb_02_trainroof_p01_d.bytes	445781	22845
16646800736985565392_200994499	sb_02_snowmountain_p02_n.bytes	1298356	347707
16648292424558349960_3255392307	262104_worldraid_hod_street_d_start4phase.bytes	1133	515
16648547374911790006_1257091838	6041204_eliminateraid_hieronymus_street_heavyarmor_hardcore.bytes	4301	1261
16651294326110578703_719401068	en0006_eliminate_lightarmor_extreme.bytes	3751	1027
16651632382404712227_1763387244	sb_01_market_p01_n_s.bytes	1298360	344412
16651670465962630564_1061527811	1111102_05_s3_boss_01_highway_p01_d.bytes	6085	1052
16653375740709898259_33424281	sb_01_hyakkiyakostreet_p01_n_nodelayer.bytes	29572	187
16657103057822447653_4005095023	sb_01_market_p02_d_s_nodelayer.bytes	29572	405
16657362946022301167_3348515773	newenemytest.bytes	2111	647
16662149430108346047_2524936391	1201103_02_s3_03_buildinghallway_p01_d.bytes	6645	1284
16664886414230886117_2651487575	1041102_01_s1_02_riverside_p02_d.bytes	4328	996
16666461234028399423_3731819022	6052105_eliminateraid_kaitengerraid_outdoor_light_extreme_start2phase.bytes	1834	720
16672406808180595819_1423386458	8191305_01_s3_boss_01_park_p02_n.bytes	6092	1577
16674732575316274589_3205924567	1142101_03_s3_03_ruinedschool_p02_n.bytes	9734	1883
16675528326215045404_3518496637	test_01_reainforest_p02_little.bytes	4566	1011
16684512743485688313_2653834942	9322_000_01_sportscenter_p01_d_02.bytes	4092	1137
16686435176421993879_1239532551	30107_s3_boss_01_highway_p01_d.bytes	22824	3346
166868816419571888_1756776917	207306_raid_hod_indoor_insane_start3phase.bytes	1541	662
16688119584426316814_3050245210	1071101_01_s1_03_school_p01_d.bytes	8739	2025
16690122860531188755_2524658813	822411310_s2_03_52302_p02_d.bytes	9184	1940
16691560346891363173_3224620111	sb_01_market_p02_d_nodelayer.bytes	29572	405
16695853050054409485_2607247953	1182103_03_s2_01_ruins_p02_n.bytes	7157	1414
16698545901459524508_424672649	sb_02_excavation_p01_e_nodelayer.bytes	29572	300
16700666920522742628_3698522939	8382302_01_s3_02_beach_p02_d.bytes	5684	1167
1670838643570975407_3027096020	sb_03_basement_p02_d_nodelayer.bytes	14244	434
16711937766842901681_1168063993	401000210_s3_01_hyakkiyakostreet_p01_e.bytes	11913	2068
16711957009340434056_1615247497	1142102_01_s3_03_ruinedschool_p01_n.bytes	9688	1811
16716996592157500113_4036608820	6012302_eliminateraid_binah_outdoor_unarmed_hard_start2phase.bytes	3642	1308
16721248185552596996_2422542154	1301101_05_s3_boss_sb_01_wildhuntstreet_p02_d.bytes	5063	1070
16722356077956651532_1996441066	1132103_06_s3_boss_01_slumpia_p02_n.bytes	7819	1555
16727277319099507250_474932230	8432305_01_s3_03_buildinghallway_p01_d.bytes	7604	1346
16739600417473536083_3610910998	en0010_extreme.bytes	2150	785
16740425457158938147_342768737	8031105_03_s3_02_beach_p02_n.bytes	9415	1943
16740838838478131915_1071999560	en0010_eliminate_unarmed_normal.bytes	2164	788
16741963842180476581_576420543	1032102_02_s3_01_backstreet_p02_n.bytes	8425	1627
16741991553672513669_1660968773	sb_01_ariusstreet_p01_d_nodelayer.bytes	27276	195
16745497037784915471_4168911136	270301_worldraid_en0020_street_v01_b_start3phase.bytes	5875	1338
16749922359472330268_3306371382	6073205_eliminateraid_hod_indoor_heavy_extreme.bytes	7128	2148
16750090325979841999_3256011258	6063202_eliminateraid_perorozilla_indoor_elasticarmor_hard_start3phase.bytes	9628	1315
16756576142403229752_2120005499	sb_03_buildinghallway_p01_n.bytes	1068820	286806
16758856768563246478_2011343287	en0006_eliminate_heavyarmor_extreme_2phase.bytes	2563	885
16759228976761855189_434027752	9103_000_01_stadium_p01_d_04.bytes	1691	576
16763941107916581808_1291471867	1271104_01_s3_sb_02_trainroof_p01_d_nosidetrain.bytes	5732	1103
16768099608391758879_2656540860	6031103_eliminateraid_shirokuro_street_light_veryhard.bytes	2134	750
16770934010070731249_316758075	8443302_01_sb_01_schalestreet_p01.bytes	1957	766
16774224618512163495_2755751633	401000218_s3_02_snowmountain_p01_e.bytes	13816	2091
16778414920143084714_1253369952	9967_resource_test.bytes	1213	568
167822845070544596_1365658455	1072101_02_s2_03_school_p01_n.bytes	9904	2197
16782323235000645877_3706272661	8341304_01_03_gehennapartyhall_p01_d.bytes	6966	1425
16786326358729015108_3826342146	8123102_05_s3_boss_sb_03_trinitychurch_p02_n.bytes	10438	1935
1678669086489535708_1699618725	6071205_eliminateraid_hod_street_heavy_extreme.bytes	7131	2160
16789755314077120389_411971195	sb_01_milleniumskyscraper_p02_n_nodelayer.bytes	21228	156
16792615859307954815_2824277587	6031203_eliminateraid_shirokuro_street_heavy_veryhard.bytes	2134	752
16794700244786892105_890742609	8202303_01_s3_01_market_p02_d.bytes	11715	2287
16795779589593739985_469720385	8202310_01_s3_boss_02_newyearpath_p01_n.bytes	11275	2069
16795816853831054681_4030552743	400010323_s3_02_valleyofsp_p01_d.bytes	2680	924
16799218539427152806_3781515469	822221210_s2_03_52301_p01_d.bytes	9172	1765
16800528522348654827_1441883169	8334308_01_02_playground_p01_d.bytes	9571	2009
16803953233726992936_3169490853	overridetest_normal.bytes	710	361
16804242838716963786_1170144675	9003_000_01_stadium_p01_d_03.bytes	9339	1204
16810402430337366480_3058548045	9113_000_02_playground_p01_01.bytes	1691	575
16813991801214271113_1604921129	6073405_eliminateraid_hod_indoor_elastic_extreme_start3phase.bytes	1583	680
16814146248803255080_2870072933	8411303_01_s3_01_highway_p01_d.bytes	3900	908
16817559363248908643_2184119128	sb_01_destroyhyakkiyakomatsuri_p01_d_nodelayer.bytes	32336	235
16819740995527121294_3579908879	8342301_01_03_gehennapartyhall_p01_d.bytes	5782	1283
16821847223888925834_572354097	8262305_01_s3_01_shanhaijingstreet_p01_d.bytes	9940	2159
16822788324565799069_3008569813	6083304_eliminateraid_goz_indoor_unarmed_hardcore_start2phase.bytes	752	345
16823299196672302799_3235758303	81543212_s2_02_rainforest_p01_d.bytes	5969	1214
1682406271544951537_1725049269	8161302_01_s3_01_backstreet_p01_d.bytes	10127	2203
16828264323159530220_1446809224	82223131_s1_boss_03_52301_p01_d.bytes	7923	1646
16831501588143809264_378776166	400060303_s1_03_hieronymus_p01_d_scenario01.bytes	1825	715
16831653728248318825_2007057671	6073104_eliminateraid_hod_indoor_light_hardcore_start4phase.bytes	1146	526
16832908524133058884_3388019664	1161201_01_s3_02_riverside_p01_d.bytes	6950	1482
16835242566851951283_3922205390	8182306_01_s3_02_playground_p02.bytes	8669	1788
16837593300030356538_3735978492	sb_01_floodedruins_p02_n.bytes	1093336	287775
16837651662841399587_1453054813	8562305_01_02_forestriver_p01_d.bytes	7147	1574
16838985161382556502_288623162	81523121_s2_03_insidecruiseship_p01_d.bytes	6313	1307
16841687422809933078_1595938891	en0006_eliminate_unarmed_insane_3phase.bytes	1242	526
16843620896077405970_1251373729	tunneltest01.bytes	449	217
16846105322684956151_768598035	8031104_01_s3_02_beach_p02_d.bytes	9245	1893
1685163462379999688_507331040	8023101_03_s3_02_snowmountain_p01_d.bytes	10407	1940
16852913291494961558_102716255	9021_000_03_sportscenter_p01_04.bytes	9203	1235
16857212120981722208_948420621	8171305_01_s3_boss_sb_03_buildinghallway_p01_n.bytes	6784	1363
16858843580715912569_3409105976	8343303_01_03_gehennapartyhall_p02_n.bytes	3885	1197
16861610632300500073_1268127994	6023204_eliminateraid_chesed_indoor_heavyarmor_hardcore.bytes	14683	1779
16867056868105532299_494420793	6063306_eliminateraid_perorozilla_indoor_unarmed_insane_start2phase.bytes	9522	1324
16872774978505890599_3501653208	logiceffectconditiontest.bytes	16033	1144
1688074530256768128_730631456	sb_01_destroyedstreet_p01_n.bytes	1298356	336379
16881070917758495123_1074154064	sb_02_trinityisland_p01_n_nodelayer.bytes	35496	234
16881142632303232864_37067405	270301_worldraid_en0020_street_a.bytes	11557	1965
16881853342426296147_2710543870	6093304_eliminateraid_en0005_indoor_unarmed_hardcore.bytes	9334	1658
16887116604738774256_3345017757	1252103_03_s3_sb_01_destroyhyakkiyakomatsuri_p02_n.bytes	6587	1341
16890409702521186904_129443393	210206_raid_hovercraft_outdoor_insane_start2phase.bytes	1544	632
16896152677129683163_181330638	6051403_eliminateraid_kaitengerraid_street_elasticarmor_veryhard.bytes	4899	1441
16897053446563474142_452295062	6012404_eliminateraid_binah_outdoor_elasticarmor_hardcore_start2phase.bytes	3651	1315
16897818308194716035_1779693934	7021306_01_s3_02_snowmountain_p02_d.bytes	5376	1199
16898155905713129694_1696457509	206305_raid_perorozilla_indoor_extreme_start2phase.bytes	9463	1316
16898559960443781805_597213825	sb_01_destroyedhighway_p02_n_nodelayer.bytes	20080	251
16904058994982138151_3480416316	6083305_eliminateraid_goz_indoor_unarmed_extreme_start2phase.bytes	751	344
16905239106307431630_1521617281	rb_03_en0005_p01_d_nodelayer.bytes	25196	269
16924225726590251910_2287977953	9301_000_01_stadium_p01_d_03.bytes	4106	1134
16928095532229808094_327860122	8193102_02_s3_01_market_p02_d_s.bytes	7813	1454
16933280638018668323_1023084190	1041203_01_s3_02_riverside_p01_d.bytes	8973	1797
16936163632814224860_1832383802	8052306_01_s3_boss_01_shanhaijingstreet_p01_d.bytes	10662	2142
16942456082257934810_2619048295	1201102_04_s3_03_sportscenter_p01.bytes	7514	1363
16942458689854941520_2762349314	520401_arena_outdoor_stage01.bytes	936	409
16951419874726348811_4114352857	en0013_extreme_3phase.bytes	1155	523
16953540410168004776_1567987324	207307_raid_hod_indoor_torment_start3phase.bytes	1544	665
16955321580695306724_3446248321	1092102_04_s3_01_park_p02_n.bytes	9943	2010
16962817172831638943_1321797243	1091103_02_s3_01_park_p01_d.bytes	9257	1866
16963762253101359363_3940640469	8322310_01_02_forestriver_p01_d.bytes	8289	1690
16968344791616411923_882198821	6041306_eliminateraid_hieronymus_street_unarmed_insane_start2phase.bytes	1977	765
16968922089959570496_3395712056	1231104_01_s3_03_oldmansion_p01_d.bytes	7907	1685
16969268930361738267_3148394452	6063302_eliminateraid_perorozilla_indoor_unarmed_hard_start3phase.bytes	9498	1309
16970298764165327719_1014180433	6083301_eliminateraid_goz_indoor_unarmed_normal.bytes	12666	1398
16970878785228295501_849603661	6051204_eliminateraid_kaitengerraid_street_heavy_hardcore.bytes	4885	1439
1697484920032416007_256611319	1241102_04_s3_boss_sb_02_trinityisland_p01_d.bytes	7446	1414
16978720204411377323_791326648	8332305_01_03_gehennapartyhall_p01_n.bytes	7323	1535
1698162920760700149_1632745713	8062109_06_s3_boss_02_beach_01_d_p01.bytes	9788	2119
16984335333640243415_1283505603	82231211_s2_02_52201_p01_d.bytes	9393	1816
16988397333173271196_1160216949	1231101_04_s3_03_oldmansion_p02_d.bytes	8663	1853
16988950143065885107_2133179501	1021208_01_s3_01_market_p02_d.bytes	8688	1661
16992587414400206243_986437724	6041103_eliminateraid_hieronymus_street_lightarmor_veryhard_start2phase.bytes	1989	757
16993673770535013075_550207953	playground_obstacleset_many.bytes	5359	1263
16993681977041741997_3695486553	1261104_05_s3_sb_03_trinitychurch_p02_d.bytes	7026	1280
16993924339597232049_4035605223	1031102_02_s2_01_backstreet_p01_d.bytes	7680	1659
16993962488060042763_3188845123	263103_worldraid_kether_street_c_start3phase.bytes	788	357
1699435487235685821_1263481455	db_02_beachstage_08.bytes	792112	184664
16995594352276620884_580604448	6012204_eliminateraid_binah_outdoor_heavy_hardcore.bytes	6971	2205
16996743814619882489_2871268881	30106_s3_boss_01_highway_p01_d.bytes	21637	3330
17000578352618705671_3704989315	257104_worldraid_hod_street_hardcore_start3phase.bytes	1561	665
17001064684666740368_1418536455	sb_03_underground_p01_n_scenario.bytes	1349192	326529
17001971061871302264_1320632447	1071104_02_s1_03_subway_p02_d.bytes	6981	1658
17004700918271557525_3325987963	6073204_eliminateraid_hod_indoor_heavy_hardcore_start2phase.bytes	5620	1620
17005315828537606582_2231757489	1191105_05_s3_02_snowmountain_p02_d.bytes	7071	1345
17005409073167247640_4223643575	6023101_eliminateraid_chesed_indoor_lightarmor_normal.bytes	14541	1778
17010626596970210999_1530269154	1082103_04_s3_03_underground_p01_n.bytes	10326	1982
17011172982636465039_282607049	1261105_05_s3_sb_03_trinitychurch_p02_d.bytes	6980	1278
17013632441587489272_1601145473	8062106_04_s2_02_beach_01_d_p01.bytes	8192	1883
17016505042829410985_929176680	6022402_eliminateraid_chesed_outdoor_elasticarmor_hard_start2phase.bytes	822	392
17016573070338514652_3992070568	8602312_01_sb_02_galleon_p01_d.bytes	6806	1380
17018166532892712113_2988284018	sb_01_hyakkiyakostreet_p01_e_nodelayer.bytes	45280	262
17018642831550950996_2820158936	c_sb_02_trainroof_p01_n_sidetrain.bytes	5267454	68940
17019595220093027134_716039650	1262101_04_s3_sb_03_trinitychurch_p02_n.bytes	6858	1259
1702043210670677088_836394059	8062107_05_s3_02_beach_01_d_p01.bytes	9319	1999
17022173636913720850_3879156362	sb_01_destroyedhighway_p01_d_nodelayer.bytes	23372	423
17023752726744109004_2287822671	1091104_01_s1_01_park_p01_d.bytes	6978	1623
17031211501888331606_289703673	822431110_s2_03_52302_p02_d.bytes	8702	1782
17033008804737368645_3831958372	rb_03_goz_p01_d.bytes	1625696	391676
17033930363074713443_1981828514	6063204_eliminateraid_perorozilla_indoor_elasticarmor_hardcore.bytes	9620	1315
1703757567422557557_70960488	9213_000_02_playground_p01_04.bytes	6883	1275
1703789397134946153_2349953842	1271102_05_s3_sb_02_trainroof_p01_d_nosidetrain.bytes	5996	1142
17038483242701052035_2853797571	82200007_s2_02_52201_p01_d.bytes	9393	1816
17047196310394508436_1685803258	8472312_01_sb_02_beach_p02_n.bytes	8990	1866
1704731204585086728_1131962829	8022103_01_s3_01_market_p01_d_s.bytes	10335	2095
17051379418198532435_3101620745	8091311_01_s3_02_newyearpath_p02_n.bytes	7354	1446
17052458283222143384_3301740906	6052405_eliminateraid_kaitengerraid_outdoor_elasticarmor_extreme_start2phase.bytes	1836	721
17053779516895180835_2745531050	8052304_01_s3_01_shanhaijingstreet_p02_d.bytes	10270	2018
17054618159774140182_3856762051	6063303_eliminateraid_perorozilla_indoor_unarmed_veryhard_start3phase.bytes	9502	1319
17059473687453597267_863306214	8291312_01_s3_boss_01_redwinterstreet_p01_d.bytes	2886	835
17069536911765130127_404408134	8552311_01_sb_03_buildinghallway_p01_n.bytes	7091	1292
1707254163277786645_188152221	1191104_01_s3_02_deserttrack_p01_d.bytes	6892	1339
17073462613786896455_3329392151	6041104_eliminateraid_hieronymus_street_lightarmor_hardcore_start2phase.bytes	1989	756
1707413007394298075_2037468911	sb_03_trinitychurch_p02_n.bytes	832944	242231
17077740035166546749_1034430509	6051303_eliminateraid_kaitengerraid_street_unarmed_veryhard.bytes	4864	1440
17078492097276756977_1896512078	6071402_eliminateraid_hod_street_elastic_hard_start4phase.bytes	1145	529
17079804473404926479_1796889649	8272311_01_s3_boss_02_harbor_p02_n.bytes	7950	1694
17083270572309425986_154765458	sb_03_trinitychurch_p01_n.bytes	745460	209880
17089484485467844778_564894857	1152103_01_s2_01_mainstreet_p02_n_s.bytes	5765	1216
17089539872049948428_2107674704	6012101_eliminateraid_binah_outdoor_light_normal_start2phase.bytes	3647	1311
17093054908891462036_4107488898	1131103_05_s3_boss_01_slumpia_p01_d.bytes	6894	1320
1709710660441019843_4041302354	9221_000_03_sportscenter_p01_01.bytes	6466	1257
17097355991204300176_1253287964	1201105_03_s3_03_buildinghallway_p01_d.bytes	6987	1318
1709764408792222568_3467041860	1241103_05_s3_boss_sb_02_rainforest_p02_d.bytes	7327	1376
17097978939904786914_596962829	6031302_eliminateraid_shirokuro_street_unarmed_hard_start2phase.bytes	891	446
17101162599673614393_2359052982	8123305_01_s3_boss_sb_03_trinitychurch_p01_n.bytes	24393	2384
17102707898956795963_330213571	1091104_05_s3_01_park_p01_d.bytes	9257	1867
17103969236785160597_2270115300	30201_s3_boss_02_deserttrack_p01_d.bytes	20210	3014
17104255318479312238_207061495	400030210_s3_01_gehennaslum_p01_n.bytes	10462	2157
17105136849707603110_1500587607	822211210_s2_03_52301_p02_d.bytes	8943	1876
1711507050391061352_1605590916	sb_02_playground_p02_n_nodelayer.bytes	35624	162
1711810912034675086_542394499	1131104_01_s1_01_slumpia_p02_d.bytes	4840	1036
1712115329204388071_353981561	267104_en0013_street_d_2phase.bytes	2371	775
17121729809762379057_3811541201	sb_02_deserttrack_p02_n_nodelayer.bytes	29572	270
17125920265578868669_3011836903	6011303_eliminateraid_binah_street_unarmed_veryhard_start3phase.bytes	1154	545
1713218457006946379_3672468192	8023205_01_s3_01_redwinterstreet_p01_d.bytes	8698	1761
17140501393753397397_952188215	9321_000_01_sportscenter_p01_d_03.bytes	4106	1133
17140538251829799912_3278635480	6083304_eliminateraid_goz_indoor_unarmed_hardcore.bytes	12684	1399
17142187912321448765_1070068555	test_01_reainforest_p01_little.bytes	4643	1022
17147345653162801293_1174740055	shanhaijingstreet_p02.bytes	12539	2170
17147926180835548931_645329794	6022403_eliminateraid_chesed_outdoor_elasticarmor_veryhard_start2phase.bytes	826	396
17148031771444211209_2418577950	c_sb_02_trainroof_p01_d_nosidetrain.bytes	3950	939
17148467630982524760_1933207972	8093102_04_s2_02_newyearpath_p02_n.bytes	6467	1368
17151232171709995326_1570500362	8163301_01_s3_boss_01_backstreet_p02_n.bytes	16724	2127
17160501606045672180_282882361	8532302_01_sb_01_hyakkiyakomatsuri_p01_d.bytes	10470	1927
17166232279132602367_302378918	254303_worldraid_hieronymus_indoor_veryhard_start2phase.bytes	2219	822
17169554833500992097_2167926538	6023407_eliminateraid_chesed_indoor_elasticarmor_torment_start2phase.bytes	824	391
17171074617747488160_1945567515	1191202_01_s3_02_deserttrack_p01_d.bytes	6473	1278
17171134703765966358_22529737	8083203_01_s3_02_hotsprings_p01_n.bytes	9515	1897
17174345007419964063_1296860147	6052202_eliminateraid_kaitengerraid_outdoor_heavy_hard.bytes	5861	1583
1717575512692839670_2378521022	8242309_01_s3_boss_sb_01_redwinterstreet_p01_d.bytes	10085	1847
1717824512570597243_3547042243	8202305_01_s3_02_excavation_p02_d.bytes	10575	2126
17178511639179253231_80811159	6023304_eliminateraid_chesed_indoor_unarmed_hardcore.bytes	14470	1774
17181980370299549092_2756499662	1281102_05_s3_sb_01_hyakkiyakostreet_p02_d.bytes	7462	1388
1718254904186908457_2372181012	8613301_01_sb_02_harbor_p01_d.bytes	15324	1975
17185804037354063946_2476581590	sb_03_trinitychurch_p01_n_scenario_nodelayer.bytes	17176	250
17187411458345246571_3003169896	1221101_04_s3_boss_02_resort_p01_d.bytes	7930	1564
17187578327060300484_3286992173	1151102_03_s3_01_mainstreet_p02_d_s.bytes	9984	1908
1718873025737610606_1109852561	8102310_01_s3_boss_01_destroyedhighway_p01_n.bytes	9213	1867
17198105627637499234_1553182960	sb_02_frozensea_p01_d_nodelayer.bytes	41912	202
17200152834621314488_2801987682	6071104_eliminateraid_hod_street_light_hardcore.bytes	7144	2159
17203651952234374532_3432074558	en0006_eliminate_unarmed_hardcore_2phase.bytes	2557	885
17204742111075283191_1536610891	en0006_eliminate_heavyarmor_veryhard_2phase.bytes	2566	888
17214101349850066191_3363088141	6062305_eliminateraid_perorozilla_outdoor_unarmed_extreme.bytes	9534	1305
17215345066931948789_1159600491	1141206_01_s3_03_ruinedschool_p01_d.bytes	8145	1635
1721566660026631139_389171975	8322303_01_02_forestriver_p01_d.bytes	8048	1687
17217671253972674119_3100585522	82211212_s2_03_52301_p02_d.bytes	6847	1468
17218973414779305733_3649003218	6011401_eliminateraid_binah_street_elasticarmor_normal.bytes	5018	1629
17220258336142574491_3785745708	6063105_eliminateraid_perorozilla_indoor_light_extreme_start2phase.bytes	9573	1326
17221367464080552051_1986616000	32109_s3_boss_03_sweeperfactory_p01_d.bytes	10432	1668
17222495583890343784_2313070215	1041104_03_s3_boss_02_desertcity_p01_d.bytes	7132	1516
17224372081855808169_93161151	203104_raid_shirokuro_street_hardcore.bytes	2114	746
17226408516158870528_3998944460	8063206_01_s3_boss_03_insidecruiseship_p02_n.bytes	9930	1939
1722955598877202456_2238287319	1202101_03_s3_03_sportscenter_p01.bytes	7585	1414
17230668191052304847_713429774	8093102_05_s3_02_newyearpath_p02_n.bytes	8114	1578
17231234901601219068_1132553528	8061302_01_s3_03_insidecruiseship_p02_d.bytes	9603	1944
17231861943629647639_3648181865	en0006_eliminate_lightarmor_hard.bytes	3739	1023
17233555378680787549_1525156608	8452301_01_sb_03_sportscenter_p02.bytes	7132	1505
17234167696086795007_2297466758	1041101_03_s3_boss_02_riverside_p02_d.bytes	7932	1732
17234574931973764361_1206595078	1241105_01_s3_sb_02_trinityisland_p01_d.bytes	7295	1443
17235850640593772186_2412464268	8253303_01_s3_boss_03_oldmansion_p02_d.bytes	3973	1119
17243215676680163552_1255525748	7013306_01_s3_02_frozensea_p01_d.bytes	25585	2245
17247734687729776021_302471962	9312_000_02_playground_p01_04.bytes	4382	1184
17248443840377934804_2494150426	6071306_eliminateraid_hod_street_unarmed_insane.bytes	7085	2153
17252735482684641232_3325295983	81522211_s2_02_desertisland_p01_d.bytes	7685	1506
17253504748809063724_3965411507	9000_000_01_stadium_p01_d_04.bytes	9262	1231
17253768319360826581_1619499185	1221101_02_s3_02_resort_p01_d.bytes	7129	1404
17254813102080666987_1282396207	9113_000_02_playground_p01_02.bytes	1691	575
17262530896061409388_2842352264	1171202_01_s3_03_insidecruiseship_p02_d.bytes	9603	1912
17268037749685561987_2215630552	6093306_eliminateraid_en0005_indoor_unarmed_insane.bytes	9297	1650
17269452677203196491_1214578934	sb_02_excavation_p02_n_nodelayer.bytes	29572	280
17272848955336840395_3342431312	sb_02_hotsprings_p01_n.bytes	1284812	359638
17275060748511821737_1811165800	6062101_eliminateraid_perorozilla_outdoor_light_normal_start3phase.bytes	9623	1312
17278580585577263103_292232116	8262311_01_s3_boss_01_shanhaijingstreet_p02_n.bytes	7342	1506
17279718907638946641_830671046	8322305_01_02_forestriver_p01_d.bytes	7932	1682
1728027177335990934_3860161479	251302_worldraid_wakamoswimsuit_indoor_b.bytes	1575	594
17284027038350027583_3644933087	8052302_01_s3_01_shanhaijingstreet_p02_d.bytes	10433	2034
17286521101542315773_3457891991	1211104_01_s3_01_destroyedstreet_p01_d.bytes	7885	1524
17295083505707323844_2467679371	1292102_02_s3_sb_02_cargostation_p01_n.bytes	7465	1634
17305209304994051508_364666812	9202_000_01_stadium_p01_d_04.bytes	6626	1270
17307246242906356931_1898737849	en0013_insane.bytes	3646	1114
17308792485067058229_4229129806	82231121_s2_03_52301_p01_d.bytes	9227	1730
17309886529398452386_3005696680	1031206_01_s3_01_highway_p02_d.bytes	7510	1678
17309993797092563515_3829981247	8062104_05_s3_02_beach_01_d_p01.bytes	9160	1999
17315691549373366351_2821763721	8332310_01_03_gehennapartyhall_p02_d.bytes	5689	1404
1731885887213450083_1151729038	7012309_01_s3_01_floodedruins_p01_d.bytes	21722	2487
1731912710425668127_2604498139	sb_02_deserttrack_p02_d_nodelayer.bytes	29572	270
17326069746965618515_52569561	test_8502305_01_sb_01_wildhuntstreet_p01_d.bytes	6960	1334
17331813695629013354_1697442131	8351305_01_s3_hyakkiyakomatsuri_p01_d.bytes	12566	2743
17333262141419546823_2147295427	1112102_03_s1_01_mainstreet_p02_n.bytes	3436	767
17342858238763150758_963021585	8021207_01_s3_01_redwinterstreet_p01_d.bytes	9735	1856
17343990094122207030_3207679435	rb_01_hod_p01_insane.bytes	2490304	667604
17345766818294078480_3842069549	rb_02_en0024_p01_n_nodelayer.bytes	60968	249
17348779928469924412_3414161168	6063205_eliminateraid_perorozilla_indoor_elasticarmor_extreme_start2phase.bytes	9625	1326
17351064336625386655_3810355092	8402304_01_s3_01_shanhaijingstreet_p02_d.bytes	5870	1200
17351884186954766990_3625869837	6052104_eliminateraid_kaitengerraid_outdoor_light_hardcore.bytes	5889	1584
17352354903274825880_542815969	6071204_eliminateraid_hod_street_heavy_hardcore_start4phase.bytes	1147	531
17353273605471828011_58575505	6033103_eliminateraid_shirokuro_indoor_light_veryhard.bytes	2146	744
17355777721083643649_3860642500	1232101_04_s3_03_oldmansion_p02_n.bytes	9152	1913
17357088129286863442_1599553701	en0006_torment.bytes	3773	1031
17362074724894131860_1868886241	1151102_04_s3_boss_01_mainstreet_p02_d_s.bytes	10139	1981
17366003136251448054_336528634	1102103_05_s3_01_ruins_p02_n.bytes	9413	1893
17369206225747451892_2213597870	1241103_03_s3_sb_02_trinityisland_p01_d.bytes	8952	1755
17371266500041272692_1233060078	sb_01_redwinterstreet_p01_e_nodelayer.bytes	29572	202
17372206713825100579_3442986936	6022107_eliminateraid_chesed_outdoor_lightarmor_torment.bytes	17941	2200
1737290839384456024_4245200925	255201_worldraid_binah_outdoor_normal.bytes	6674	2204
17376224627917946820_878051375	6041304_eliminateraid_hieronymus_street_unarmed_hardcore.bytes	4298	1261
17377281148635339559_291885698	9112_000_02_playground_p01_04.bytes	1673	570
17377765430870446393_626536906	81542131_s1_boss_03_insidecruiseship_p01_d.bytes	7219	1595
1738068837616939355_3572606775	206306_raid_perorozilla_indoor_insane_start3phase.bytes	9496	1313
17381780615606555364_988442407	60301_s1_boss_03_buildinghallway_p01_d.bytes	2965	912
1738569396766361637_3036736615	1252102_05_s3_sb_01_hyakkiyakomatsuri_p02_n.bytes	11518	2280
17388304435060485585_4011056862	1111206_01_s3_01_highway_p02_d.bytes	6876	1431
17394266243158167681_2812252849	8583301_01_sb_01_park_p02_d.bytes	8326	1111
1739817891868194378_1962895307	9000_000_01_stadium_p01_d_02.bytes	9262	1230
17398190618088856856_3780247824	208206_raid_goz_outdoor_insane.bytes	13365	1433
17401307113372803003_2052558485	1272101_01_s3_sb_02_trainroof_p01_n_nosidetrain.bytes	6132	1140
1740392789672991634_3785926937	1261103_03_s3_sb_03_trinitychurch_p02_d.bytes	6316	1220
17409040927665913271_1566820074	9203_000_01_stadium_p01_d_03.bytes	6886	1275
17411707632448096546_3569430686	8201310_01__02_excavation_p01_d.bytes	10917	2176
17414754166822084291_779425228	8023301_01_s3_boss_02_snowmountain_p01_d.bytes	11126	1762
17414866057673564817_2444958355	1211203_01_s3_01_destroyedstreet_p01_d.bytes	7541	1491
17416826709388826109_3385347588	6012305_eliminateraid_binah_outdoor_unarmed_extreme_start3phase.bytes	1828	743
17417902076961434071_968420179	en0013_normal.bytes	3632	1112
17419065469467117813_143653028	sb_01_milleniumskyscraper_p02_d.bytes	936620	235464
17428061514354390300_3724214331	sb_01_mainstreet_p01_n_s_nodelayer.bytes	28780	385
17435186789777562771_1761878866	8181307_01_s3_boss_02_playground_p02.bytes	6623	1539
17442422714684546325_2373961117	sb_01_stadium_p02_d_arena.bytes	1571476	398048
17447123536917558795_2327641157	6062104_eliminateraid_perorozilla_outdoor_light_hardcore_start2phase.bytes	9619	1318
17447996891294374026_974133132	207107_raid_hod_street_torment_start3phase.bytes	1545	663
17452246379969700738_293215042	8023206_01_s3_boss_01_redwinterstreet_p01_d.bytes	8284	1711
17452338532786362204_1902207667	8313304_01_s3_boss_01_mainstreet_p02_n.bytes	6278	742
17454557967077457210_1879896893	sb_01_stadium_p02_d_arena_nodelayer.bytes	35784	172
17456475569837723062_2539139047	7011315_01_s3_02_frozensea_p01_d.bytes	1549	632
17459648810355942378_2769779474	effectcountlimittest_unlimit.bytes	609	335
17460573247482908152_3424359679	8372306_01_s3_03_insidecruiseship_p02_d.bytes	9460	1935
17461373202574065173_2421650211	82200010_s2_03_52301_p01_d.bytes	9227	1729
1746826007582315431_2003540017	6012303_eliminateraid_binah_outdoor_unarmed_veryhard_start3phase.bytes	1829	744
17471009131526106656_2306704079	1272101_04_s3_sb_02_trainroof_p01_n_nosidetrain.bytes	6384	1166
17471360372678331945_2751394968	822431210_s2_03_52302_p01_d.bytes	8654	1841
17475528007689781831_2394425481	1101105_01_s2_01_ruins_p01_d.bytes	8282	1729
17477360727697776862_2290604634	1091202_01_s3_01_market_p02_d.bytes	10654	2028
17479147505748166499_1183468431	7011308_01_s3_boss_01_floodruins_p01_d.bytes	6229	1280
17482817676244919421_2017331270	1182102_04_s3_01_ruins_p01_n.bytes	8781	1787
1748384028233167600_3193622072	sb_01_ariusstreet_p01_n.bytes	1198444	387620
17483983956299132914_1911146993	9001_000_01_stadium_p01_d_02.bytes	9019	1224
17485005524581802787_115092187	256306_worldraid_chesed_indoor_insane.bytes	13599	1731
17487397102281663210_589218783	1181204_01_s3_01_ruins_p01_d.bytes	8449	1758
17488337356193069728_2799009683	1092103_04_s3_01_park_p02_n.bytes	9953	2002
17492790511168658213_3902327932	6051406_eliminateraid_kaitengerraid_street_elasticarmor_insane.bytes	4892	1443
17494028743094030679_3368887744	8123102_01_s3_sb_03_trinitychurch_p01_n.bytes	8895	1595
17498529243322739179_4261613229	6012404_eliminateraid_binah_outdoor_elasticarmor_hardcore.bytes	6973	2209
17499111657063644368_987598171	201201_raid_binah_outdoor_normal.bytes	6958	2195
17499173000724519082_3992471226	8572312_01_sb_01_gehennaslum_p02_n.bytes	7518	1420
17506508790136960935_1612048644	8043206_01_s3_boss_01_gehennaslum_p01_n.bytes	7428	1620
17511380149137300357_1199466320	8302309_01_s3_boss_03_expresstrain_p01_d.bytes	16286	2364
17513123364405199379_3688336241	257103_worldraid_hod_street_veryhard_start4phase.bytes	1135	516
17513900511408141402_3969628788	9312_000_02_playground_p01_01.bytes	4382	1184
17514583051083269533_1521408296	en0006_eliminate_lightarmor_torment.bytes	3765	1029
1751501678738260301_4039306100	8522311_01_sb_03_trinitychurch_p01_n.bytes	6308	1269
17516929553708477958_2564784917	8473303_01_sb_02_resort_p01_d.bytes	2803	774
17517647005181334958_2339737061	6051405_eliminateraid_kaitengerraid_street_elasticarmor_extreme.bytes	4892	1439
17517912082376723557_3516869462	8181305_01_s3_02_playground_p02.bytes	7963	1609
17518255006998472814_3694477077	1081104_02_s2_03_underground_p02_d.bytes	10016	2007
17521966832555456112_299448994	8093102_03_s3_02_newyearpath_p01_n.bytes	9779	1933
1752836517107443097_580306503	8382310_01_s3_02_beach_p02_d.bytes	6706	1369
17530886998654355318_3716940463	sb_01_hyakkiyakostreet_p02_n.bytes	1298356	346536
17532648190028332301_2855908413	en0010_lunatic.bytes	2157	789
17534414045467756411_3081966684	1271103_01_s3_sb_02_trainroof_p01_d_nosidetrain.bytes	5732	1114
175362058740375947_2720084322	1222103_01_s3_02_resort_p01_n.bytes	7471	1441
17538613984273631325_3455881101	8292304_01_s3_01_mainstreet_p01_d_s.bytes	7363	1425
17539090551936014792_3418860176	8502311_01_sb_01_wildhuntstreet_p02_d.bytes	6922	1405
17549519724572729706_2715086903	8082108_02_s3_02_hotsprings_p01_d.bytes	7906	1597
17552593309369395360_3426356956	9101_000_01_stadium_p01_d_03.bytes	1676	568
17556748152071969482_2757668296	8022104_06_s3_boss_01_redwinterstreet_p01_n.bytes	9256	1852
17560810354935249592_334724734	1222101_01_s3_02_resort_p01_n.bytes	7642	1455
17561613436725229891_3021101113	207108_raid_hod_street_lunatic_start3phase.bytes	1545	665
17562497844064630752_4242909536	8102304_01_s3_01_destroyedhighway_p02_d.bytes	7232	1429
17564503061395558103_3529456460	1102102_05_s3_boss_01_ruins_p02_n.bytes	9258	1863
17570474168225531151_1765288241	81521211_s2_03_insidecruiseship_p01_d.bytes	8344	1773
17582307482559850482_918859279	270301_worldraid_en0020_street_v01_c.bytes	16171	2780
17586053117680496933_2160747873	conquestmap_challenge_815.json	15468	1232
17586053117680496933_2160747873	conquestmap_challenge_815_step2.json	67216	3408
17586053117680496933_2160747873	conquestmap_challenge_822.json	15198	1288
17586053117680496933_2160747873	conquestmap_dummy.json	54526	2726
17586053117680496933_2160747873	conquestmap_normal_815.json	171319	8248
17586053117680496933_2160747873	conquestmap_normal_815_step3.json	46570	2312
17586053117680496933_2160747873	conquestmap_normal_815_step4.json	25105	1495
17586053117680496933_2160747873	conquestmap_normal_815_test01.json	69474	3597
17586053117680496933_2160747873	conquestmap_normal_815_test02.json	39109	1800
17586053117680496933_2160747873	conquestmap_normal_815_test03.json	30729	1527
17586053117680496933_2160747873	conquestmap_normal_822_1.json	31714	2212
17586053117680496933_2160747873	conquestmap_normal_822_2.json	51512	3008
17586053117680496933_2160747873	conquestmap_normal_822_3.json	58418	3278
17586053117680496933_2160747873	conquestmap_normal_822_4.json	62774	3417
17586053117680496933_2160747873	conquestmap_normal_900815.json	175189	7422
17586053117680496933_2160747873	samplemap.json	7538	534
17589881820462540960_457311575	en0006_eliminate_lightarmor_extreme_3phase.bytes	1250	534
17590045797135947205_2000358402	8082309_01_s3_boss_02_hotsprings_p01_d.bytes	9827	1935
17591372029307548170_1214838111	6011302_eliminateraid_binah_street_unarmed_hard.bytes	5011	1620
17598313694602552931_2853508572	6063204_eliminateraid_perorozilla_indoor_heavy_hardcore_start2phase.bytes	9574	1325
17599652854795987742_3109792696	8101302_01_s3_01_park_p01_d.bytes	9295	1936
17600287523621828844_241252141	1181105_01_s3_01_ruins_p02_d.bytes	7157	1418
17601860015664652279_1878689281	en0006_eliminate_unarmed_veryhard_2phase.bytes	2557	886
17607058898791230574_3607656204	sb_03_insidecruiseship_p01_d_nodelayer.bytes	29572	285
17607340276164277177_1797085111	6033307_eliminateraid_shirokuro_indoor_unarmed_torment.bytes	2145	749
17608179801204079686_3947316041	8343301_01_03_gehennapartyhall_p01_d.bytes	6807	1433
17618045340239875834_2730374572	1081102_01_s2_03_munitionsfactory_p01_d.bytes	8361	1401
17618253302086663495_102967869	82222211_s2_02_52201_p01_d.bytes	6259	1341
17619441036324304441_601052734	8372311_01_s3_02_resort_p01_n.bytes	6959	1470
17620380663364411476_2201145760	8602309_01_sb_02_beach_p01_d.bytes	6253	1073
1762225908588884563_4017222205	260202_worldraid_binah_outdoor_b.bytes	4206	1529
17625298466970461357_2187236671	6073104_eliminateraid_hod_indoor_light_hardcore.bytes	7141	2150
17627919246778036192_2812170649	203304_raid_shirokuro_indoor_hardcore_start2phase.bytes	892	445
1763035017034527554_1232965583	6051304_eliminateraid_kaitengerraid_street_unarmed_hardcore.bytes	4864	1440
17632267969264728809_2698651815	sb_01_stadium_p02_d_nodelayer.bytes	35784	166
17635578803564132054_2900283342	258301_worldraid_perorozilla_indoor_normal_start2phase.bytes	9523	1312
17636468875207540174_2310447442	8132308_01_s3_01_hyakkiyakomoviestreet_p02_d.bytes	7894	1476
17640971590921986477_1419278068	6022304_eliminateraid_chesed_outdoor_unarmed_hardcore.bytes	15463	1922
1764161947486576151_3813293474	8021104_01_s3_01_redwinterstreet_p01_d.bytes	9794	1848
17651890914533231593_2229674853	1032101_01_s1_01_backstreet_p01_n.bytes	3627	960
1765260652015987720_3758049166	8432303_01_s3_03_buildinghallway_p01_d.bytes	6409	1218
17654049611645088353_3403915000	sb_03_insidecruiseship_p02_d_nodelayer.bytes	29572	231
17666089876297179552_3533517525	6011306_eliminateraid_binah_street_unarmed_insane.bytes	5013	1623
17671630342269001242_2989881799	6073405_eliminateraid_hod_indoor_elastic_extreme_start2phase.bytes	5632	1622
17672077532796613821_3108688320	8602310_01_sb_02_beach_p01_d.bytes	6108	1058
17677712819780098697_4248166332	9100_000_01_stadium_p01_d_03.bytes	1685	573
17680149780102563652_829927924	8262311_01_s3_boss_01_shanhaijingstreet_p01_n.bytes	8459	1761
17683506030199305370_2293700041	206204_raid_perorozilla_outdoor_hardcore_start2phase.bytes	9460	1311
17683843473103658122_609252755	208205_raid_goz_outdoor_extreme_start2phase.bytes	829	370
17684720906970512474_1490859428	8336306_01_03_school_p03_d.bytes	4667	866
17684905016690219265_928911478	8443304_01_s3_01_gehennaslum_p01_d.bytes	8692	1814
17687747039608300217_2010940790	1182102_02_s3_01_ruins_p01_n.bytes	6636	1296
17688383377176796718_1467623823	1141208_01_s3_03_ruinedschool_p02_d.bytes	9398	1858
17691958144066159012_1353796851	1011101_01_s1_01_mainstreet_p01_d.bytes	5214	1236
17694427778871731286_1775029442	1041105_01_s3_02_desertcity_p02_d.bytes	8249	1661
17695288721751936582_542278123	253102_worldraid_shirokuro_street_hard.bytes	2092	726
17699706766827166681_2202431663	rb_02_en0023_p01_nodelayer.bytes	40616	849
17701559043799368590_115780286	8573303_01_sb_01_backstreet_p01_n.bytes	7840	1676
17703322832934713112_3547184490	sb_02_hotsprings_p03_d.bytes	911976	262698
17709417637437511511_2568474447	8432306_01_s3_01_milleniumskyscraper_p01_d.bytes	7014	1272
17711860444153503631_2605245845	8482311_01_sb_02_desertisland_p02_d.bytes	7619	1439
17712111085012325898_2619269575	8102305_01_s3_01_destroyedstreet_p01_d.bytes	10518	1916
17713215852695836369_616211513	glskill_test_03.bytes	924	465
17719454257315047276_2845983062	8083104_06_s3_02_hotsprings_p02_n.bytes	9593	1927
17719474797985125227_1418027938	6071402_eliminateraid_hod_street_elastic_hard_start2phase.bytes	5599	1627
17722880226995564072_3234153955	202305_raid_chesed_indoor_extreme.bytes	13832	1757
1772628717275435637_1813683362	6071306_eliminateraid_hod_street_unarmed_insane_start4phase.bytes	1141	521
17728516479839850656_3080134220	c_sb_01_wildhuntstreet_p01_many.bytes	6128	1272
17729102716599494330_166699464	8092305_01_s3_02_newyearpath_p01_d.bytes	6987	1380
17729933628675289073_91256587	8273104_01_s3_02_harbor_p01_n.bytes	10127	1790
17729952670408933166_1471946547	9102_000_01_stadium_p01_d_04.bytes	1673	570
17732902892772256430_4043343506	8532310_01_sb_01_hyakkiyakostreet_p01_n.bytes	5881	1229
17734038390606728896_3105454626	1061401_01_s3_boss_02_snowmountain_p02_d.bytes	8221	1541
1773603131741511691_602952448	6073406_eliminateraid_hod_indoor_elastic_insane_start2phase.bytes	5627	1624
17741086983642512677_1018471627	8061106_03_s3_boss_03_insidecruiseship_p01_d.bytes	9726	1986
17741949717211359908_1688441773	8063102_02_s3_03_insidecruiseship_p01_n.bytes	9574	1851
17742957924482390447_672212109	82241111_s2_03_52301_p01_d.bytes	9227	1729
17747682151901111609_853712954	6073204_eliminateraid_hod_indoor_heavy_hardcore.bytes	7141	2149
17752849119189050774_3639810927	8353304_01_01_hyakkiyakomatsuri_p01_d.bytes	16665	2705
177546828456212584_1076128067	8133104_04_s3_01_hyakkiyakomoviestreet_p02_n.bytes	10746	1905
17757021038801524986_2508626775	1211102_04_s3_01_destroyedstreet_p01_d.bytes	10305	2013
17757473725680258122_200307714	6023205_eliminateraid_chesed_indoor_heavyarmor_extreme_start2phase.bytes	822	383
17760055684355448108_1703220709	8502302_01_sb_01_wildhuntstreet_p01_d.bytes	6789	1321
1776054520165340082_3458166245	8281309_01_s3_02_trinityisland_p01_d.bytes	12957	2358
17761702223380570118_2042675500	1192101_02_s3_02_deserttrack_p01_n.bytes	6562	1310
17766307200431574369_3702364315	6033302_eliminateraid_shirokuro_indoor_unarmed_hard_start2phase.bytes	896	448
17776087312416381084_4046415698	1071204_01_s3_03_school_p02_d.bytes	10135	2077
17777526621243732612_3817927813	258305_worldraid_perorozilla_indoor_extreme_start3phase.bytes	9530	1306
17781230978181545146_437412529	6071404_eliminateraid_hod_street_elastic_hardcore_start4phase.bytes	1149	533
17781766065354169556_3128275965	1271104_04_s3_sb_02_trainroof_p01_d_nosidetrain.bytes	5600	1118
17785153138936692763_845563338	6023401_eliminateraid_chesed_indoor_elasticarmor_normal_start2phase.bytes	823	391
17790352473816774932_891103274	6071103_eliminateraid_hod_street_light_veryhard_start4phase.bytes	1147	531
17790639402998753395_1551396532	6062106_eliminateraid_perorozilla_outdoor_light_insane_start2phase.bytes	9645	1320
17797367536892904407_3176621043	1021201_01_s3_01_park_p01_d.bytes	7224	1499
17799853734246590652_2859756438	en0010_eliminate_unarmed_hard.bytes	2160	786
17802654719188113284_546501587	9970_worldemojitest.bytes	5400	1263
17805184172710082477_1657068219	6011402_eliminateraid_binah_street_elasticarmor_hard_start3phase.bytes	1155	546
17807021513203371783_4022063635	201207_raid_binah_outdoor_torment_start2phase.bytes	3637	1295
17807442565710075467_297037982	6063204_eliminateraid_perorozilla_indoor_elasticarmor_hardcore_start3phase.bytes	9632	1323
17813714980621552011_1551507705	rb_01_shirokuro_p01_e.bytes	2084560	517314
1781542276170031935_2916997735	256303_worldraid_chesed_indoor_veryhard_start2phase.bytes	805	371
17820400489251300466_2005159765	6062306_eliminateraid_perorozilla_outdoor_unarmed_insane_start2phase.bytes	9567	1317
17823667184411095888_519241868	6031106_eliminateraid_shirokuro_street_light_insane.bytes	2137	749
1782650808634125198_421872955	8263102_03_s3_01_shanhaijingstreet_p02_n.bytes	9786	2146
1782772626429260387_1787989043	sb_02_trainroof_p01_d_nosidetrain_nodelayer.bytes	77124	561
17834340999561152396_599093951	6012204_eliminateraid_binah_outdoor_heavy_hardcore_start2phase.bytes	3649	1311
17837971991242776085_2399799148	6031206_eliminateraid_shirokuro_street_heavy_insane_start2phase.bytes	896	449
17841415394619340426_1774518057	31110_s1_boss_01_slumpia_p01_n.bytes	1972	610
1784465380693299262_1329254803	1302103_02_s3_sb_01_wildhuntstreet_p01_n.bytes	6560	1339
1785305547173573652_1978323993	1022102_03_s3_boss_01_park_p02_n.bytes	8286	1663
17855322269701996262_3906421838	sb_03_sweeperfactory_p01_d_nodelayer.bytes	29572	277
17855876479533161313_2296699573	254305_worldraid_hieronymus_indoor_extreme_start2phase.bytes	2218	818
17857271033334828090_952667847	sb_01_highway_p01_d.bytes	864116	245667
17859299273042401066_3113636222	6023103_eliminateraid_chesed_indoor_lightarmor_veryhard_start2phase.bytes	823	384
17862654952874898705_1469529057	8131301_01_s3_01_hyakkiyakomoviestreet_p01_d.bytes	10025	1762
17864572236301171070_378467894	1092101_02_s2_01_market_p01_n.bytes	10043	2050
17864882455517664986_174869450	6063202_eliminateraid_perorozilla_indoor_heavy_hard.bytes	9564	1305
17865968022552528749_3438480423	1102101_01_s2_01_ruins_p01_n.bytes	8113	1715
17871728718040038552_1232827634	269101_en0015_street_b_2phase.bytes	879	435
17873785956785961891_776611444	8023101_05_s3_02_snowmountain_p02_d.bytes	8814	1676
17874624797394818328_2882959067	8552302_01_sb_01_milleniumskyscraper_p01_d.bytes	6320	1222
17877190092576434641_758859850	270301_worldraid_en0020_street_b_start3phase.bytes	1433	572
17882520042138808616_3708374906	8311308_01_s3_03_underground_p01_d.bytes	7467	1407
17888528439559907274_417773311	6041102_eliminateraid_hieronymus_street_lightarmor_hard_start2phase.bytes	1977	754
17889325314910316633_3045548509	8242305_01_s3_sb_01_park_p01_d.bytes	7248	1375
17889340574380757641_486355847	1092101_05_s3_boss_01_market_p02_n.bytes	10887	2085
17890370966195089772_878717399	1212102_01_s3_01_destroyedstreet_p01_n.bytes	7563	1465
17892375986460925524_4289053169	30207_s3_boss_02_deserttrack_p01_d.bytes	22691	3339
17893749986195605804_1541724028	8193104_07_s3_01_highway_p02_d_s.bytes	9669	2025
17900447752459183172_3330963817	82200007_s2_03_52301_p01_d.bytes	9227	1729
17904607395793747134_1967535946	1121105_06_s3_boss_03_underground_p01_d.bytes	12599	2289
17905629800416359010_4156497954	1082101_03_s3_03_munitionsfactory_p01_n.bytes	9500	1519
17908397151703143726_2072587124	8281306_01_s3_02_trinityisland_p01_d.bytes	4145	917
17910266942829134056_2197279367	8272307_01_s3_02_harbor_p01_d.bytes	6866	1493
17911162057745382526_1018670615	6012304_eliminateraid_binah_outdoor_unarmed_hardcore.bytes	6968	2205
17914815225496139617_2525141492	sb_01_slumpia_p01_e.bytes	1981368	538679
17916780822779030612_4176411809	8593302_01_sb_02_rainforest_p01_d.bytes	1622	642
17919607380211269595_4044905383	1271101_04_s3_sb_02_trainroof_p01_d_nosidetrain.bytes	5996	1145
17922803945060580418_1056849149	1101105_03_s3_01_ruins_p02_d.bytes	9251	1871
17924405981711192028_1498160283	rb_03_chesed_p01_d_scenario.bytes	1244252	321330
17927372148657827220_3091680632	1191104_05_s3_02_deserttrack_p01_d.bytes	6793	1312
17928522400308707466_3936041547	81541131_s2_boss_02_resort_p01_d.bytes	7227	1443
17928562686381280221_2823985087	6033104_eliminateraid_shirokuro_indoor_light_hardcore.bytes	2146	743
17932541498652782880_4071079313	270301_worldraid_en0020_street_scenario.bytes	11816	1989
17935834902843673518_1881310649	8363302_01_s3_park_p02_d.bytes	2470	833
1793976870629754877_3422556848	1111102_01_s2_01_highway_p02_d.bytes	4896	900
1794811869492052144_61770704	8401305_01_s3_01_shanhaijingstreet_p01_n.bytes	3214	871
17953460215671477997_1297306813	8183305_01_s3_boss_02_playground_p02.bytes	3925	1198
17953511442289369006_1234250879	sb_01_shanhaijingstreet_p01_d.bytes	1284148	365308
17958073647019351227_1434369896	8123302_05_s3_boss_sb_03_trinitychurch_p02_n.bytes	10438	1934
17959161078163610146_1244698479	8311307_01_s3_boss_03_underground_p02_d.bytes	20884	3428
1796010133149084718_589850455	1101204_01_s3_01_ruins_p01_d.bytes	9320	1846
17960298540637515858_2281168256	1281102_06_s3_boss_sb_01_hyakkiyakostreet_p02_d.bytes	7536	1351
179635458180591730_493625021	6041103_eliminateraid_hieronymus_street_lightarmor_veryhard.bytes	4301	1255
17964399724306774173_2337661092	8552301_01_sb_03_buildinghallway_p01_d.bytes	6904	1237
17971670243046090692_3071558553	8401308_01_s3_01_shanhaijingstreet_p02_d.bytes	5009	1112
17974956896868551950_3735499538	8202305_01_s3_02_newyearpath_p02_d.bytes	10650	2010
17976032453283893903_3313568455	1202101_04_s3_03_sportscenter_p01.bytes	7585	1405
17977032028607526171_2030401307	6031407_eliminateraid_shirokuro_street_elasticarmor_torment_start2phase.bytes	899	448
17978061120247367990_3981892586	sb_03_insidecruiseship_p02_n.bytes	1298268	382608
17980161556330379773_143487018	1292102_03_s3_sb_02_cargostation_p01_n.bytes	7473	1626
17980598867811738910_2634226711	sb_01_market_p01_n_s_nodelayer.bytes	29572	337
17986547716617328545_2050140145	1281104_05_s3_sb_01_hyakkiyakostreet_p02_d.bytes	7462	1388
17989745120280252173_1753573895	6031101_eliminateraid_shirokuro_street_light_normal.bytes	2130	749
17991556547916022282_3365428294	1151104_05_s3_01_mainstreet_p02_d_s.bytes	10662	1999
17993732960743152829_3307619977	8282309_01_s3_boss_02_trinityisland_p01_d.bytes	8064	1672
17996132437428043479_7817453	8032108_02_s3_02_beach_p01_n.bytes	6636	1400
17997461955630761312_1777502913	9011_000_02_playground_p01_03.bytes	9203	1185
17997686254543535684_3770410098	8332307_01_03_gehennapartyhall_p02_n.bytes	5662	1356
18003181344801097888_387205391	1052103_03_s3_02_excavation_p02_n.bytes	9552	1998
18005743532478871532_26077086	1131101_02_s3_01_slumpia_p01_d.bytes	7232	1456
18013055028316175120_1571435642	269101_en0015_enhanced_street_d_2phase.bytes	888	441
18015313912063746733_3654120499	1101202_01_s3_01_backstreet_p01_d.bytes	10570	2110
18015508421170361601_3925419692	droneplaytest.bytes	1686	389
18017808569872840012_1507490879	400020110_s3_01_ruins_p02_d.bytes	6551	1253
1801873661399128875_2902991209	8492305_01_sb_01_wildhuntstreet_p01_n.bytes	5070	1032
18021361806109016941_3922592749	6033405_eliminateraid_shirokuro_indoor_elasticarmor_extreme_start2phase.bytes	905	452
1802381041510506505_2780500971	1121104_03_s1_03_subway_p02_d.bytes	8425	1863
18027683815245161246_42202106	sb_01_backstreet_p01_d.bytes	1298356	364627
18033013180195670747_2862249893	8281308_01_s3_02_trinityisland_p01_d.bytes	7030	1500
18038466955336403675_545545804	8193303_01_s3_boss_01_highway_p01_n_s.bytes	12518	2552
18040258039632336959_4174410780	1082101_01_s2_03_munitionsfactory_p01_n.bytes	8526	1430
18040654077289223950_3327285212	1061104_03_s3_02_snowmountain_p01_d.bytes	6045	978
18040844467631658353_3400883423	8592306_01_sb_02_rainforest_p01_n.bytes	5872	1108
18049930575880445682_1589495713	8362308_01_s3_mainstreet_p02_d.bytes	5657	1259
18054134442874199138_3501321668	1201102_02_s3_03_sportscenter_p01.bytes	6800	1313
1805725961721047180_3224481731	400010211_s3_01_mainstreet_p01_d.bytes	6964	1433
18057386558517571935_1094000130	sb_01_hyakkiyakotraditionalstreet_p01_d.bytes	1028664	285792
18058565905642411997_3554502620	8203104_08_s3_boss_01_market_p01_d.bytes	11058	2094
18062618524403231165_306926096	en0006_eliminate_unarmed_veryhard.bytes	3743	1024
18064606830213315468_4059550694	8342307_01_03_gehennapartyhall_p01_d.bytes	6349	1336
18068389860824415548_1813157926	6011202_eliminateraid_binah_street_heavy_hard.bytes	5014	1625
18069496740804646076_1385072142	204108_raid_hieronymus_street_lunatic_start2phase.bytes	2124	756
1807060037239919190_2473148919	8203104_06_s3_01_market_p02_d.bytes	11179	2042
18070852126244021660_635365176	sb_01_gehennaslum_p01_d_nodelayer.bytes	29572	206
1807223520937837715_1767296460	1171102_03_s3_03_insidecruiseship_p01_d.bytes	8849	1790
18074246019125685094_428569420	6011306_eliminateraid_binah_street_unarmed_insane_start2phase.bytes	2642	1006
18075910659307818067_3482358942	9972_newleveltest.bytes	30756536	127196
18080443841322658514_3634122388	1181105_04_s3_01_ruins_p02_d.bytes	7157	1409
18084979564027765217_78499659	255206_worldraid_binah_outdoor_insane_start3phase.bytes	1721	712
18088699076376768818_1659387386	8201303_01_s3_01_market_p02_d.bytes	11714	2296
18095433037202047895_4112611863	81513111_s2_02_snowmountain_p01_d.bytes	9248	1911
18098923016711241716_132338310	204306_raid_hieronymus_indoor_insane_start2phase.bytes	2230	809
18100699570142671869_3595875148	6031101_eliminateraid_shirokuro_street_light_normal_start2phase.bytes	896	449
18105907800161867613_2627255162	6073305_eliminateraid_hod_indoor_unarmed_extreme_start3phase.bytes	1568	673
18107926102089654161_2444314082	201208_raid_binah_outdoor_lunatic.bytes	6959	2195
18108760888266213436_3047860258	1252102_01_s3_sb_01_hyakkiyakomatsuri_p01_n.bytes	11423	2155
1810932974968810970_3740534741	db_02_beachstage_06.bytes	581968	146657
1811160394527437410_1573969392	6022105_eliminateraid_chesed_outdoor_lightarmor_extreme.bytes	15613	1929
18118510619153175044_2049818451	6022307_eliminateraid_chesed_outdoor_unarmed_torment.bytes	17725	2196
18122284017414323472_3957249190	6033107_eliminateraid_shirokuro_indoor_light_torment_start2phase.bytes	902	450
18128315652209339060_1343683067	sb_01_milleniumskyscraper_p01_e.bytes	1084212	284030
18128752904298092821_2197360531	6062403_eliminateraid_perorozilla_outdoor_elasticarmor_veryhard_start3phase.bytes	9677	1317
18129006813717336653_1864461639	test_01_desertisland_p02_little.bytes	5066	1148
18132208493853913034_583655160	82241211_s2_03_52301_p01_d.bytes	9227	1731
18133502513938364869_2421708817	8051307_01_s3_01_shanhaijingstreet_p01_d.bytes	10184	2057
18135710368010285980_2449125630	sb_03_underground_p01_d.bytes	937864	245645
18135768029987698314_925653256	400010322_s3_02_trainroof_p01_d_nosidetrain.bytes	762	339
18136832634759254128_1238074554	1112101_04_s3_01_highway_p02_n.bytes	7143	1426
18136971244191695631_1605508368	1062102_04_s3_boss_02_snowmountain_p02_n.bytes	6247	1074
1814253505776647150_1322203556	test_combat_hod.bytes	3343	1461
18143211730127839991_3879349926	1232102_01_s3_03_oldmansion_p02_n.bytes	7071	1509
18143546795707936258_3436524707	8301305_01_s3_03_expresstrain_p02_d.bytes	11504	2252
18143834546574776792_2716652806	sb_01_highway_p02_n.bytes	1017228	267208
18151915158919952197_504168356	1172102_03_s3_03_insidecruiseship_p01_n.bytes	9192	1844
18155636163265477995_746068042	en0022_hardcore_2phase.bytes	2949	1083
18157343313046239369_4197312015	6063305_eliminateraid_perorozilla_indoor_unarmed_extreme.bytes	9489	1310
18159193348438702212_2810535230	sportcenter_crowdtest_camera2.bytes	1982	576
18160032524443648749_3730509307	sb_03_zennosento_p01_d_nodelayer.bytes	14800	61
18160241542457123287_405595099	9001_000_01_stadium_p01_d_04.bytes	9019	1224
18161205650444982332_3663614572	1282103_04_s3_sb_01_hyakkiyakotraditionalstreet_p02_n.bytes	8670	1471
18164454357981922069_4116359104	6093101_eliminateraid_en0005_indoor_lightarmor_normal.bytes	9351	1652
18165302097851572263_1673172407	204106_raid_hieronymus_street_insane_start2phase.bytes	2051	757
18169082299911268685_172842500	1201102_06_s3_boss_03_sportscenter_p01.bytes	7498	1390
18170036557897867584_159751613	260203_worldraid_binah_outdoor_c.bytes	4206	1529
18174150288070050920_447718089	6022206_eliminateraid_chesed_outdoor_heavyarmor_insane_start2phase.bytes	822	391
18178829069098033038_133201789	multifloorraid_en0008_outdoor_firstsection.bytes	1135	491
18184139680413551220_3505913808	sb_01_slumpia_p01_d.bytes	1981368	543143
18188119470655833342_4046371319	6023204_eliminateraid_chesed_indoor_heavyarmor_hardcore_start2phase.bytes	823	383
18193940549922316920_3573643721	8063303_01_s3_boss_03_insidecruiseship_p02_n.bytes	10721	2225
18196000481651591803_1360200992	1131102_03_s3_01_slumpia_p02_d.bytes	7330	1406
18196109444661988371_2296872630	8211307_event821_hod_street_hardcore.bytes	9290	2749
18200422499465499702_1589893898	en0010_eliminate_unarmed_extreme_2phase.bytes	941	452
1820048384140263048_2634347109	8332312_01_03_gehennapartyhall_p02_n.bytes	5677	1410
18200665394641942959_2095415322	6102406_eliminateraid_hovercraft_outdoor_elasticarmor_insane_start2phase.bytes	1546	641
18205407778626860260_2664945852	258304_worldraid_perorozilla_indoor_hardcore_start2phase.bytes	9525	1313
18213014833699277720_4205692814	822311110_s2_03_52301_p01_d.bytes	9227	1729
18225644841193129343_670461456	sb_01_highway_p01_d_nodelayer.bytes	19664	353
18227158596135070806_455180601	8193102_04_s3_01_market_p02_d_s.bytes	10951	2060
18227535341530969508_1829662707	82250211__03_52301_p01_d.bytes	4607	1077
18227969971557125417_3081567885	1032103_01_s3_01_highway_p01_n.bytes	7065	1517
18234940685457666017_3760657970	1261103_05_s3_sb_03_trinitychurch_p02_d.bytes	6316	1230
18236829335779096481_2596318498	8012307_01_s3_boss_sb_01_hyakkiyakostreet_p02_n.bytes	7833	1723
18238809172573804794_750768653	8211306_event821_perorozilla_indoor_hardcore_start2phase.bytes	10771	1596
18241416693297852504_3128464342	1162102_01_s3_02_riverside_p02_n.bytes	10444	2183
18243262121960305017_1132456521	1182101_02_s3_01_ruins_p01_n.bytes	6799	1310
18245217296476779021_4200228240	1251101_04_s3_sb_01_hyakkiyakomatsuri_p02_d.bytes	11180	2162
18249862390976921944_221550708	8022105_03_s3_01_highway_p02_n_s.bytes	9746	2190
18255631494190317600_4084229464	520601_arena_outdoor_stage01.bytes	3419	744
18262029168742025298_1056390530	6022101_eliminateraid_chesed_outdoor_lightarmor_normal.bytes	15538	1927
18265723270671402887_37681289	8243104_03_s2_sb_01_mainstreet_p01_n.bytes	9798	1820
18266980678964279904_103729659	6073104_eliminateraid_hod_indoor_light_hardcore_start2phase.bytes	5620	1622
18268612384736412703_705483253	6063305_eliminateraid_perorozilla_indoor_unarmed_extreme_start3phase.bytes	9501	1318
18271276905683139350_976569830	256302_worldraid_chesed_indoor_hard_start2phase.bytes	801	370
18271939730193896890_330324962	8102312_01_s3_boss_01_destroyedhighway_p02_n.bytes	7371	1473
18273904732357619215_2669514392	1211102_05_s3_boss_01_destroyedstreet_p01_d.bytes	10130	1977
18276955185778606974_1161584196	1211101_02_s2_01_ariusstreet_p01_d.bytes	6626	1415
18279785283793477434_897470196	8191307_01_s3_boss_01_park_p02_n.bytes	10940	2225
18280961431831335426_2258119964	8273102_04_s3_boss_02_harbor_p01_d.bytes	8257	1760
18281754913982211141_3985070640	1142101_04_s3_boss_03_ruinedschool_p02_n.bytes	9709	1909
18289399699818964791_2682228203	9012_000_02_playground_p01_02.bytes	9179	1189
1829452032290400782_3563946307	254306_worldraid_hieronymus_indoor_insane.bytes	5623	1473
18294793304555119108_3819711086	8533301_01_sb_01_hyakkiyakostreet_p01_d.bytes	2047	586
18296583592389307886_3784048439	6052107_eliminateraid_kaitengerraid_outdoor_light_torment_start2phase.bytes	1834	719
18297634440389342974_3770999388	251303_worldraid_wakamoswimsuit_indoor_c.bytes	1575	594
18306800791931173075_2466617112	6073103_eliminateraid_hod_indoor_light_veryhard_start2phase.bytes	5620	1622
18307446350701091734_3250189810	sb_02_harbor_p01_d_nodelayer.bytes	49648	292
18310827637523197251_2851543209	1132103_05_s3_01_slumpia_p02_n.bytes	8199	1410
18310870101864376429_1728988593	6012403_eliminateraid_binah_outdoor_elasticarmor_veryhard.bytes	6973	2209
18312463063441681761_2796411968	8142305_01_s3_sb_02_beach_p02_d.bytes	9926	1972
18321504032050476721_3683771204	sb_03_trinitychurch_p01_d.bytes	745460	209880
18325550421320130435_3978820558	1301103_04_s3_sb_01_wildhuntstreet_p01_d.bytes	5070	1034
18333311832436685229_2981433513	8122310_01_s3_boss_sb_03_trinitychurch_p01_n.bytes	8296	1666
18334401908506223674_1345578485	822331110_s2_03_52301_p01_d.bytes	9172	1765
1833551332213219866_3424066669	8082112_04_s3_02_hotsprings_p01_d.bytes	10101	2049
18336374123628044384_2834079531	1112101_03_s3_01_highway_p02_n.bytes	5768	1011
183370390496016966_4014404192	82242131_s1_boss_03_52302_p02_d.bytes	7142	1645
18343100624842008000_3099383725	81550211_s2_02_resort_p02_n.bytes	12025	2032
1834422816901918748_2225422782	1302101_04_s3_sb_01_wildhuntstreet_p02_n.bytes	6580	1394
18346818021545843372_1221244893	6033102_eliminateraid_shirokuro_indoor_light_hard_start2phase.bytes	899	448
18354546899872153299_3187002661	8193104_03_s2_01_highway_p02_d_s.bytes	7050	1364
18355739925701942031_95930621	82243131_s1_boss_03_52302_p01_d.bytes	7995	1768
18358988573986274838_25563148	8021102_02_s3_02_snowmountain_p01_d.bytes	9720	1967
18359360604518970709_164051538	en0006_eliminate_unarmed_normal_3phase.bytes	1242	527
18361359279985404715_1862591054	8352306_01_s3_hyakkiyakomatsuri_p01_d.bytes	12326	2186
18361518439392399113_376986812	1211105_03_s3_01_ariusstreet_p01_d.bytes	7595	1521
18367421798677420808_766631267	9200_000_01_stadium_p01_d_02.bytes	6486	1243
183684659684427771_1757127252	6041107_eliminateraid_hieronymus_street_lightarmor_torment.bytes	4273	1283
18375311400294896890_1181588970	sb_02_excavation_p01_n_nodelayer.bytes	29572	285
18377451799379991457_3405564402	1121203_01_s3_03_subway_p02_d.bytes	10630	2106
18380125207273273109_447696581	81542211_s2_03_insidecruiseship_p01_d.bytes	8603	1807
18382290510635738399_1483042726	8033304_01_s3_boss_02_beach_p01_n.bytes	6078	1410
18385447578948990305_3355501419	6051103_eliminateraid_kaitengerraid_street_light_veryhard.bytes	4885	1440
18385617431438241171_1935491430	267103_en0013_street_c_2phase.bytes	2371	775
18388380774423841063_1949073746	npctest.bytes	3946	1218
18389754594004758942_2353173721	8383302_01_s3_boss_02_beach_p02_d.bytes	1626	623
18390811594955437466_2917289126	6011205_eliminateraid_binah_street_heavy_extreme_start2phase.bytes	2646	1009
18392034230288397548_2109535631	520502_arena_outdoor_stage01.bytes	2390	633
18394602594114660520_255448204	1052103_02_s3_02_excavation_p02_n.bytes	9387	2005
1839680705321943285_2179527825	258303_worldraid_perorozilla_indoor_veryhard_start3phase.bytes	9531	1311
18398958862737849818_914182434	8502307_01_sb_01_wildhuntstreet_p02_d.bytes	6238	1332
18406049871067271212_422285512	8421304_01_s3_03_buildinghallway_p01_n.bytes	10738	1840
18407757052812860194_3827962897	sb_02_forestriver_p01_d_nodelayer.bytes	110228	585
18409237906435084170_2115985673	sb_02_hotsprings_p01_d_nodelayer.bytes	29572	228
18411731876488101433_3608660523	6033303_eliminateraid_shirokuro_indoor_unarmed_veryhard.bytes	2140	747
18411898521103720434_2755058585	sb_03_ruinedschool_p01_n.bytes	1298136	346011
18421718693771590583_845004282	1011301_s1_01_schalestreet_p01_d.bytes	4624	1260
18427542893577399454_3025680991	207307_raid_hod_indoor_torment_start4phase.bytes	1134	514
18428263130469539552_545288124	1231101_03_s3_03_oldmansion_p01_d.bytes	9278	2031
18429485398932544514_2745911751	6062201_eliminateraid_perorozilla_outdoor_heavy_normal_start2phase.bytes	9617	1316
18429760752868467809_4135400684	sb_01_gehennaslum_p01_e.bytes	2252572	675534
18430594921306478801_3217783952	1111105_01_s3_01_mainstreet_p02_d.bytes	5778	1014
18431131049945436535_488839633	sb_03_school_p03_d_addblackplane_nodelayer.bytes	21160	213
18434718680090245302_2250916294	sb_01_stadium_p01_n_nodelayer.bytes	35784	166
18435945153231366069_2404438018	c_sb_01_hyakkiyakomoviestreet_p01_little.bytes	8534	1753
18441841099936737014_1541202643	6083302_eliminateraid_goz_indoor_unarmed_hard_start2phase.bytes	748	341
18442871026987363037_3068913457	8121303_01_s3_sb_01_gehennaslum_p01_d.bytes	11525	2325
18443044666993929922_2113046941	8432311_01_s3_03_buildinghallway_p01_n.bytes	7047	1335
18444539917807206645_608846863	8362310_01_s3_park_p01_n.bytes	5263	1210
1848278886063378008_308886542	sb_01_redwinterstreet_p01_d_arena.bytes	815528	209626
184893912041214242_4257754208	265201_worldraid_en0010_outdoor_a_2phase.bytes	1784	656
1851910933890171689_477356134	6062203_eliminateraid_perorozilla_outdoor_heavy_veryhard.bytes	9613	1308
1853824645444182691_3285649085	1101105_04_s3_01_ruins_p02_d.bytes	9250	1875
1854956877648474758_2291396490	1261102_05_s3_boss_sb_03_trinitychurch_p01_d.bytes	6533	1271
1857601256873128188_456859338	8423301_01_s3_01_milleniumskyscraper_p01_n.bytes	10387	2156
1858308081688323146_3447461123	animationmappingdata.json	8394	620
1858308081688323146_3447461123	obstacledata.bin	90059	24701
1858308081688323146_3447461123	obstacledatajson.json	531352	33412
1858308081688323146_3447461123	obstacledata_memorypack.json	531352	33412
1858308081688323146_3447461123	skillvisualeffectdata_challenge.json	95259	4996
1858308081688323146_3447461123	skillvisualeffectdata_enemy.json	3141886	80976
186107862078041264_93529904	1021103_03_s3_boss_01_market_p01_d.bytes	10143	2215
1865375677205258819_3713926930	1201105_06_s3_boss_03_buildinghallway_p01_d.bytes	8547	1483
1868038785740160015_1839464088	8173104_03_s2_sb_01_stadium_p01_n.bytes	8111	1429
18697844421120894_1233546182	9023_000_03_sportscenter_p01_03.bytes	9339	1203
1871054300844108794_946742537	en0006_eliminate_heavyarmor_normal_3phase.bytes	1248	532
1871121779670519318_444084082	sb_01_hyakkiyakomoviestreet_p01_n_nodelayer.bytes	23440	210
1872931678580615729_2822518468	sb_02_hotsprings_p03_d_nodelayer.bytes	21240	343
1873397640956600327_3879559990	8292309_01_s3_boss_01_redwinterstreet_p01_n.bytes	9062	1628
187410187742674153_3239325731	207304_raid_hod_indoor_hardcore_start4phase.bytes	1135	516
187588616970783344_2685580461	1261104_04_s3_sb_03_trinitychurch_p01_d.bytes	6381	1253
1876671572090309478_935150899	8062105_06_s3_boss_02_beach_01_d_p01.bytes	9553	2088
1884458945110767122_2086797755	sb_02_trainroof_p01_d_nosidetrain.bytes	3392424	847062
1884871662669090854_3540127574	1021101_01_s1_01_park_p01_d.bytes	3801	937
1884938188987665773_2211508534	6063107_eliminateraid_perorozilla_indoor_light_torment_start3phase.bytes	9807	1331
188715063295934299_1829545168	6082305_eliminateraid_goz_outdoor_unarmed_extreme_start2phase.bytes	829	370
1891938206650628636_1654376681	6022405_eliminateraid_chesed_outdoor_elasticarmor_extreme.bytes	15763	1926
1892968980896018546_4033135504	sb_02_rainforest_p01_n.bytes	1298136	345988
1895400476941487711_854562171	400010114_s3_01_highway_p02_d.bytes	7458	1799
189541872684675513_1775583738	en0011_heavyarmor_section_05.bytes	16886	3720
1895854776708852218_1522078742	1081104_05_s3_boss_03_underground_p02_d.bytes	11131	2119
1898513666940710812_885237740	8081305_01_s3_boss_02_hotsprings_p01_d.bytes	9335	1912
1898798770641842927_19810512	1112103_06_s3_boss_01_mainstreet_p02_n.bytes	8506	1615
1899287077336815382_3762792469	1271104_03_s3_sb_02_trainroof_p01_d_nosidetrain.bytes	5732	1100
1905340430339901911_502937663	1301105_03_s3_sb_01_wildhuntstreet_p01_d.bytes	4866	1048
1910428880362198260_2764202053	8434302_01_03_engineerlab_p01_d.bytes	2842	958
1912142904371227570_64057970	1122102_01_s2_03_subway_p01_n.bytes	9307	1999
1919233897785174535_1712487343	1031305_s1_01_schalestreet_p01_d.bytes	2549	713
1919244093188716551_806191344	1041105_03_s3_boss_02_desertcity_p01_d.bytes	8303	1757
19227370605679352_591583578	1101201_01_s3_01_backstreet_p01_d.bytes	10730	2107
1924315196724403461_1767403199	traintest_exception.bytes	378998	20360
1926608258401920670_2833301307	8472304_01_sb_02_beach_p02_n.bytes	7285	1515
1930551022140211552_138307026	8063201_01_s3_03_insidecruiseship_p01_n.bytes	9510	1863
1933424226824342258_2088191358	206304_raid_perorozilla_indoor_hardcore_start2phase.bytes	9464	1316
1935969392246564858_25571499	8103301_01_s3_boss_01_destroyedhighway_p02_n.bytes	8660	1630
1936439105059513518_820668171	1171104_06_s3_boss_03_insidecruiseship_p01_d.bytes	9012	1805
1939138006889104800_1308078133	1221103_01_s3_02_resort_p01_d.bytes	7300	1417
1943295539491017602_1098126728	1081201_01_s3_03_munitionsfactory_p01_d.bytes	9649	1511
1943506454230384283_2723109390	en0022_veryhard_2phase.bytes	2949	1084
1947345083007158664_1994515800	sb_01_ruins_p01_d_nodelayer.bytes	29572	337
1948930926314037744_1111307734	8412305_01_s3_03_school_p01_d.bytes	6522	1384
1956027408067615580_2762730803	6071305_eliminateraid_hod_street_unarmed_extreme_start3phase.bytes	1569	675
1956899268631919906_2671635944	6063104_eliminateraid_perorozilla_indoor_light_hardcore.bytes	9568	1314
1961774483201365744_2113723676	82233111_s2_03_52301_p01_d.bytes	9172	1766
1962807529256717540_4270553899	8532303_01_sb_01_hyakkiyakotraditionalstreet_p01_d.bytes	5730	1142
1968161167855952560_2621538354	6051207_eliminateraid_kaitengerraid_street_heavy_torment.bytes	4885	1444
1971182566385819196_3907931959	test_c.bytes	4820	1138
1972290562246274304_3289283018	6031406_eliminateraid_shirokuro_street_elasticarmor_insane.bytes	2141	751
1973416646541798624_1338111508	1141101_04_s3_boss_03_ruinedschool_p02_d.bytes	9550	1871
1975811984723193031_2319601554	8042310_01_s3_boss_02_beach_p01_d.bytes	6625	1474
1979594662660610840_1442352347	9211_000_02_playground_p01_02.bytes	6466	1253
1980214535546781851_342003203	8041301_01_s3_02_beach_p01_d.bytes	8934	1893
1980604087731249471_1699074909	combattest_dtest02.bytes	1298356	341217
1986923802192660336_758370037	1091101_01_s2_01_market_p01_d.bytes	10053	2057
1989197342708200222_2246116712	82243211_s2_03_52302_p01_d.bytes	8654	1840
1989390199430543118_422908361	sb_01_hyakkiyakonorthtown_p01_d_nodelayer.bytes	40712	317
1991702513236968720_909625688	1012102_02_s3_boss_01_market_p02_n.bytes	8076	1639
1995165545539997406_1769560120	8302308_01_s3_03_expresstrain_p02_d.bytes	11452	2014
1999307418303119406_274340033	sb_02_desertisland_p01_n_nodelayer.bytes	29572	310
2000516096478732558_624997432	1252103_09_s3_boss_sb_01_destroyhyakkiyakomatsuri_p02_n.bytes	7864	1646
2001383771244971732_1111027259	en0006_eliminate_lightarmor_normal_3phase.bytes	1248	533
2003382789276300223_1677022905	1142101_01_s3_03_ruinedschool_p01_n.bytes	9689	1809
2006461310756647387_1484397053	en0010_eliminate_elasticarmor_hard.bytes	2170	789
2006896270143819111_2562091843	1191104_06_s3_02_deserttrack_p01_d.bytes	6469	1277
2008199127542500933_407346627	9221_000_03_sportscenter_p01_02.bytes	6466	1253
2010318157813921348_3110102477	character_resource_video_08.bytes	1467	466
2011959793980205925_1228375679	6073301_eliminateraid_hod_indoor_unarmed_normal_start2phase.bytes	5560	1617
2013830646567429312_2597390920	8031102_01_s2_02_beach_p02_d.bytes	8360	1801
2014226993757382576_204268134	8572306_01_sb_01_mainstreet_p02_d.bytes	5721	1061
2026037086872903117_1138631808	401000403_s3_boss_03_en002_p01_d.bytes	5576	877
2028706414668642635_294899785	1192102_05_s3_02_snowmountain_p01_n.bytes	6673	1309
2029334126220378992_1574651247	1062101_04_s3_boss_02_desertcity_p02_n.bytes	7495	1419
2029907968406825172_1682569881	8292301_01_s3_01_redwinterstreet_p01_d.bytes	8990	1614
2031660944899378771_2075157771	8282312_01_s3_boss_02_trinityisland_p01_n.bytes	7910	1647
203517559410547439_1616717048	6051307_eliminateraid_kaitengerraid_street_unarmed_torment_start2phase.bytes	1448	647
2039540053293121625_3364478611	8392307_01_s3_01_shanhaijingstreet_p01_d.bytes	6497	1270
2046281063293148483_1401991820	6071205_eliminateraid_hod_street_heavy_extreme_start4phase.bytes	1146	528
2047781047502461892_1502593916	9210_000_02_playground_p01_01.bytes	6486	1245
2051427422766389881_946205380	8451307_01_sb_02_playground_p02.bytes	6719	1469
2055859414869944536_2851218202	265201_worldraid_en0010_outdoor_a.bytes	3402	1031
2056995508799859132_1801440623	8132310_01_s3_boss_01_hyakkiyakomoviestreet_p01_n.bytes	7527	1447
2059162696662788742_765513891	82223111_s2_03_52301_p01_d.bytes	9370	1772
206008873065565799_635823212	6073105_eliminateraid_hod_indoor_light_extreme_start3phase.bytes	1577	677
206179913043077844_1748459319	401000114_03_s1_03_buildinghallway_p01_d.bytes	5292	1257
2063211326817749520_853042390	sb_02_valleyofsp_p01_d_nodelayer.bytes	90752	607
2063484921411440493_3330648535	6012103_eliminateraid_binah_outdoor_light_veryhard.bytes	6971	2208
2064388803008690578_561400843	sb_03_ruinedschool_p02_d_nodelayer.bytes	29572	262
2064951717295026390_4027890089	82242213_s2_03_52302_p01_d.bytes	8714	1850
2076353436742446294_3439089639	30208_s3_boss_02_deserttrack_p01_d.bytes	19899	3249
2079026962519113644_836460075	1162103_03_s3_02_excavation_p01_n.bytes	6871	1420
2080962516943024346_2873099166	1202102_06_s3_03_sportscenter_p01.bytes	7585	1414
2082835160128316955_2152285939	1251104_02_s3_sb_01_hyakkiyakomatsuri_p02_d.bytes	10120	1910
2087379434916076993_1640473454	822411110_s2_03_52301_p01_d.bytes	9227	1730
2091342083752154068_737571943	6012207_eliminateraid_binah_outdoor_heavy_torment.bytes	6970	2206
2091458359729062846_1514016585	1081101_03_s3_03_munitionsfactory_p01_d.bytes	9170	1507
2093424949880976241_1680388115	sb_02_temp65_p01_d_test_a.bytes	3212884	837156
2100757420879493037_64226691	1071103_01_s1_03_subway_p01_d.bytes	8261	1834
2102804916424364560_2185418969	1091103_06_s3_boss_01_park_p02_d.bytes	9877	1966
2102855695630519410_2576956438	1022101_01_s1_01_park_p02_n.bytes	4452	1055
2105288549434202866_1372140084	1211103_06_s3_boss_01_ariusstreet_p01_d.bytes	9552	2278
2109586946920144886_3320610263	8382311_01_s3_02_resort_p02_d.bytes	5782	1177
2110737643179665427_105426780	8202302_01_s3_02_excavation_p01_d.bytes	10968	2203
2111197969952129718_2715816571	sb_01_ruins_p01_n_nodelayer.bytes	29572	337
2115332917159675747_2866996093	8273301_01_s3_boss_02_harbor_p01_d.bytes	15262	2844
2115657544293082849_2061202427	sb_01_shanhaijingstreet_p02_d.bytes	1015944	283344
2120653469883960178_3281322043	en0006_eliminate_lightarmor_normal_2phase.bytes	2560	887
2129408933260579442_1582313431	262102_worldraid_hod_street_b_start2phase.bytes	5401	1584
2129890679407679596_1321408588	1062102_03_s3_02_snowmountain_p01_n.bytes	5620	976
2130399265069409484_218148014	8337301_01_03_school_p03_d.bytes	7213	1120
2131886223183671851_3093327028	6033107_eliminateraid_shirokuro_indoor_light_torment.bytes	2151	749
2134449808949917902_3968279019	en0022_insane.bytes	89407	3678
2134986159719410475_3010602945	822321210_s2_03_52301_p01_d.bytes	8275	1736
2135417166441662105_1247241954	400020111_s3_03_munitionsfactory_p02_d.bytes	7930	1368
2138307960292033528_2752450965	sb_02_newyearpath_p01_n.bytes	1267392	375543
2140619453485517353_4246093221	1261103_04_s3_sb_03_trinitychurch_p01_d.bytes	5921	1201
2141294196451131093_3230156251	8062108_06_s3_boss_02_beach_01_d_p01.bytes	9787	2114
2147811291521939888_2597290583	1112102_05_s3_01_mainstreet_p01_n.bytes	7082	1379
2157280895011554087_4289520633	9122_000_03_sportscenter_p01_04.bytes	1673	569
21594316644348019_3361007289	81543213_s2_02_rainforest_p01_d.bytes	6128	1223
2162290540262683549_823617023	8563303_01_sb_01_wildhuntstreet_p02_n.bytes	17791	2696
2163264820650797503_232619858	1251102_02_s3_sb_01_hyakkiyakomatsuri_p02_d.bytes	9958	1900
2164187653725263523_2876392731	charactertest_2.bytes	2162	764
2164670764946086383_4063711879	sb_01_hyakkiyakomatsuri_p01_n.bytes	1419544	376259
2167259330748832182_2794039796	253106_worldraid_shirokuro_street_insane_start2phase.bytes	884	442
2168116384752186342_3927777064	8111307_01_s2_boss_03_insidecruiseship_p01_d.bytes	11167	2368
2171466381981171333_3880945425	sb_02_excavation_p02_d_nodelayer.bytes	29572	280
2180319399281917147_3060219971	1011208_01_s3_01_market_p02_d.bytes	7621	1564
2180823389684808590_3203854956	1272103_09_s3_boss_sb_02_trainroof_p01_n.bytes	470822	23194
2181004758970137312_2285165338	8342304_01_03_gehennapartyhall_p01_d.bytes	6353	1339
2183202742213741911_2339515206	test_buffdispel.bytes	931	379
2184947869962797633_2318904399	8083104_08_s3_boss_02_hotsprings_p02_n.bytes	9785	1972
2188488676394950800_1555980338	1241104_06_s3_sb_02_trinityisland_p01_d.bytes	7544	1392
2190305533542999095_1784912369	8163305_01_s3_boss_01_backstreet_p01_n.bytes	8829	2111
2192414764431193316_524230204	8021104_02_s3_01_redwinterstreet_p01_d.bytes	9794	1852
2193094160271053800_699382553	shanhaijingstreet_p01.bytes	12786	2269
2203271463598396753_2789352428	1271102_03_s3_sb_02_trainroof_p01_d_nosidetrain.bytes	5732	1114
2204423434521127949_2250203406	1162103_07_s3_boss_02_excavation_p01_n.bytes	7214	1544
22057650500564737_284102814	1041103_03_s3_boss_02_desertcity_p01_d.bytes	6706	1494
2206363704365774986_802501340	267103_en0013_street_c.bytes	3604	1106
2208338361289761039_168578685	1071104_05_s3_boss_03_subway_p01_d.bytes	10222	2046
2209134753534210578_1084626691	6073102_eliminateraid_hod_indoor_light_hard.bytes	7089	2146
2211803382227196316_2751655466	205108_raid_kaitengerraid_street_lunatic_start2phase.bytes	1440	640
221271108966894749_1076131560	6071405_eliminateraid_hod_street_elastic_extreme.bytes	7157	2156
221307021151284542_2842748458	8482309_01_sb_02_beach_p02_d.bytes	9005	1863
2213263237760284318_1069805278	263103_worldraid_kether_street_c.bytes	2578	767
2215248169911448207_1558119715	258302_worldraid_perorozilla_indoor_hard.bytes	9515	1296
2217048043908545769_926283067	8252303_01_s3_03_oldmansion_p01_d.bytes	8792	1877
2218775177846283538_1151023875	en0022_lunatic.bytes	89419	3677
2218777438788661215_2911847588	test_01_resort_p02_little.bytes	5269	1198
2220025321432032167_3918825038	1232103_03_s3_03_oldmansion_p02_n.bytes	7071	1516
2220665945971389230_3441343245	9939_en0014_variation_test.bytes	597	323
2221019047271987356_3340214707	1011207_01_s3_01_market_p01_d.bytes	8349	1730
2222889985207821908_1560667178	6083204_eliminateraid_goz_indoor_heavy_hardcore.bytes	12711	1401
2227720762474720610_2787862265	1051208_01_s3_02_excavation_p02_d.bytes	9882	2032
2229908522036453643_262229045	1231103_06_s3_boss_03_oldmansion_p02_d.bytes	8810	1886
2230262623306850079_1879663238	1111105_03_s2_01_mainstreet_p01_d.bytes	6101	1274
2232107071987301099_3012834956	8091301_01_s3_02_newyearpath_p02_n.bytes	13244	2741
223308602133836574_3916721009	1021102_02_s2_01_mainstreet_p02_d.bytes	7940	1597
2235528825679702271_907188716	8081301_01_s3_02_hotsprings_p02_d.bytes	9780	1958
2236460861809522499_1483208977	1112103_02_s3_01_mainstreet_p01_n.bytes	5660	1020
2242909406941362019_2225803176	sb_01_market_p02_n.bytes	1298356	334245
2255757750494211544_1756811072	267102_en0013_street_b_3phase.bytes	1140	514
2258054529729661990_4140757238	sb_03_sportscenter_p02.bytes	1571476	398055
2258683705260398494_484211695	82231213_s2_02_52201_p01_d.bytes	9393	1816
2261339225167163412_84431717	205202_raid_kaitengerraid_outdoor_hard_start2phase.bytes	1812	695
2261542137403468033_2356689144	206205_raid_perorozilla_outdoor_extreme_start3phase.bytes	9465	1305
2266970354449784064_2165947405	1191103_04_s1_02_snowmountain_p01_d.bytes	4465	1071
2268677286614121736_488914203	1241105_07_s3_boss_sb_02_trinityisland_p01_d.bytes	8854	1792
2271637316688344441_3402584257	damagetest_outdoor_unarmed.bytes	610	344
2275987708320211188_1043479449	1211202_01_s3_01_destroyedstreet_p01_d.bytes	7713	1493
2278075715194994412_2619338201	skipendbattletest_01.bytes	1150	577
2282081665347382820_2561721689	9222_000_03_sportscenter_p01_02.bytes	6626	1266
2282432642176415875_44324884	sb_01_mainstreet_p01_d_s.bytes	1263656	350253
2284727524829534683_3839735901	8382301_01_s3_02_beach_p01_d.bytes	5351	1126
2287764159997658402_2211500866	8512302_01_sb_01_park_p01_d.bytes	5623	1142
2288415398817912069_1500205003	1231105_01_s3_03_oldmansion_p01_d.bytes	7907	1684
2289136129081566677_559075415	rb_01_en0015_p01_d_nodelayer.bytes	11772	141
229206898024620630_702633200	6073205_eliminateraid_hod_indoor_heavy_extreme_start2phase.bytes	5608	1618
229852361838112292_1887244560	9020_000_03_sportscenter_p01_03.bytes	9262	1231
2299794254841425152_3275082219	6023306_eliminateraid_chesed_indoor_unarmed_insane.bytes	18908	1982
2301482479498896167_2542684441	202301_raid_chesed_indoor_normal_start2phase.bytes	811	373
2302125291667781625_3937574206	1251103_01_s3_sb_01_hyakkiyakomatsuri_p01_d.bytes	11099	2131
2302760845815340443_3890435036	1182101_04_s3_01_ruins_p01_n.bytes	8947	1811
2306504613218453064_2462700050	252201_worldraid_wakamohovercraft_outdoor_a.bytes	965	477
2307300673277006256_1860524032	6051404_eliminateraid_kaitengerraid_street_elasticarmor_hardcore_start2phase.bytes	1454	654
2307472541715554377_1647830273	9010_000_02_playground_p01_04.bytes	9262	1228
2311073881292749025_2288368015	9312_000_02_playground_p01_03.bytes	4382	1183
2311735446034807843_1436449485	8242311_01_s3_boss_sb_01_shanhaijingstreet_p01_d.bytes	8532	1720
2313359032794082386_1685048989	7021307_01_s3_03_munitionsfactory_p02_d.bytes	9692	1600
2316161175906237310_615659221	1291101_03_s3_sb_02_cargostation_p01_d.bytes	6695	1551
2322346137045157078_185504747	8062108_05_s3_02_beach_01_d_p01.bytes	9319	2009
2328843239941151827_3650475388	6012106_eliminateraid_binah_outdoor_light_insane_start3phase.bytes	1830	743
2331150497871461557_2425453643	1302102_03_s3_sb_01_wildhuntstreet_p01_n.bytes	6880	1353
2342823540346110072_1651298387	6033203_eliminateraid_shirokuro_indoor_heavy_veryhard_start2phase.bytes	903	453
2344105799064223618_2784367458	1161103_04_s3_02_excavation_p01_d.bytes	6576	1401
234492663270984171_2399522438	specialnpctest.bytes	2718	795
2345829907646492940_2742272185	8512305_01_sb_01_park_p02_d.bytes	6092	1210
2347012335885650389_3944078911	7013305_01_s3_02_frozensea_p01_d.bytes	1664	674
2351372880962850322_695344774	6041306_eliminateraid_hieronymus_street_unarmed_insane.bytes	4253	1290
2351642405286726220_1925736995	6022306_eliminateraid_chesed_outdoor_unarmed_insane_start2phase.bytes	819	388
2354111968985387832_2561167687	269101_en0015_street_c.bytes	1609	669
2359619029103341081_3486987401	1191206_01_s3_02_deserttrack_p02_d.bytes	6535	1363
2360454807987763488_1016385128	401000215_02_s3_boss_01_ariusstreet_p01_e.bytes	7698	1693
2360984502915457939_1901215006	1201203_01_s3_03_sportscenter_p01.bytes	7677	1469
2362896052134160015_1241540832	rb_02_chesed_p01_d.bytes	1233692	343474
2364419290153106543_3886840228	201201_raid_binah_outdoor_normal_start3phase.bytes	1819	731
2367215210500289395_1521452427	81523131_s1_boss_03_insidecruiseship_p01_d.bytes	5388	1298
2369648746679689671_4093446360	rb_01_kether_p01_d.bytes	1306848	364153
2370516755159285350_2569109932	sb_02_riverside_p01_e.bytes	1298068	346387
2371039793426292740_2493254817	8103104_02_s3_01_destroyedhighway_p02_n.bytes	10382	2064
2371894942447537321_155442281	1041103_01_s1_02_desertcity_p01_d.bytes	3961	988
2372890314292932998_434176288	6071404_eliminateraid_hod_street_elastic_hardcore_start3phase.bytes	1587	678
2379959614391230881_4132593612	255202_worldraid_binah_outdoor_hard_start2phase.bytes	3571	1321
2380154966071834339_3433567266	6102404_eliminateraid_hovercraft_outdoor_elasticarmor_hardcore_start2phase.bytes	1552	642
2382019021405553543_2885700894	1071202_01_s3_03_school_p01_d.bytes	10803	2296
238837218396416444_678904217	1292103_04_s3_sb_02_cargostation_p01_n.bytes	7988	1796
2391603266392878531_640702647	8132303_01_s3_01_hyakkiyakomoviestreet_p01_d.bytes	10205	1782
2393433016430692277_1114229456	6022106_eliminateraid_chesed_outdoor_lightarmor_insane.bytes	19198	2086
2395555898732508312_2930850987	6071106_eliminateraid_hod_street_light_insane_start4phase.bytes	1144	525
2396533407142413474_1335067389	6093405_eliminateraid_en0005_indoor_elasticarmor_extreme.bytes	9422	1657
2396668984960690618_3561945745	6083105_eliminateraid_goz_indoor_light_extreme.bytes	12710	1404
2398520568231817470_1803530400	sb_01_gehennaslum_p01_d.bytes	1298372	398764
2399943707059492866_4138291962	6052407_eliminateraid_kaitengerraid_outdoor_elasticarmor_torment_start2phase.bytes	1836	721
2403037476982693755_3521553508	sb_01_mainstreet_p01_d.bytes	1263656	350253
2406081302099573968_1312511000	1101203_01_s3_01_ruins_p01_d.bytes	8836	1784
240709938473618425_3553732163	1202103_05_s2_03_buildinghallway_p01_n.bytes	6637	1320
2413747264581569147_4176616309	8403303_01_s3_boss_shanhaijingstreet_p02_n.bytes	2583	618
2423213675279928281_3698297806	254304_worldraid_hieronymus_indoor_hardcore_start2phase.bytes	2219	816
2426238556313452866_3923903129	8336305_01_01_gehennaslum_p03_d.bytes	10581	2014
2426356435171185402_3354160539	1052102_04_s3_boss_02_excavation_p01_n.bytes	10235	2102
2428023006785919542_343843464	206205_raid_perorozilla_outdoor_extreme.bytes	9453	1298
2428742744490135519_1974052737	201107_raid_binah_street_torment.bytes	5006	1616
2429490735007537505_2817030762	400010210_s3_03_school_p02_d.bytes	7214	1584
2429564118157908730_3996491252	8412304_01_s3_03_school_p01_d.bytes	7581	1640
2434563885792204132_2590844656	6051206_eliminateraid_kaitengerraid_street_heavy_insane_start2phase.bytes	1450	650
2439163639030161617_3686462271	6073306_eliminateraid_hod_indoor_unarmed_insane_start2phase.bytes	5567	1616
244087443694959633_2514479447	8363301_01_s3_mainstreet_p01_d.bytes	4638	1118
2445190557127239380_3581872369	400030309_s1_01_destroyedstreet_p01_d.bytes	7909	1488
2448327784903763027_3759300118	82200012_s2_03_52302_p01_d.bytes	8654	1841
2448956903943829529_3127730118	208201_raid_goz_outdoor_normal_start2phase.bytes	828	369
2449845071258504835_1499491414	6063207_eliminateraid_perorozilla_indoor_elasticarmor_torment_start2phase.bytes	9853	1337
2457034552284808890_3025258303	82243121_s2_03_52302_p01_d.bytes	8654	1841
2457138929030735825_2982105261	1171205_01_s3_03_insidecruiseship_p02_d.bytes	9285	1878
2459283730786845761_3889153865	1101205_01_s3_01_ruins_p01_d.bytes	8921	1799
2465200526322845363_1243774546	1092102_05_s3_boss_01_park_p02_n.bytes	10036	2009
2468354627694758881_3921335619	1081102_02_s3_03_munitionsfactory_p01_d.bytes	9500	1516
2470530751831881024_3238098690	207303_raid_hod_indoor_veryhard_start3phase.bytes	1547	663
2470687319294355717_45271072	1171204_01_s3_03_insidecruiseship_p01_d.bytes	8854	1798
2477591375473096613_1093240753	8282307_01_s3_02_trinityisland_p01_n.bytes	8226	1640
2478748231223589664_2404582450	8011304_01_s3_boss_sb_01_hyakkiyakostreet_p02_d.bytes	9066	1820
2482375032725913474_3104867609	1042103_03_s3_boss_02_desertcity_p01_n.bytes	8461	1796
2486581488693819593_2486776172	262104_worldraid_hod_street_d.bytes	6896	2106
2490117831137630009_46731058	6041105_eliminateraid_hieronymus_street_lightarmor_extreme_start2phase.bytes	1986	755
2494302735474178143_3925439702	9201_000_01_stadium_p01_d_03.bytes	6466	1255
2494583991447119635_94658077	822421310_s1_03_52302_p02_d.bytes	7304	1684
2496633096521449548_1632722042	206304_raid_perorozilla_indoor_hardcore_start3phase.bytes	9470	1312
2498824181593089508_1782475181	1231104_04_s3_03_oldmansion_p02_d.bytes	9152	1913
2505071350303314333_3560531402	1061104_01_s2_02_snowmountain_p01_d.bytes	6037	1205
2506108276031700962_3820896564	1141207_01_s3_03_ruinedschool_p02_d.bytes	9398	1848
250935332429306282_3444977768	1241104_02_s3_sb_02_rainforest_p02_d.bytes	6379	1220
2509509924103972248_616915263	30405_s3_boss_03_destroyedhighway_p01_n.bytes	9130	2208
2511427311615968084_4134017852	8013102_06_s3_01_hyakkiyakostreet_p02_n.bytes	7968	1401
25152414963625670_1753522342	1152102_05_s3_01_mainstreet_p02_n_s.bytes	6974	1346
2517135940256325802_2927128706	1151105_02_s3_01_mainstreet_p01_d_s.bytes	10320	1944
2518475665189815201_1328017309	1212101_03_s3_01_ariusstreet_p01_n.bytes	10068	2320
2521943421604923432_2880361317	8593303_01_sb_02_rainforest_p02_d_backup.bytes	10895	1534
2522990779973317647_3722826145	1181202_01_s3_01_ruins_p01_d.bytes	8781	1790
2524442744798779683_1329547017	81533111_s2_02_beach_p01_d.bytes	6284	1365
2527036066322555551_1231788426	sb_02_desertisland_p02_d_nodelayer.bytes	29572	202
2527520406435158628_3735071555	7012308_01_s3_02_deserttrack_p01_d.bytes	30742	4069
2528319877401310024_3223160573	6063205_eliminateraid_perorozilla_indoor_elasticarmor_extreme_start3phase.bytes	9631	1322
253228249350366367_4043979226	8082104_02_s3_02_hotsprings_p02_d.bytes	9593	1925
2532323735677245810_526982269	1082102_05_s3_boss_03_underground_p01_n.bytes	10624	2056
2536912822283020201_1161072343	8533302_01_sb_01_hyakkiyakostreet_p01_d.bytes	2693	883
2542287624192702727_3086974138	8111301_01_s2_boss_01_schalestreet_p01.bytes	8605	2082
2543868696130692666_3047295496	sb_01_riverpark_p01_e.bytes	1290456	372688
2551639019119554976_3383713790	8133104_01_s3_01_hyakkiyakomoviestreet_p01_n.bytes	10360	1836
2553418313635209885_2269203274	1282102_02_s3_sb_01_hyakkiyakostreet_p01_n.bytes	7623	1488
2555291714948114382_3237510635	6062206_eliminateraid_perorozilla_outdoor_heavy_insane_start2phase.bytes	9645	1320
2561303116431070197_454407994	character_resource_test_12.bytes	631	325
2566999445622550357_3506446130	c_sb_01_hyakkiyakomatsuri_p01_many.bytes	17671	2682
2571720057378507489_94870152	1202103_01_s3_03_buildinghallway_p01_n.bytes	6987	1318
2577422735392072856_2690340363	1162102_05_s3_boss_02_riverside_p01_n.bytes	7088	1527
257811780859610693_1781712088	1061101_04_s3_boss_02_desertcity_p02_d.bytes	7182	1346
258505811338295920_2072443346	sb_03_sportscenter_p02_nodelayer.bytes	35784	178
2586377602462930923_2627088817	8463303_01_sb_01_highway_p02_d.bytes	6293	843
2587929524227751791_1282407953	1062102_01_s3_02_snowmountain_p01_n.bytes	6833	1300
2588856772408381532_905366415	1161105_04_s3_02_excavation_p02_d.bytes	6706	1460
2592927326819607580_25419952	270301_worldraid_en0020_street_v01_b_start2phase.bytes	11033	2131
2594566525922381607_3895244836	rb_01_hod_p01_e_nodelayer.bytes	57740	672
2595179749965520900_3003299412	en0006_hardcore_2phase.bytes	2572	888
2598334556858420969_551138209	6063106_eliminateraid_perorozilla_indoor_light_insane.bytes	9594	1315
2599413884170946330_1996962236	8293303_01_s3_boss_01_redwinterstreet_p01_d.bytes	10490	1915
2601745232088295482_1185491341	206302_raid_perorozilla_indoor_hard_start3phase.bytes	9466	1307
2601786427143252478_4036152086	201106_raid_binah_street_insane.bytes	5005	1615
2602151932316782349_2997434455	9310_000_02_playground_p01_01.bytes	3859	1112
2603793443183742396_4030839294	60201_s1_boss_01_gehennaslum_p02_d.bytes	2834	876
2603917784311168451_1590538258	1281104_02_s3_sb_01_hyakkiyakostreet_p01_d.bytes	7258	1436
2606058203949065083_2181427440	205106_raid_kaitengerraid_street_insane_start2phase.bytes	1439	639
2606155404660134723_1756989998	sb_01_riverpark_p02_d_nodelayer.bytes	29572	172
2606220755660328646_2407903244	8032112_01_s3_02_beach_p01_n.bytes	6937	1411
260625096717877710_3694354881	1171105_03_s3_03_insidecruiseship_p02_d.bytes	6799	1373
2607393318931240557_1542159717	6063101_eliminateraid_perorozilla_indoor_light_normal_start3phase.bytes	9578	1319
2614028145160906918_644650766	400030306_s1_01_destroyedstreet_p01_d.bytes	2834	713
2621949256581808917_3331810308	1222101_05_s3_boss_02_resort_p01_n.bytes	8418	1632
2623836300863814851_911865750	1181105_03_s3_01_ruins_p02_d.bytes	7157	1414
2626349370009162491_908745613	838440201_dc_02_beachstage_05.bytes	9654	1514
2629629179204515037_3468184329	6073106_eliminateraid_hod_indoor_light_insane_start4phase.bytes	1144	524
2630640891909705510_2987075359	1161102_05_s3_boss_02_riverside_p01_d.bytes	6560	1467
2636703356659528108_3775781371	1201105_01_s3_03_buildinghallway_p01_d.bytes	6987	1318
2639457477354523082_1521364931	1282103_07_s3_sb_01_hyakkiyakotraditionalstreet_p02_n.bytes	8670	1469
2639773712033250417_749262580	8183104_08_s3_boss_02_playground_p02.bytes	7671	1366
2641858341646126628_3416648811	8122306_01_s3_sb_03_trinitychurch_p01_d.bytes	9777	1791
2644438696552548895_115632759	8122303_01_s3_sb_03_trinitychurch_p01_d.bytes	9285	1708
2645766785484033729_617144087	sb_01_wildhuntstreet_p01_n_nodelayer.bytes	56500	296
2645847148163976949_708254060	sb_02_hotsprings_p01_d.bytes	1284812	359638
2650667171164140244_3388768258	8602304_01_sb_02_galleon_p01_d.bytes	6777	1369
2653702753647015195_1389366403	6023101_eliminateraid_chesed_indoor_lightarmor_normal_start2phase.bytes	821	382
2657791127830851433_1259123900	sb_03_munitionsfactory_p02_d_nodelayer.bytes	29572	185
2661595545413219973_3221785200	6071305_eliminateraid_hod_street_unarmed_extreme_start4phase.bytes	1143	525
2661597024294495431_896141417	1292101_06_s3_boss_sb_02_cargostation_p01_n.bytes	7427	1776
266780146166238970_145319689	1081104_03_s3_03_underground_p02_d.bytes	11135	2107
2676580594184782662_762825221	8291309_01_s3_boss_02_snowmountain_p01_d.bytes	3985	1126
2676951141305268329_754467634	8341301_01_03_gehennapartyhall_p01_d.bytes	6225	1369
2683361566148989405_1271550546	db_02_beachstage_01_nodelayer.bytes	13248	106
2683928670843328187_3107875011	8434304_01_03_milleniumunderground_p01_d.bytes	9769	2297
2685078616938905662_2588220840	8321304_01_02_forestriver_p01_d.bytes	8048	1692
2686471542955007483_41958756	400010206_s3_02_desertcity_p01_d.bytes	9350	2098
2688709379413161320_1705713487	202304_raid_chesed_indoor_hardcore.bytes	13903	1763
2691663055157756639_3722430008	8472311_01_sb_02_beach_p01_d.bytes	7157	1563
269222984331509830_1477265686	sb_01_park_p01_e_nodelayer.bytes	29568	266
2692230760887426372_1757150859	sb_03_school_p01_n.bytes	836500	216459
2697626718060635253_3756931698	6073402_eliminateraid_hod_indoor_elastic_hard_start4phase.bytes	1144	524
2698872989178491692_3309988417	6031401_eliminateraid_shirokuro_street_elasticarmor_normal_start2phase.bytes	898	451
2699324203278131355_499245662	1141105_06_s3_boss_03_ruinedschool_p02_d.bytes	11077	2180
2701439248202819404_3303872174	6031305_eliminateraid_shirokuro_street_unarmed_extreme_start2phase.bytes	894	448
2704764182278507286_2559436877	82241131_s2_boss_03_52302_p01_d.bytes	6471	1569
2706622333717037962_250880419	8163104_08_s3_01_mainstreet_p02_d.bytes	10946	1959
2711567578808897561_2431355751	1191101_04_s3_boss_02_snowmountain_p01_d.bytes	6665	1328
2712464401230340536_2895858578	en0022_extreme_2phase.bytes	2944	1077
2718004376219460657_1522400971	8173104_05_s3_sb_01_stadium_p01_n.bytes	6882	1361
2725126492711233636_255483015	6071204_eliminateraid_hod_street_heavy_hardcore.bytes	7144	2158
2725256888766812928_1714325458	208201_raid_goz_outdoor_normal.bytes	13158	1423
2731808606766456833_982773026	8201306_01_s3_01_market_p02_d.bytes	11770	2333
2737763700297274943_4282173091	1141104_05_s3_boss_03_ruinedschool_p02_d.bytes	9550	1876
2739715737684909455_459781135	9022_000_03_sportscenter_p01_02.bytes	9179	1198
2741052140624068293_2118068203	6102203_eliminateraid_hovercraft_outdoor_heavyarmor_veryhard.bytes	2884	1034
2744581712805600823_1994837351	1022103_02_s3_01_mainstreet_p02_n.bytes	8917	1691
2753108775943066600_3961426869	8382309_01_s3_02_beach_p01_d.bytes	5844	1183
2753947116327010734_2405895863	206203_raid_perorozilla_outdoor_veryhard_start2phase.bytes	9460	1311
2755959007427038866_4016341215	8522312_01_sb_03_trinitychurch_p02_n.bytes	6271	1183
2758873140072341346_1996777393	259304_worldraid_en0002_indoor_hardcore.bytes	6263	1518
2760669745112484139_1386610782	8322302_01_02_forestriver_p01_d.bytes	7021	1560
2763498943592952054_1208179983	208205_raid_goz_outdoor_extreme.bytes	13159	1427
2770242040295413030_504034016	8442304_01_sb_01_backstreet_p01_d.bytes	5493	1177
2776342741374711644_4247750226	1281102_03_s3_sb_01_hyakkiyakostreet_p01_d.bytes	7258	1436
2776363681745558431_2657920710	8092303_01_s3_02_newyearpath_p01_d.bytes	7452	1436
2776989471377688867_2174861368	6041302_eliminateraid_hieronymus_street_unarmed_hard_start2phase.bytes	1974	757
2777078644311890240_61283016	sb_02_deserttrack_p01_n_nodelayer.bytes	29572	330
277804741662061062_4115682054	1262102_06_s3_boss_sb_03_trinitychurch_p01_n.bytes	6897	1338
2780024531006976896_950565507	9122_000_03_sportscenter_p01_01.bytes	1673	567
2782823033659132997_3723505882	1251104_06_s3_boss_sb_01_hyakkiyakomatsuri_p02_d.bytes	11175	2187
2782987275453295558_2133597361	8162311_01_s3_boss_01_park_p01_n.bytes	6361	1314
2783620856399614134_1871652223	81532211_s2_01_shanhaijingstreet_p02_d.bytes	9279	1936
2783623256473369651_11367349	206206_raid_perorozilla_outdoor_insane_start2phase.bytes	9486	1309
2793827233347444178_2565606168	1062103_02_s2_02_snowmountain_p02_n.bytes	5955	1254
2794470846023644659_2507809340	sb_01_destroyedstreet_p01_n_nodelayer.bytes	29572	395
2800318170762719804_2795872483	6071202_eliminateraid_hod_street_heavy_hard.bytes	7092	2155
2802420643004355146_1848694472	207303_raid_hod_indoor_veryhard_start4phase.bytes	1135	516
2802669975457166598_1242017996	8093201_01_s3_02_newyearpath_p02_d.bytes	7840	1446
2803532386610438187_2373087690	8263104_01_s3_01_shanhaijingstreet_p01_n.bytes	8162	1776
2805252177487825069_2209095451	8334305_01_01_gehennaslum_p03_d.bytes	10627	2029
2806485763937530922_2514446956	6071403_eliminateraid_hod_street_elastic_veryhard_start3phase.bytes	1587	679
2808387625193556205_1986612399	sb_02_desertcity_p02_d.bytes	1298364	369297
2810224843922781099_2452025159	8362301_01_s3_park_p01_d.bytes	5800	1316
2813382773504305900_2705221708	8133102_02_s3_01_hyakkiyakomoviestreet_p01_n.bytes	7887	1440
2815704830506425547_1148826591	sb_01_highway_p01_d_s.bytes	864116	245666
2816558604622820411_1240558095	822331110_s2_03_52301_p02_d.bytes	9481	1824
2819893728350325008_143189472	6063201_eliminateraid_perorozilla_indoor_heavy_normal_start2phase.bytes	9572	1324
2823492706914272587_2598136626	6023203_eliminateraid_chesed_indoor_heavyarmor_veryhard_start2phase.bytes	823	384
2826793292534335070_2715515859	265204_worldraid_en0010_outdoor_d.bytes	3404	1032
2837076585114086014_3442588235	6073203_eliminateraid_hod_indoor_heavy_veryhard_start2phase.bytes	5620	1622
2837956530291847168_3417450658	8412302_01_s3_03_school_p01_d.bytes	6284	1367
2840626936619601493_2930847526	201203_raid_binah_outdoor_veryhard.bytes	6960	2196
2840785511030592060_3400446798	262103_worldraid_hod_street_c_start4phase.bytes	1133	515
284097134560862000_3409724506	1202102_07_s3_boss_03_sportscenter_p01.bytes	7492	1407
2843445316491741194_1825182660	en0010_eliminate_heavyarmor_extreme.bytes	2172	790
2843825182137262464_3505356164	8334300_01_03_ruinedschoolpianoroom_p02_d.bytes	9933	2463
2844357571945598296_2250367057	6073407_eliminateraid_hod_indoor_elastic_torment.bytes	7161	2155
2846513310562102228_695821309	8371306_01_s3_02_resort_p01_d.bytes	1898	758
2846839052867701725_2070169606	sb_02_resort_p01_d.bytes	1298136	345964
2848337225638987500_3259672263	8032112_04_s3_02_beach_p01_n.bytes	9616	1923
2848574535197108834_510859023	6063306_eliminateraid_perorozilla_indoor_unarmed_insane_start3phase.bytes	9528	1319
2848639679009498002_88234786	8452308_01_sb_01_stadium_p02_d.bytes	6629	1417
284925448870701732_3807134667	glskill_test_01.bytes	772	392
2849275545262581847_139725407	1151103_03_s3_01_redwinterstreet_p01_d.bytes	6380	1287
2849865672649376245_2423116325	8432301_01_s3_03_buildinghallway_p01_d.bytes	6940	1316
2850989183779504105_3480151260	6033204_eliminateraid_shirokuro_indoor_heavy_hardcore_start2phase.bytes	903	452
2851589997597123668_828474540	8023305_01_s3_boss_01_redwinterstreet_p01_d.bytes	18330	2705
2856215989608595575_3521660821	8182309_01_s3_boss_01_stadium_p02_n.bytes	7922	1449
2856421708521149119_2725624967	1012103_03_s3_boss_01_market_p01_n.bytes	10302	2002
2856969467317077660_2865726852	8342311_01_03_gehennapartyhall_p01_n.bytes	6349	1336
28571530444055965_4053050735	8062101_01_s3_02_beach_01_d_p01.bytes	9394	2002
2859740192732437508_39484020	82250231__03_52302_p01_d.bytes	6951	1545
2862913525433711515_1476113533	401000212_03_s3_boss_01_slumpia_p01_e.bytes	13542	2169
2863851966465494143_1789953566	8021201_01_s3_01_redwinterstreet_p01_d.bytes	9903	1887
2871398538584570319_884899620	9301_000_01_stadium_p01_d_02.bytes	4106	1136
2872393378901662204_1792742306	265202_worldraid_en0010_outdoor_b.bytes	3404	1035
2873574926649673957_586824730	82200005_s2_02_52201_p01_d.bytes	6259	1341
2874125395166356756_3869271591	6051401_eliminateraid_kaitengerraid_street_elasticarmor_normal_start2phase.bytes	1452	652
2878338857952177937_1609188115	1041101_01_s1_02_riverside_p01_d.bytes	4517	1032
2879030308810018772_267327662	8202306_01_s3_02_newyearpath_p01_d.bytes	10650	2010
2883025665423244398_4166071331	8312305_01_s3_03_underground_p01_d.bytes	5719	1172
288545724797876258_3448275495	201103_raid_binah_street_veryhard.bytes	5007	1617
2885802277247707921_3855179733	1172101_04_s3_03_insidecruiseship_p02_n.bytes	9782	1916
2886392808947476270_3584128335	1081105_01_s2_03_underground_p01_d.bytes	9350	1886
2887937530348910540_2742996658	8091305_01_s3_boss_01_park_p01_n.bytes	8865	1852
2890166586134472046_2368430495	7011305_01_s3_boss_01_ruins_p02_d.bytes	7405	1504
2890394567706405357_1647823738	sb_01_destroyedhighway_p02_d.bytes	882016	238746
2891099204776720372_3118795236	207106_raid_hod_street_insane_start3phase.bytes	1542	666
2892340376641039889_699297801	8062103_01_s3_02_beach_01_d_p02.bytes	6927	1492
2893784538671431788_718568403	sb_01_milleniumskyscraper_p01_d_nodelayer.bytes	24664	165
2896610365704447517_4168377195	1291104_01_s3_sb_02_cargostation_p01_d.bytes	6966	1593
2907964098642027485_1529598452	822421110_s2_03_52302_p02_d.bytes	6538	1478
2910084884524838665_4118710484	32108_s3_boss_03_sweeperfactory_p01_d.bytes	14278	1683
291068863307491532_875233315	1301104_01_s3_sb_01_wildhuntstreet_p02_d.bytes	5867	1333
2911985178557487899_1983440830	259306_worldraid_en0002_indoor_insane.bytes	6257	1509
2916509616287421370_570388222	8393301_01_s3_01_shanhaijingstreet_p02_n.bytes	14051	2148
2917948738492931438_1368203582	30501_s3_boss_03_oldmansion_p01_n.bytes	11766	2256
2923366390716105813_587663743	8282310_01_s3_boss_02_trinityisland_p01_d.bytes	6219	1296
2926839534982088742_2729875728	sb_01_highway_p02_d.bytes	1017228	267208
2928204070764546050_766313441	en0022_torment_2phase.bytes	2944	1078
2930406155233863830_3002328707	1221103_04_s3_02_resort_p02_d.bytes	7631	1479
2933885410423205489_1860202887	8121306_01_s3_01_mainstreet_p02_n.bytes	11184	2075
2934718316670435037_2588430638	8462302_01_sb_03_subway_p02_d.bytes	5596	1221
2936259836389461980_733931451	8453302_01_sb_02_playground_p02.bytes	2212	724
2939623663780845730_2093611653	6023304_eliminateraid_chesed_indoor_unarmed_hardcore_start2phase.bytes	820	388
2939848760943481900_2059639072	6102107_eliminateraid_hovercraft_outdoor_lightarmor_torment.bytes	2878	1034
2952772226210271517_2625983857	401000220_01_s3_01_schale_p01_e.bytes	11917	2249
2953258125349729154_2876385679	8042307_01_s3_boss_01_gehennaslum_p02_d.bytes	8539	1706
2953412924380048056_3672484267	9961_newleveltest_02.bytes	20515	1570
2954291598848735227_2646459919	8492310_01_sb_01_wildhuntstreet_p01_d.bytes	6780	1342
2957523918831080629_3257895229	8362312_01_s3_park_p02_n.bytes	5795	1301
2957574526538906626_808349496	1182102_03_s3_01_ruins_p01_n.bytes	6636	1290
2957633450021741137_2364980293	6093407_eliminateraid_en0005_indoor_elasticarmor_torment.bytes	9429	1657
2960435330828853610_3816097257	1271101_05_s3_boss_sb_02_trainroof_p01_d_nosidetrain.bytes	6000	1138
2963429538001321692_1930195986	6011307_eliminateraid_binah_street_unarmed_torment_start2phase.bytes	2643	1006
2970637027633086312_1444280720	1071104_01_s1_03_subway_p01_d.bytes	8100	1825
2973633761780425443_895268292	253105_worldraid_shirokuro_street_extreme_start2phase.bytes	885	443
2976405407832249105_2301305798	1161104_06_s3_02_riverside_p01_d.bytes	10537	2198
297674684344263261_2375700629	6063103_eliminateraid_perorozilla_indoor_light_veryhard.bytes	9568	1315
2977145043377061048_3880374766	1201105_04_s3_03_buildinghallway_p01_d.bytes	8400	1475
2980230038698002337_2945854208	character_resource_test_05.bytes	11591	2048
2980276010303866943_1547422207	8252301_01_s3_03_oldmansion_p01_d.bytes	9193	1911
2981799169160412959_2763114828	1112102_04_s3_01_mainstreet_p02_n.bytes	6108	1046
2982685056513485578_3491465328	8492312_01_sb_01_wildhuntstreet_p02_d.bytes	6246	1361
2989546076900219296_121922992	1081104_04_s3_03_underground_p02_d.bytes	10996	2103
2994371658309880150_198730882	8062104_06_s3_02_beach_01_d_p01.bytes	9394	2005
2994375166176422177_620536090	8191308_01_s3_01_park_p01_n.bytes	10922	2157
2996054875023847953_2269020167	822311310_s2_02_52201_p01_d.bytes	7064	1646
2996226904017149219_1861792762	6023403_eliminateraid_chesed_indoor_elasticarmor_veryhard_start2phase.bytes	825	394
2996261536926833950_2947459433	1152101_03_s3_01_redwinterstreet_p01_n.bytes	10071	1818
2996486349520061557_2072139923	6073105_eliminateraid_hod_indoor_light_extreme.bytes	7128	2149
2998705908957307595_3072107177	6012103_eliminateraid_binah_outdoor_light_veryhard_start3phase.bytes	1832	745
3004369785878890551_2347585619	401000212_01_s3_01_slumpia_p01_e.bytes	5692	1184
3010917579741901636_2909061615	8522308_01_sb_03_trinitychurch_p02_d.bytes	6018	1165
3012384606387055385_4212368077	6062106_eliminateraid_perorozilla_outdoor_light_insane_start3phase.bytes	9651	1315
301556774752198800_1641624485	8123104_03_s2_sb_03_trinitychurch_p02_n.bytes	8186	1542
3018592731720496215_1892083445	60304_s1_boss_03_buildinghallway_p01_d.bytes	5458	1344
3021730206147863176_1395333690	1031102_03_s3_boss_01_backstreet_p02_d.bytes	10203	2144
3028319864603870078_2960822246	31105_s1_boss_01_slumpia_p01_n.bytes	1972	609
3029072436990735881_2093501727	en0006_eliminate_heavyarmor_normal_2phase.bytes	2560	885
3039350760902327074_356017382	1231103_05_s3_03_oldmansion_p01_d.bytes	9484	2064
3041284869061018635_3165216273	rb_03_chesed_p01_d_scenario_nodelayer.bytes	28224	260
3049503599157820502_2808476878	sb_01_hyakkiyakomoviestreet_p01_d.bytes	1028664	285390
3050003804377748507_2708188936	8092304_01_s3_02_newyearpath_p02_d.bytes	8002	1511
3053692251541910522_1644287746	1252101_01_s3_sb_01_hyakkiyakomatsuri_p01_n.bytes	11423	2155
3057489880719505408_1985562132	en0006_eliminate_unarmed_insane.bytes	3749	1023
3060948058844773784_2581966903	6033203_eliminateraid_shirokuro_indoor_heavy_veryhard.bytes	2146	747
306562395017019050_1022189510	sb_02_harbor_p01_d_challenge_nodelayer.bytes	49648	368
30806736603303186_3050525879	263102_worldraid_kether_street_b.bytes	2578	768
3086772511185883858_3640097579	261301_worldraid_chesed_indoor_a.bytes	13406	1744
3089553558806231108_3426107328	1201103_03_s3_03_buildinghallway_p01_d.bytes	6645	1284
3089557215614072391_37932982	8243301_01_s3_boss_sb_01_mainstreet_p02_d.bytes	11652	1852
3091323411882843502_1526039769	6062203_eliminateraid_perorozilla_outdoor_heavy_veryhard_start2phase.bytes	9619	1318
3093872504755991766_1061692669	6011202_eliminateraid_binah_street_heavy_hard_start3phase.bytes	1153	544
3094751125343060109_857753035	9996_overtest02.bytes	4142	1238
3095896777667790974_839158634	1072103_01_s1_03_subway_p02_n.bytes	8159	1823
309622110172633767_3963371332	6041105_eliminateraid_hieronymus_street_lightarmor_extreme.bytes	4293	1255
3098942912647577482_170379533	8391310_01_s3_01_shanhaijingstreet_p01_d.bytes	5701	1117
3099946639955939039_3803425200	1072103_05_s3_boss_03_subway_p02_n.bytes	11749	2356
3104677189592630000_4190399047	sb_03_expresstrain_p01_d.bytes	698316	181116
3106094783866370003_1616839942	1122102_02_s3_03_subway_p02_n.bytes	10952	2146
3107292645692778254_3302048692	6012201_eliminateraid_binah_outdoor_heavy_normal_start3phase.bytes	1830	743
3108709453608729023_937089715	kethertest.bytes	8315	896
3110979907453530341_3758070908	sb_03_subway_p01_d_nodelayer.bytes	36256	193
311488331093361522_3263378311	8342306_01_03_gehennapartyhall_p02_d.bytes	4662	953
3115851589952764188_2207182092	damagetest_indoor_normal.bytes	718	360
3117823616964606932_2694541123	sb_01_shanhaijingstreet_p01_e_nodelayer.bytes	29264	215
3120251594160791915_1576072571	8472306_01_sb_02_resort_p01_n.bytes	7091	1341
3121134255460980143_1822920072	1251105_03_s3_sb_01_destroyhyakkiyakomatsuri_p02_d.bytes	6576	1344
3124001673055268673_3106648751	401000206_01_s2_02_desertcity_p01_e.bytes	1956	737
3125198398354160168_3157800235	1181105_02_s3_01_ruins_p02_d.bytes	7157	1414
3125230753749119127_291853486	8442311_01_sb_03_school_p03_d.bytes	5075	1172
3126061021530733537_1343999843	6051204_eliminateraid_kaitengerraid_street_heavy_hardcore_start2phase.bytes	1452	652
3129197891918142143_4243727631	rb_03_hod_p01_nodelayer.bytes	57508	538
3140454892727641917_1264320714	8093104_05_s3_02_newyearpath_p02_n.bytes	9948	2037
3141911041865911313_2609935260	267101_en0013_street_a_2phase.bytes	2364	769
3146733670598484570_716560488	6041401_eliminateraid_hieronymus_street_elasticarmor_normal.bytes	4287	1266
3150409134255078846_4043288705	sb_01_hyakkiyakostreet_p01_d.bytes	1298356	346481
3152370782941368777_3453525187	sb_01_schale_p01_scenario_nodelayer.bytes	80656	497
3155722734399085752_2793832317	30503_s3_boss_03_oldmansion_p01_n.bytes	11766	2256
3159466769316489604_170087691	8342305_01_03_gehennapartyhall_p01_d.bytes	5782	1284
3163871096477031681_707165391	6102103_eliminateraid_hovercraft_outdoor_lightarmor_veryhard.bytes	2884	1051
3164077955909085900_426797885	1242101_01_s3_sb_02_trinityisland_p01_n.bytes	7975	1478
3164475226046240274_1131692136	c_sb_01_destroyhyakkiyakomatsuri_p01_litte.bytes	11765	1853
3165374114021353799_23203558	sb_02_riverside_p01_e_nodelayer.bytes	29572	274
3166311704405077697_2769136293	6073204_eliminateraid_hod_indoor_heavy_hardcore_start3phase.bytes	1580	671
3168427150145561344_2277768048	1111104_06_s3_boss_01_mainstreet_p01_d.bytes	6233	1036
3169509303115356790_3360116320	1181103_06_s3_boss_01_ruins_p01_d.bytes	8432	1772
3169639778668024031_2254618077	208305_raid_goz_indoor_extreme_start2phase.bytes	750	340
3172114071856257185_2918785211	9013_000_02_playground_p01_03.bytes	9339	1193
3172468447690631636_2170662675	8183102_02_s3_01_stadium_p02_d.bytes	7988	1383
3176141492232019168_2177026544	1161202_01_s3_02_riverside_p01_d.bytes	7109	1497
3177985240621604005_1102808692	262103_worldraid_hod_street_c_start2phase.bytes	5390	1580
31844736061421324_1064785867	en0008_lightarmor_thirdsection.bytes	4151	1175
3184473821740826912_1399794972	db_02_beachstage_07.bytes	792112	185463
3184944555587004124_3366087444	sb_01_ruins_p01_e_nodelayer.bytes	29572	348
3188796625441416241_1644506414	1151105_04_s3_01_mainstreet_p01_d_s.bytes	10322	1945
3191669969886725014_326500950	6082304_eliminateraid_goz_outdoor_unarmed_hardcore.bytes	13232	1440
3194413970244090070_2661323674	8162312_01_s3_boss_01_backstreet_p02_n.bytes	7362	1496
3196304794691876372_2657357214	1052103_01_s3_02_excavation_p02_n.bytes	9552	2006
3198358207500433838_2797432590	8552306_01_sb_01_milleniumskyscraper_p02_d.bytes	6746	1269
3205579856821852408_2035723218	8382308_01_s3_02_beach_p02_n.bytes	6233	1212
3205780043543086585_3116385920	1252102_03_s3_sb_01_hyakkiyakomatsuri_p01_n.bytes	11423	2154
3213796598358562629_2620899132	1212103_01_s3_01_ariusstreet_p01_n.bytes	7595	1543
3219216200893316465_3715437494	6071201_eliminateraid_hod_street_heavy_normal.bytes	7118	2156
3219640495363719859_2973077303	9003_000_01_stadium_p01_d_01.bytes	9339	1204
321998304442584652_4087915436	6033101_eliminateraid_shirokuro_indoor_light_normal_start2phase.bytes	901	448
3220947941445984011_1596185153	1081103_03_s3_03_underground_p01_d.bytes	10636	2000
3221847235107924948_1801883198	en0011_scenariotemp.bytes	14876	3525
3227309108486652568_1024410481	en0006_eliminate_unarmed_torment.bytes	3753	1024
3229865981372874247_3025245412	8252311_01_s3_boss_03_oldmansion_p01_n.bytes	8932	1755
3232925408033240808_1564147915	8093104_08_s3_boss_02_newyearpath_p01_n.bytes	7976	1579
3237515929572095128_582098884	8031103_02_s3_02_beach_p01_d.bytes	8936	1835
3239222576779002264_1086497476	1262102_04_s3_sb_03_trinitychurch_p01_n.bytes	6593	1260
3239852068759605541_57897337	sb_03_basement_p01_d.bytes	619152	188723
3240348705353494743_1339956936	8031301_01_s3_02_beach_p01_d.bytes	9277	1894
3242452749548128878_586024776	252203_worldraid_wakamohovercraft_outdoor_c.bytes	966	474
3245651041505203869_1706577045	sb_01_mainstreet_p01_n.bytes	1263656	350253
3247851436996807478_588663151	9321_000_01_sportscenter_p01_d_01.bytes	4106	1134
3253607528590750993_3166772215	sb_03_trinitychurch_p02_d.bytes	832944	242231
3253670732701853500_2024270383	8335302_01_02_hotsprings_p03_d.bytes	11283	2485
3264079466496141050_3320611672	210203_raid_hovercraft_outdoor_veryhard_start2phase.bytes	1550	634
3266708825299716606_1039787591	character_resource_test_04.bytes	3172	716
3268064909269415313_242213514	8522305_01_sb_03_school_p01_d.bytes	4496	1008
326954509307401178_412486113	1101105_06_s3_boss_01_ruins_p01_d.bytes	10377	2010
3269596935996042690_3335629574	8062102_02_s3_02_beach_01_d_p01.bytes	9562	2019
3272102895612703121_2038206263	9000_000_01_stadium_p01_d_03.bytes	9262	1231
3273744271580594957_591006402	8612310_01_sb_02_harbor_p02_d.bytes	7491	1551
3273861879372539640_2625155500	401000214_s3_03_trinitychurch_p01_d.bytes	7333	1615
3277851234102849903_2784183911	rb_03_goz_p01_d_nodelayer.bytes	36612	477
3278143822823985061_816861630	1231104_05_s3_03_oldmansion_p01_d.bytes	10136	2113
3283930719930261033_1856320969	400050219_s3_01_sb_02_snowmountain_p02_d.bytes	4596	971
3286369110836063577_3564409615	1101104_01_s1_01_ruins_p01_d.bytes	6716	1543
3293503341160209212_1811816518	6073407_eliminateraid_hod_indoor_elastic_torment_start4phase.bytes	1147	526
3297747414422744131_1963913160	8040101_summerbouncenormal.bytes	13648	13665
3297747414422744131_1963913160	8040102_summerbouncehard.bytes	20320	20342
3297747414422744131_1963913160	8040103_summerbounceveryhard.bytes	36512	36539
3297747414422744131_1963913160	8040210_colorfulbeachspecial.bytes	30048	30070
3297747414422744131_1963913160	8070101_tenchikaibyakushinwanormal.bytes	3376	3393
3297747414422744131_1963913160	8070102_tenchikaibyakushinwahard.bytes	7312	7329
3297747414422744131_1963913160	8070103_tenchikaibyakushinwaveryhard.bytes	15488	15505
3297747414422744131_1963913160	8070104_tenchikaibyakushinwaextreme.bytes	23152	23174
3297747414422744131_1963913160	8070201_tellyourworldnormal.bytes	3696	3713
3297747414422744131_1963913160	8070202_tellyourworldhard.bytes	8224	8241
3297747414422744131_1963913160	8070203_tellyourworldveryhard.bytes	17648	17670
3297747414422744131_1963913160	8070204_tellyourworldextreme.bytes	25152	25174
3297747414422744131_1963913160	8070301_mikumikuninormal.bytes	6592	6609
3297747414422744131_1963913160	8070302_mikumikunihard.bytes	9840	9857
3297747414422744131_1963913160	8070303_mikumikuniveryhard.bytes	17088	17110
3297747414422744131_1963913160	8070304_mikumikuniextreme.bytes	28032	28054
3300294263356553717_3425153972	8562311_01_02_forestriver_p01_n.bytes	7323	1629
3308508547740019112_3473050888	6082203_eliminateraid_goz_outdoor_heavy_veryhard_start2phase.bytes	833	374
3308696387913775737_3103457452	8602308_01_sb_02_galleon_p01_n.bytes	6739	1381
3310974172248414372_1322634354	6033404_eliminateraid_shirokuro_indoor_elasticarmor_hardcore_start2phase.bytes	906	455
3313298193156013694_2730455907	6033402_eliminateraid_shirokuro_indoor_elasticarmor_hard_start2phase.bytes	902	453
3318542491016042255_1834512489	206207_raid_perorozilla_outdoor_torment_start2phase.bytes	9687	1320
3326913508136770337_1585476723	1052101_02_s3_02_deserttrack_p02_n.bytes	10315	2024
3329337645507158901_3843378964	6082106_eliminateraid_goz_outdoor_light_insane.bytes	13392	1443
3330199746711148717_3077400917	8092301_01_s3_02_newyearpath_p01_d.bytes	6987	1409
3331253289495813634_3971289396	1142103_02_s3_03_ruinedschool_p01_n.bytes	9688	1808
3333138078362692789_741566998	8092311_01_s3_boss_02_newyearpath_p01_n.bytes	7594	1471
3334178096601016060_3891333248	8022101_01_s3_01_redwinterstreet_p01_d.bytes	9737	1859
3339839241521291555_310492583	1061103_03_s3_02_snowmountain_p02_d.bytes	7222	1351
3342281022298491795_522944030	81541211_s2_02_resort_p01_d.bytes	7377	1427
3343559790525745357_3900442193	1191102_05_s3_boss_02_deserttrack_p01_d.bytes	6463	1316
3344881432147842355_628075796	6051301_eliminateraid_kaitengerraid_street_unarmed_normal_start2phase.bytes	1447	647
334848746267808211_699477347	sb_02_harbor_p01_n.bytes	2181880	586506
3360924890466078781_277439807	1191102_04_s3_02_deserttrack_p01_d.bytes	6147	1261
336129257680214295_3345397337	6031103_eliminateraid_shirokuro_street_light_veryhard_start2phase.bytes	898	450
3363734026740997289_1582406949	6052102_eliminateraid_kaitengerraid_outdoor_light_hard.bytes	5861	1585
3367110094700202890_3567490782	1302103_05_s3_sb_01_wildhuntstreet_p01_n.bytes	6597	1318
3373571784152207288_874876509	1142102_04_s3_03_ruinedschool_p02_n.bytes	9398	1858
3374935173072277676_3794404166	1211104_04_s3_01_destroyedstreet_p01_d.bytes	10728	2106
3375764245927937227_1904208507	1221102_04_s3_02_resort_p02_d.bytes	7631	1479
3377143221218398505_1064009701	1231103_03_s3_03_oldmansion_p01_d.bytes	9484	2065
33783643267067300_2566549033	269101_en0015_street_d_2phase.bytes	879	435
3381142948110690984_1681524553	1272102_06_s3_sb_02_trainroof_p01_n_nosidetrain.bytes	6376	1182
3385273797728986199_3603068747	en0006_eliminate_heavyarmor_veryhard.bytes	3755	1027
3386696214797069259_2066981686	260204_worldraid_binah_outdoor_d_start2phase.bytes	2046	835
3390255708801225581_1446504994	205101_raid_kaitengerraid_street_normal_start2phase.bytes	1439	639
3390849923388099186_2677625798	1011201_01_s2_01_mainstreet_p01_d.bytes	6365	1340
3393354067472290907_962538639	8053301_01_s3_boss_01_shanhaijingstreet_p01_n.bytes	7185	1356
3394855231917519744_2281245077	sb_01_gehennaslum_p03_d_nodelayer.bytes	41216	250
3396482756229576509_4063969060	1152102_01_s3_01_mainstreet_p01_n_s.bytes	10322	1933
3397335895579669882_3489611955	8111308_01_s2_boss_01_destroyedhighway_p01_n.bytes	8873	2138
339842536154301278_815066294	9572_leveltest.bytes	3248	445
3398974609793564263_3267905861	8062107_07_s3_boss_02_beach_01_d_p01.bytes	9470	2098
3400092218119920276_322568494	8141303_01_s3_02_desertisland_p01_d.bytes	8090	1527
3400391707159854795_3234249303	1201103_05_s3_03_buildinghallway_p01_d.bytes	7911	1431
3401829385156938640_2359322743	9994_overtest.bytes	1902	534
3402117971286295096_2071160895	8061304_01_s3_03_insidecruiseship_p01_d.bytes	9172	1793
3407890379314967646_586447714	combattest_goz02.bytes	1040352	260215
3409714268679492160_4095354733	270301_worldraid_en0020_street_b.bytes	11557	1962
3410069462521226280_2329863334	207306_raid_hod_indoor_insane_start4phase.bytes	1133	511
341535031733878276_2410683289	1121105_03_s3_03_underground_p01_d.bytes	11034	1985
3420143015987509596_4214521290	6073406_eliminateraid_hod_indoor_elastic_insane_start4phase.bytes	1146	526
3422756720740050405_2512565629	267102_en0013_street_b_2phase.bytes	2364	769
3426394546873218368_1750213055	en0010_eliminate_unarmed_veryhard.bytes	2168	790
3428651563393763111_2264553434	1141104_04_s3_03_ruinedschool_p02_d.bytes	9398	1859
3431925671998503626_3124996668	1221101_01_s3_02_resort_p01_d.bytes	7300	1417
3436136498060707960_872892081	6063202_eliminateraid_perorozilla_indoor_elasticarmor_hard.bytes	9616	1308
3438695901041343045_2443248288	c_sb_01_hyakkiyakomatsuri_p02_little.bytes	13111	2158
3450701590411441119_2193091704	1101103_02_s3_01_ruins_p01_d.bytes	9405	1820
3450821425012596352_3644682741	1151104_06_s3_boss_01_mainstreet_p02_d_s.bytes	10644	2017
3452047285699991140_15790990	8412306_01_s3_03_school_p01_d.bytes	6494	1393
3457325148464850985_2308087104	1041102_02_s2_02_riverside_p01_d.bytes	7571	1621
3457783194799397612_2714759475	6051102_eliminateraid_kaitengerraid_street_light_hard.bytes	4857	1439
3459872474852229502_4201118242	6052403_eliminateraid_kaitengerraid_outdoor_elasticarmor_veryhard.bytes	5903	1586
3461294590491820255_1407224223	1111104_03_s2_01_mainstreet_p02_d.bytes	4984	934
3461919934121533780_1665247454	sb_01_highway_p01_n_s.bytes	864116	245666
3465156445143369700_897753530	8252309_01_s3_boss_03_oldmansion_p01_n.bytes	8694	1847
3467025316737671334_2112549477	8243104_07_s3_sb_01_mainstreet_p02_n.bytes	9950	1858
3467550486282447311_2453503649	8362306_01_s3_mainstreet_p01_d.bytes	5927	1284
34679357731946319_29336625	6011107_eliminateraid_binah_street_light_torment.bytes	5017	1626
3472133405249684471_3374760393	261302_worldraid_chesed_indoor_b.bytes	13406	1745
3483595746741804547_2258139196	6071201_eliminateraid_hod_street_heavy_normal_start4phase.bytes	1145	529
3484078873758743390_3527133982	1131104_05_s3_boss_01_slumpia_p01_d.bytes	7027	1218
3486797810103976985_4194076493	en0006_eliminate_heavyarmor_hard_2phase.bytes	2554	884
3489808791002460127_2069286679	6033207_eliminateraid_shirokuro_indoor_heavy_torment_start2phase.bytes	902	451
3496056382129111915_4251481630	8022102_02_s3_01_highway_p02_d_s.bytes	7620	1626
3507611180995950532_2834889286	6033306_eliminateraid_shirokuro_indoor_unarmed_insane.bytes	2143	748
3517346168774530638_829321309	206303_raid_perorozilla_indoor_veryhard_start3phase.bytes	9470	1312
3518760814137966449_993178216	8492303_01_sb_01_wildhuntstreet_p02_d.bytes	5063	1079
3520059840670291576_3364552680	ariusstreet_p01_n_many_obstest.bytes	8028	1899
3525227349613408461_3867506324	6033407_eliminateraid_shirokuro_indoor_elasticarmor_torment_start2phase.bytes	905	454
3530682988590498696_477923097	8522309_01_sb_03_school_p01_n.bytes	5631	1314
3532537980157597765_144446387	30305_s3_boss_03_school_p01_d.bytes	27484	3537
3535110262434963_2987518687	en0013_insane_3phase.bytes	1161	526
353817446574743542_2366428557	1042103_01_s3_02_desertcity_p02_n.bytes	7548	1546
3538810121798871187_95789359	8173104_07_s3_sb_01_stadium_p01_n.bytes	7050	1404
3541591402794111892_1956204036	6073304_eliminateraid_hod_indoor_unarmed_hardcore_start3phase.bytes	1571	670
3542767423931762643_3008974241	sb_03_underground_p01_n.bytes	937864	245645
3545687364095314220_3821929939	205202_raid_kaitengerraid_outdoor_hard.bytes	5728	1560
3547057102698647199_3005430315	1031306_s1_01_schalestreet_p01_d.bytes	1831	663
3548676146262301956_585284836	206207_raid_perorozilla_indoor_torment_start2phase.bytes	9687	1326
3550344898682086189_3913188178	test_spcial_emeney_1.bytes	5305	1087
3551976417815146554_1748310128	400020215_s3_01_milleniumskyscraper_p02_n.bytes	8306	1729
3561545867200890761_203050892	6082102_eliminateraid_goz_outdoor_light_hard_start2phase.bytes	829	370
3568730711687893380_2347073555	sb_02_harbor_p02_d_nodelayer.bytes	56432	367
3572561597014029728_4240314776	204305_raid_hieronymus_indoor_extreme_start2phase.bytes	2219	828
3574555172516766606_2894154981	sb_01_backstreet_p02_d.bytes	1298356	338422
3576036281738111149_2777013433	6082206_eliminateraid_goz_outdoor_heavy_insane.bytes	13392	1446
357854749495894372_3147591722	8052303_01_s3_01_shanhaijingstreet_p01_d.bytes	10507	2063
3582195305718613287_3339117964	6011404_eliminateraid_binah_street_elasticarmor_hardcore_start2phase.bytes	2649	1016
3585454497295631515_1881071720	testgroundforignoreuntarget.bytes	1130	386
3589218435902801803_3499649032	32101_s3_boss_03_sweeperfactory_p01_d.bytes	4303	1053
3591531553876841070_2078947994	8262303_01_s3_01_shanhaijingstreet_p01_d.bytes	10026	2203
3591921543102510269_1880436894	8282311_01_s3_boss_02_trinityisland_p01_n.bytes	8300	1686
35929687208962025_3117854035	8252308_01_s3_03_oldmansion_p02_d.bytes	9376	2060
3595126299101195291_1960269668	sb_02_snowmountain_p01_d_nodelayer.bytes	29572	161
3604767920249234481_4124199541	en0006_eliminate_lightarmor_insane_2phase.bytes	2567	886
3605119512117907618_735678873	6102202_eliminateraid_hovercraft_outdoor_heavyarmor_hard.bytes	2868	1027
3607382035286932925_3418613789	8252312_01_s3_boss_03_oldmansion_p02_n.bytes	7097	1546
3607464367712427440_4119377280	c_sb_02_galleon_p01_little.bytes	10085	1828
3608073133994429020_2364201167	6062401_eliminateraid_perorozilla_outdoor_elasticarmor_normal_start3phase.bytes	9675	1315
3612259549222248644_736324164	6052302_eliminateraid_kaitengerraid_outdoor_unarmed_hard_start2phase.bytes	1828	715
3618235888673271214_1393114928	6071104_eliminateraid_hod_street_light_hardcore_start3phase.bytes	1581	676
3618677261687605407_3016224004	en0013_veryhard_2phase.bytes	2396	780
3619565085631995486_2657382015	character_resource_test_06.bytes	764	304
3626114175509902436_531398852	6062207_eliminateraid_perorozilla_outdoor_heavy_torment_start2phase.bytes	9846	1327
3627749131771210279_2315791279	1122102_06_s3_boss_03_subway_p01_n.bytes	11334	2201
3630625502686537477_236634374	6031105_eliminateraid_shirokuro_street_light_extreme.bytes	2132	749
363139245638350352_1969312321	6023104_eliminateraid_chesed_indoor_lightarmor_hardcore.bytes	14683	1779
3634274722572785568_2348120292	8434309_01_01_park_p02_d.bytes	11925	2141
3637439036256674203_1254565929	6082201_eliminateraid_goz_outdoor_heavy_normal_start2phase.bytes	831	372
363886533187220819_2148026728	sb_01_newyearpath_p01_n_nodelayer.bytes	28868	202
3641354866218408805_4016605694	6041106_eliminateraid_hieronymus_street_lightarmor_insane_start2phase.bytes	1983	758
3643574878161309404_3195617461	sb_02_playground_p01.bytes	1564444	398776
3643730791637123221_1890633078	1202103_02_s3_03_buildinghallway_p01_n.bytes	6987	1318
3645980478504407047_2452255423	8342303_01_03_gehennapartyhall_p01_d.bytes	6349	1336
3647762126495126886_3593139730	1221104_04_s3_02_resort_p02_d.bytes	8123	1506
3648099692657874876_3479182614	8412301_01_s3_03_school_p01_d.bytes	6243	1340
3651089168156917906_2925582904	401000201_05_s3_boss_01_schale_p01_e.bytes	9541	1866
3652849134314113570_1033792192	9120_000_03_sportscenter_p01_01.bytes	1685	574
3661251027078131064_1403638751	6102204_eliminateraid_hovercraft_outdoor_heavyarmor_hardcore.bytes	2884	1033
3664675527685888175_4046889846	sb_03_gehennapartyhall_p02_n_nodelayer.bytes	23428	148
366710420579807779_3800712134	en0010_eliminate_heavyarmor_veryhard_2phase.bytes	949	453
3667523081249482093_316830541	1211105_04_s3_01_ariusstreet_p01_d.bytes	9901	2309
3670157906671420953_4054532229	8582304_01_sb_02_harbor_p01_n.bytes	7082	1438
3673146865248130721_1065703471	30302_s3_boss_03_school_p01_d.bytes	17433	2889
3676496133649714880_2286964406	258304_worldraid_perorozilla_indoor_hardcore_start3phase.bytes	9531	1310
3677437888026393541_3251375756	254303_worldraid_hieronymus_indoor_veryhard.bytes	5836	1469
368176190691250474_757367989	6051101_eliminateraid_kaitengerraid_street_light_normal_start2phase.bytes	1450	650
3683549727388857942_107279521	1262103_08_s3_boss_sb_03_trinitychurch_p01_n.bytes	6849	1326
3687304752684711301_3235640150	8022105_02_s3_01_highway_p02_n_s.bytes	9746	2188
3689037359403114751_3356554898	8201307_01_s3_01_market_p02_d.bytes	11797	2304
3689614068482209482_2078172586	6082201_eliminateraid_goz_outdoor_heavy_normal.bytes	13241	1442
3695937794422629978_2642205562	np186test.bytes	1003	461
3696631606225270254_2829280066	6062107_eliminateraid_perorozilla_outdoor_light_torment_start3phase.bytes	9852	1324
3698623283609591608_2668064005	6031401_eliminateraid_shirokuro_street_elasticarmor_normal.bytes	2134	751
3704396065588147513_933725607	6082303_eliminateraid_goz_outdoor_unarmed_veryhard_start2phase.bytes	830	371
3709438841952139286_1730568206	8162308_01_s3_01_backstreet_p02_d.bytes	7176	1431
3710538195292448467_3062744692	6012306_eliminateraid_binah_outdoor_unarmed_insane_start3phase.bytes	1827	742
3711071908553485887_4007726872	1041207_01_s3_02_desertcity_p02_d.bytes	8369	1656
3723805748008273076_244566055	1232103_01_s3_03_oldmansion_p02_n.bytes	7071	1510
3723917054509444478_4153146965	en0006_eliminate_lightarmor_insane_3phase.bytes	1248	534
3732530020392690156_2905890239	6063203_eliminateraid_perorozilla_indoor_heavy_veryhard_start3phase.bytes	9580	1322
3732605989298141157_20668485	8121305_01_s3_01_mainstreet_p01_d.bytes	10683	2008
3741295240656176720_3365413128	8173104_08_s3_boss_sb_01_stadium_p01_n.bytes	7210	1339
3742001001001371447_1434025132	1301103_05_s3_boss_sb_01_wildhuntstreet_p02_d.bytes	6067	1322
3743913284122011722_475249556	6051403_eliminateraid_kaitengerraid_street_elasticarmor_veryhard_start2phase.bytes	1454	654
3754436048605417287_538691840	8582308_01_sb_02_harbor_p01_n.bytes	6914	1400
3754949410917719454_3462782883	207103_raid_hod_street_veryhard.bytes	7002	2146
3755780043294209389_1969332749	8482310_01_sb_02_resort_p02_d.bytes	6989	1385
3755976072866634156_3478782603	1251102_06_s3_boss_sb_01_hyakkiyakomatsuri_p02_d.bytes	10850	2157
3758690516664404850_1212311349	6012201_eliminateraid_binah_outdoor_heavy_normal.bytes	6969	2206
3761518946091281322_3715549598	8133104_02_s3_01_hyakkiyakomoviestreet_p01_n.bytes	10823	1898
3762031712540105348_3958052007	6073304_eliminateraid_hod_indoor_unarmed_hardcore_start4phase.bytes	1143	524
3763322052261297748_1001153503	6022104_eliminateraid_chesed_outdoor_lightarmor_hardcore_start2phase.bytes	824	394
3764483987993216453_2055886384	8161304_01_s3_01_mainstreet_p01_d.bytes	10505	2059
3765428638165053870_280587752	1201102_03_s3_03_sportscenter_p01.bytes	6800	1313
376625765064149427_1351785156	6073103_eliminateraid_hod_indoor_light_veryhard_start4phase.bytes	1146	526
3768174504844545541_2461235983	204305_raid_hieronymus_indoor_extreme.bytes	5855	1481
3768217490649017128_956640941	1021104_02_s3_01_market_p02_d.bytes	9589	1974
3768330944590300847_2194764773	8032302_01_s3_boss_02_beach_p01_d.bytes	9350	1995
377181423332910292_3253310679	6102206_eliminateraid_hovercraft_outdoor_heavyarmor_insane.bytes	2874	1024
3772290315055457588_1406492519	81541111_s2_02_resort_p01_d.bytes	7542	1440
3776099526323538581_3178243594	8383301_01_s3_02_resort_p01_n.bytes	142827	4946
3778161718590326902_2064611311	400030308_s1_01_destroyedstreet_p01_d.bytes	2834	713
3778764845520278813_3442786885	8062106_03_s3_02_beach_01_d_p02.bytes	7240	1577
3779973297037698045_1270690982	rd_02_en0011_p01_d_01.bytes	1784492	487559
378416218043645150_3517564883	1111203_01_s3_01_highway_p02_d.bytes	5623	1005
378481225009849574_2096374639	1132103_02_s2_01_slumpia_p01_n.bytes	6410	1252
3796251422413797316_2842212932	6073406_eliminateraid_hod_indoor_elastic_insane.bytes	7148	2154
3800086888223112176_1156119379	401000114_01_s1_03_buildinghallway_p01_d.bytes	3230	857
3800989929490940580_3209836561	8422309_01_s3_03_buildinghallway_p01_d.bytes	7716	1427
3804039896867451571_1392981006	8202309_01_s3_boss_02_newyearpath_p02_n.bytes	11277	2174
3812707498655197102_1625267940	1171103_01_s3_03_insidecruiseship_p01_d.bytes	6374	1378
3812964155436005734_3030021832	201101_raid_binah_street_normal_start3phase.bytes	1144	535
3812975926519690641_1594864712	1121102_01_s3_03_subway_p02_d.bytes	10469	2080
3816671329011533234_2155133738	1171101_02_s3_03_insidecruiseship_p01_d.bytes	6736	1428
3818469353442901795_4068837305	6051106_eliminateraid_kaitengerraid_street_light_insane.bytes	4878	1441
3818693777971354717_3449714341	1081102_03_s3_03_munitionsfactory_p01_d.bytes	9492	1525
3820861936887464074_3577625871	1272102_05_s3_sb_02_trainroof_p01_n_nosidetrain.bytes	5893	1135
3823306805239581208_702052858	sb_03_subway_p02_n.bytes	1298356	345262
3828150382181757288_2941026613	6012302_eliminateraid_binah_outdoor_unarmed_hard.bytes	6964	2202
3832433849232579989_4010526934	6052102_eliminateraid_kaitengerraid_outdoor_light_hard_start2phase.bytes	1831	717
3834039576975329374_1914172358	202201_raid_chesed_outdoor_normal.bytes	14713	1897
3834222410187207536_1743572699	1202103_07_sboss_03_buildinghallway_p01_n.bytes	7569	1403
3835467322947533699_2057399949	sb_01_hyakkiyakostreet_p01_d_nodelayer.bytes	29572	187
3835972381998929569_2251027281	8163104_03_s2_01_mainstreet_p01_d.bytes	6932	1390
3841385067071999018_4160891863	6073306_eliminateraid_hod_indoor_unarmed_insane_start4phase.bytes	1141	518
3845028722283758678_2546493172	sb_01_ruins_p01_n.bytes	1298356	348880
3852789401799277121_4123777987	8301304_01_s3_03_expresstrain_p02_d.bytes	9636	1818
3853456215793780340_549142283	6012102_eliminateraid_binah_outdoor_light_hard_start2phase.bytes	3645	1310
3853926943501933570_2664862439	8611310_01_sb_02_harbor_p02_d.bytes	3666	941
386117475983069724_3699879769	9012_000_02_playground_p01_04.bytes	9179	1189
3863308334694196183_3127043819	1261103_01_s3_sb_03_trinitychurch_p01_d.bytes	6079	1277
3865562113439550461_2595613638	sb_03_insidecruiseship_p01_n_nodelayer.bytes	29572	285
3867704729229108741_3644789673	1181104_05_s3_01_ruins_p01_d.bytes	8782	1783
387000748911974634_1394378354	6031104_eliminateraid_shirokuro_street_light_hardcore.bytes	2134	749
3870066885093529840_1027104916	9112_000_02_playground_p01_01.bytes	1673	569
3871286133673661266_3776493415	9121_000_03_sportscenter_p01_02.bytes	1676	569
3874423544547663450_1890099093	201102_raid_binah_street_hard_start2phase.bytes	2632	998
3875885927447090759_1561382802	1142103_06_s3_boss_03_ruinedschool_p02_n.bytes	10898	2188
3878184541629584581_246150494	6033305_eliminateraid_shirokuro_indoor_unarmed_extreme.bytes	2138	746
3878912741855024915_3499063679	8242301_01_s3_sb_01_schale_p01.bytes	8318	1847
3883660925923622235_4121512983	1022103_01_s3_01_mainstreet_p01_n.bytes	8327	1554
3887316233895986183_2321623100	8562307_01_02_forestriver_p01_d.bytes	7110	1576
3888601189582212302_448612935	1251104_04_s3_sb_01_hyakkiyakomatsuri_p01_d.bytes	12309	2365
3889944856663558325_3369642580	1271104_06_s3_boss_sb_02_trainroof_p01_d_nosidetrain.bytes	5800	1131
389150847241909181_278149087	en0006_extreme.bytes	3759	1029
38919855739515330_3717825827	6082104_eliminateraid_goz_outdoor_light_hardcore.bytes	13259	1440
3892903993456645855_132747429	8422302_01_s3_01_milleniumskyscraper_p01_d.bytes	6862	1253
3894110445737992358_2155952667	8482305_01_sb_01_market_p01_n.bytes	10314	2056
3900730476908590297_4102656046	1171102_05_s3_boss_03_insidecruiseship_p01_d.bytes	8924	1883
3902642054571815085_338384692	400030206_s1_01_destroyedstreet_p01_n.bytes	1698	585
3903559496824729682_638855287	6022302_eliminateraid_chesed_outdoor_unarmed_hard_start2phase.bytes	817	379
390406253657704212_1829548197	6073404_eliminateraid_hod_indoor_elastic_hardcore.bytes	7167	2151
3905254243273583596_2816252462	sb_01_backstreet_p02_n.bytes	1298356	338422
3906960103172951491_4193595522	8163102_02_s3_01_backstreet_p02_d.bytes	9820	1891
3907198112408408654_28768653	6071407_eliminateraid_hod_street_elastic_torment.bytes	7163	2161
3907534967599669103_430460694	1171203_01_s3_03_insidecruiseship_p01_d.bytes	8854	1809
3909848486175031383_1501715280	sb_01_hyakkiyakonorthtown_p01_n.bytes	1787860	473652
3910938020024172065_3817226514	en0006_lunatic_2phase.bytes	2576	891
3912129001204627234_3559042842	6063205_eliminateraid_perorozilla_indoor_elasticarmor_extreme.bytes	9619	1314
3917493203961194035_4268882083	1232103_05_s3_03_oldmansion_p02_n.bytes	9152	1912
392146815040423594_4079306285	sb_01_52101_p02_d.bytes	1051388	277634
3924267033232763666_3950070298	267101_en0013_street_a_3phase.bytes	1140	515
3924621498392003782_4021631844	8252304_01_s3_03_oldmansion_p02_d.bytes	9539	2066
3945732411084410508_1849509708	81533213_s2_02_beach_p01_d.bytes	6290	1366
3947572790117039548_1635009749	1101207_01_s3_01_ruins_p01_d.bytes	9157	1835
3949893509251012189_3460501755	8141302_01_s3_03_ruinedschool_p02_d.bytes	8774	1700
3951920953763973735_19354129	en0006_eliminate_lightarmor_normal.bytes	3747	1026
3953433238034389715_3865836035	9013_000_02_playground_p01_01.bytes	9339	1193
3955487716076288720_3569978819	1282102_04_s3_sb_01_hyakkiyakostreet_p01_n.bytes	7545	1405
3957201117273615410_2010332753	6041305_eliminateraid_hieronymus_street_unarmed_extreme.bytes	4290	1261
3962217555343713839_2708353944	1271105_01_s3_sb_02_trainroof_p01_d_nosidetrain.bytes	6332	1140
3965090268848985298_696001100	en0022_normal.bytes	89409	3674
3967648350015097531_1979616099	81543211_s2_02_rainforest_p02_d.bytes	6152	1172
3972812432309238748_489661993	1081207_01_s3_03_underground_p02_d.bytes	11000	2110
3974595397028480219_3027845491	1292102_01_s3_sb_02_cargostation_p01_n.bytes	7473	1626
3977054324908100430_2166780005	263101_worldraid_kether_street_a_start2phase.bytes	1683	632
3977533897125505137_3080657007	207306_raid_hod_indoor_insane.bytes	6979	2122
3977544828570171229_3179457182	9961_newleveltest_01.bytes	2340	601
3978202698416636772_1776793139	8012306_01_s3_boss_sb_01_hyakkiyakostreet_p01_n.bytes	10261	1924
3981895422803852089_1824822090	6051303_eliminateraid_kaitengerraid_street_unarmed_veryhard_start2phase.bytes	1449	649
3983385089338365852_1486843927	8403301_01_s3_01_shanhaijingstreet_p01_d.bytes	10072	1719
398607850973499623_2550986435	sb_01_market_p01_n_nodelayer.bytes	29572	297
3989004167980374573_239941692	1111104_05_s3_01_mainstreet_p01_d.bytes	6578	1325
399001533813153525_1781816007	1231103_04_s3_03_oldmansion_p02_d.bytes	8663	1868
3995040572759578040_2146107067	6052306_eliminateraid_kaitengerraid_outdoor_unarmed_insane.bytes	5861	1584
3995822904908237008_3954669259	8023202_01_s3_boss_02_snowmountain_p02_d.bytes	8977	1764
399738033445694802_369670657	8173305_01_s3_boss_03_sportscenter_p01.bytes	5313	1303
399770252651153424_1742746049	1131205_01_s3_01_slumpia_p01_d.bytes	6803	1318
399959659025368847_1961340213	8173301_01_s3_boss_02_playground_p01.bytes	7957	1796
4001713171911770356_2084230971	8263104_07_s3_boss_01_shanhaijingstreet_p02_n.bytes	7333	1512
4002489002141303544_2115461049	8552308_01_sb_01_milleniumskyscraper_p02_n.bytes	6396	1237
4011708133458732832_977495092	204101_raid_hieronymus_street_normal_start2phase.bytes	1962	744
4012966849319782175_1779389448	9020_000_03_sportscenter_p01_02.bytes	9262	1231
4014445949528691347_514533223	202304_raid_chesed_indoor_hardcore_start2phase.bytes	813	375
4016602266071340740_418560097	6022102_eliminateraid_chesed_outdoor_lightarmor_hard_start2phase.bytes	820	390
4017879710979056354_2503241650	1281105_06_s3_boss_sb_01_hyakkiyakotraditionalstreet_p01_d.bytes	7877	1580
4020048253554008288_3741407988	401000201_02_s3_01_52101_p02_d.bytes	7799	1311
4023130759777341560_2433002267	en0011_elasticarmor_section_05.bytes	16938	3723
4024110780346478215_2098006045	202207_raid_chesed_outdoor_torment.bytes	17149	2177
4024825489141645463_2685382509	8243104_06_s3_sb_01_mainstreet_p02_n.bytes	9958	1861
4028870534730722361_3810763173	6023201_eliminateraid_chesed_indoor_heavyarmor_normal.bytes	14541	1778
4031995469673168429_816777784	8042303_01_s3_01_gehennaslum_p02_d.bytes	12413	2534
4033642823631087429_3572680168	8612301_01_sb_02_harbor_p02_d.bytes	7776	1549
4033829546211408534_1597669371	6012401_eliminateraid_binah_outdoor_elasticarmor_normal_start2phase.bytes	3649	1313
4034570939167758433_997887254	sb_02_hotsprings_p02_n_nodelayer.bytes	19512	202
4035236258870385420_1461207779	rb_02_kaitengerraid_p01_d.bytes	2212576	643880
4047471177635106715_1260330158	en0022_hard.bytes	89385	3670
4053120693860354540_8295704	db_02_beachstage_04_nodelayer.bytes	13248	110
4054681618644507439_2713375165	6102102_eliminateraid_hovercraft_outdoor_lightarmor_hard_start2phase.bytes	1538	637
4060183851927024598_1636356869	82233211_s2_03_52301_p01_d.bytes	8874	1772
4060804079433290930_2913806995	1061102_03_s3_02_snowmountain_p02_d.bytes	5938	1023
4065496585868536768_3289823097	205101_raid_kaitengerraid_street_normal.bytes	4794	1431
4066953731616157228_55607616	rb_01_kether_p01_d_nodelayer.bytes	29732	513
4068209171996973373_639525079	6011406_eliminateraid_binah_street_elasticarmor_insane.bytes	5018	1628
4071912160194635455_723348152	1101103_01_s2_01_ruins_p01_d.bytes	8283	1742
4073233172444679109_3880179227	8353301_01_s3_hyakkiyakomatsuri_p01_d.bytes	57841	4236
4074093043410946424_4207391468	8101301_01_s3_01_mainstreet_p01_d.bytes	10403	1997
4074972026023769785_3577089936	c_sb_01_hyakkiyakomatsuri_p01_little.bytes	16800	2518
4079737576680175503_3644689840	sb_03_oldmansion_p02_d.bytes	1150288	305236
4081040066263900085_3904851506	sb_02_playground_p02_nodelayer.bytes	35624	162
408170283264589429_193417178	255201_worldraid_binah_outdoor_normal_start3phase.bytes	1721	712
4083127721983759885_1195820201	81521121_s2_03_insidecruiseship_p02_d.bytes	8897	1850
4085268230771959096_4090339669	6011406_eliminateraid_binah_street_elasticarmor_insane_start3phase.bytes	1157	548
4085511171200255535_4004176172	7012306_01_s3_02_excavation_p02_d.bytes	27037	3615
4086183318882099246_2197357512	9321_000_01_sportscenter_p01_d_04.bytes	4106	1134
4087091523738047102_4154017790	201101_raid_binah_street_normal_start2phase.bytes	2634	1000
4095279433223734458_849705549	8253104_03_s2_03_oldmansion_p02_d.bytes	9376	2062
4096370357917952493_1732913812	8342310_01_03_gehennapartyhall_p02_n.bytes	4657	952
4096430706275418623_2793990993	6052401_eliminateraid_kaitengerraid_outdoor_elasticarmor_normal.bytes	5889	1584
4096701085728333851_707415452	6063201_eliminateraid_perorozilla_indoor_elasticarmor_normal.bytes	9618	1314
4098495051580277980_1165462154	510104_arena_street_stage01_test.bytes	1207	413
4098814092861690759_3598304238	8063202_01_s3_boss_03_insidecruiseship_p01_n.bytes	9499	1871
4098842105382776957_1908829659	401000217_02_s3_boss01_destroyedhighway_p01_e.bytes	17294	2463
4099113262767729359_3447217433	8592308_01_sb_02_riverside_p01_n.bytes	6204	1166
410114062016107945_1070567900	210205_raid_hovercraft_outdoor_extreme.bytes	2880	1033
4104087968476871117_3247818333	8362304_01_s3_park_p02_d.bytes	6035	1301
4118271799561222150_1595637100	400050213_s3_01_sb_03_tatamiroom_p01_d.bytes	4095	1107
4128631461700658500_3712582066	82241212_s2_03_52302_p02_d.bytes	9393	1819
4130289613577745863_2784360765	damagetest_street_normal.bytes	610	338
4131233895991646865_2421221530	8381305_01_s3_02_resort_p02_d.bytes	9605	1683
4140696804504003428_450747940	sb_01_hyakkiyakostreet_p02_n_nodelayer.bytes	29572	224
4141866824332404942_2711008082	8452306_01_sb_02_playground_p02.bytes	6429	1464
414244490517411986_1585130473	8253104_01_s3_03_oldmansion_p02_d.bytes	9376	2064
4143464228942860856_2871054867	6033307_eliminateraid_shirokuro_indoor_unarmed_torment_start2phase.bytes	899	448
4148305343761368629_3698818623	1122103_07_s3_boss_03_underground_p01_n.bytes	12592	2301
4151661673906929810_786674745	1051206_01_s3_02_excavation_p02_d.bytes	9552	2000
4153216435042493195_1326242629	8022104_03_s3_01_redwinterstreet_p01_n.bytes	9586	1869
4159382534851017218_1863586508	8482301_01_sb_01_market_p01_d.bytes	10314	2056
415949932206254865_2702457318	combattest_dtest05.bytes	1069204	288651
4159506372882105684_3432844603	8342312_01_03_gehennapartyhall_p01_n.bytes	6075	1319
415971901016771753_3733625194	82223131_s1_boss_02_52201_p01_d.bytes	5919	1278
4165447891932303020_365268988	1181401_01_s3_boss_01_ruins_p01_d.bytes	10249	2035
4165515152883817552_89067200	6023203_eliminateraid_chesed_indoor_heavyarmor_veryhard.bytes	14683	1780
4172589927783131525_1545997147	206302_raid_perorozilla_indoor_hard_start2phase.bytes	9460	1310
4175537775097473015_4017170853	1281105_02_s3_sb_01_hyakkiyakostreet_p01_d.bytes	7258	1436
417620552039493784_2011729821	1241104_05_s3_sb_02_trinityisland_p01_d.bytes	7544	1391
4176705275034174354_277362284	en0009_section_04.bytes	4818	1132
4177773955411680393_2395563363	82233213_s2_03_52301_p01_d.bytes	8874	1773
4179048499884441970_1826603477	9103_000_01_stadium_p01_d_01.bytes	1691	574
4179395428075869221_288165159	rb_01_hod_p01_e.bytes	2490304	667861
4181534994815567563_4055008148	sb_02_hotsprings_p02_n.bytes	857020	218243
4182632490580115633_3088869356	854110009_rb_01_en0021_p01_d.bytes	7291	1705
4185720112095321858_3738840307	1232101_02_s3_03_oldmansion_p02_n.bytes	7071	1514
4187961218755039554_930384272	1021204_01_s3_01_park_p02_d.bytes	8764	1747
418964500884432448_3945159708	8022107_06_s3_boss_01_redwinterstreet_p01_n.bytes	9260	1862
4192376669789156396_3705924525	1282103_01_s3_sb_01_hyakkiyakostreet_p01_n.bytes	7623	1488
4192881995416016946_3202094903	400050224_s3_01_sb_01_hyakkiyakomatsuri_p02_c.bytes	12715	2294
4193269366496857387_319099695	82233121_s2_03_52301_p02_d.bytes	9481	1825
4194109547468872482_3638097973	6071203_eliminateraid_hod_street_heavy_veryhard_start4phase.bytes	1147	531
4195582924076346721_4066496043	sb_03_remodelingresort_d.bytes	1253492	334102
4197513437868304279_3043920913	1212103_04_s3_01_ariusstreet_p01_n.bytes	9901	2301
4198156153833414095_2871496645	8132312_01_s3_boss_01_hyakkiyakomoviestreet_p01_n.bytes	8802	1567
4199488288362724705_674103079	6023102_eliminateraid_chesed_indoor_lightarmor_hard.bytes	14399	1774
420220949331609291_1004059605	8332302_01_03_gehennapartyhall_p01_d.bytes	5426	1139
4203243536469500463_2471221321	208306_raid_goz_indoor_insane_start2phase.bytes	749	339
4206389185832103544_2685444303	8203301_01_s3_boss_02_newyearpath_p01_n.bytes	22818	3861
4212814496616720527_2172183482	206202_raid_perorozilla_outdoor_hard_start3phase.bytes	9462	1300
4213177101519032836_1683092803	8341307_01_03_underground_p02_n.bytes	7126	1375
4219575843810916861_3770747734	9997_overtest.bytes	2430	579
422291539619376627_1348187836	6012202_eliminateraid_binah_outdoor_heavy_hard_start3phase.bytes	1828	740
4223433350142951712_3305510912	201103_raid_binah_street_veryhard_start2phase.bytes	2636	999
4226236618644198330_3415389527	6102306_eliminateraid_hovercraft_outdoor_unarmed_insane_start2phase.bytes	1541	640
4230000087110236331_1705566175	sb_03_zennosento_p01_d.bytes	649072	173551
4239446953694365095_1881327287	1252101_05_s3_boss_sb_01_hyakkiyakomatsuri_p01_n.bytes	12416	2333
4241734267562916377_3872536657	81531213_s2_01_shanhaijingstreet_p01_d.bytes	7203	1550
4242421310561239725_290086110	6062306_eliminateraid_perorozilla_outdoor_unarmed_insane.bytes	9561	1307
4245070881534933981_2406637795	1101102_03_s3_01_ruins_p02_d.bytes	9179	1838
4248559168643009653_1426119280	8302301_01_s3_03_expresstrain_p01_d.bytes	12195	1928
4251502290231216650_2573534837	6031402_eliminateraid_shirokuro_street_elasticarmor_hard_start2phase.bytes	896	450
4251577889623011341_2353989496	1191101_03_s2_02_snowmountain_p01_d.bytes	5876	1218
42548868362803787_1608512701	6051105_eliminateraid_kaitengerraid_street_light_extreme_start2phase.bytes	1451	650
4256772299128996009_1828440546	8103205_01_s3_01_destroyedhighway_p02_n.bytes	9462	1803
425733634446900437_1427960035	257104_worldraid_hod_street_hardcore.bytes	7109	2152
426104035448453578_2233748898	210204_raid_hovercraft_outdoor_hardcore.bytes	2884	1033
4262160154169391138_1177418049	6073207_eliminateraid_hod_indoor_heavy_torment_start4phase.bytes	1145	524
4262968449295534694_2540515487	510102_arena_street_stage01.bytes	1624	534
4263411355609823297_2816688038	sb_01_schale_p01_e.bytes	3257832	850444
426815752753066810_1199545033	8111302_01_s2_boss_01_hyakkiyakostreet_p02_n.bytes	10386	2109
4269961429361706934_670190989	1072103_03_s3_03_subway_p02_n.bytes	10458	2072
427012772458842637_3692367691	db_02_beachstage_06_nodelayer.bytes	13248	116
427017580452361222_4190599237	81542213_s2_03_insidecruiseship_p02_d.bytes	9037	1910
4270699169213051068_2352337763	400040220_s3_03_underground_p02_d.bytes	2058	710
4278262013806453584_715016138	6062203_eliminateraid_perorozilla_outdoor_heavy_veryhard_start3phase.bytes	9625	1315
4281192987429453478_2029584741	1011104_01_s1_01_mainstreet_p02_d.bytes	3084	779
4281820712754033052_4285259074	205108_raid_kaitengerraid_street_lunatic.bytes	4816	1438
4283840326060079680_3252791210	1121207_01_s3_03_underground_p01_d.bytes	10837	1988
4283971050334673377_2738086809	81543111_s2_02_rainforest_p01_d.bytes	6130	1223
4285272906301590322_1364691745	205204_raid_kaitengerraid_outdoor_hardcore_start2phase.bytes	1816	703
4285463680832731284_882290250	1261102_04_s3_sb_03_trinitychurch_p02_d.bytes	6354	1209
4287245796733646894_410299564	raidtest3.bytes	1464	637
4293152622291296776_2599121614	sb_03_abandonedtunnel_p01_d.bytes	1458280	381086
4297743783737521304_268225085	8582311_01_sb_01_park_p02_n.bytes	6301	1253
4304118192393255330_777263031	8552304_01_sb_01_milleniumskyscraper_p01_n.bytes	6661	1205
4305395727750564483_498507890	8183301_01_s3_boss_02_playground_p02.bytes	13655	2959
4308616847412961763_2649079809	9113_000_02_playground_p01_04.bytes	1691	576
4311933197558870145_481450186	sb_02_snowmountain_p01_e.bytes	1298356	347704
4314731279401993938_3148733487	1171103_04_s1_03_insidecruiseship_p02_d.bytes	7393	1661
4315198212935020256_844878746	8211301_event821_binah_outdoor_hardcore_start3phase.bytes	2176	868
4316189297232848877_1378061236	6082303_eliminateraid_goz_outdoor_unarmed_veryhard.bytes	13216	1447
4319557108626313183_3050397245	8282303_01_s3_02_trinityisland_p01_n.bytes	7902	1608
4322610481773322172_637556374	203102_raid_shirokuro_street_hard_start2phase.bytes	884	438
4330603115312850865_3960686831	1262101_01_s3_sb_03_trinitychurch_p01_n.bytes	6079	1271
4335176796455245787_3273792954	31106_s1_boss_01_slumpia_p01_n.bytes	1972	610
433731519998154789_3213301580	rb_01_shirokuro_p01_d_nodelayer.bytes	50352	212
4340242009076296256_2714050082	sb_02_deserttrack_p01_d.bytes	1297744	378565
4343331618650145627_1108815039	8383303_01_s3_boss_02_beach_p01_d.bytes	1916	778
4344389331450119256_4089853736	1051105_01_s3_02_excavation_p02_d.bytes	9387	1993
4345352544462742918_3558389675	9938_addiuitest.bytes	4757	1190
4351596742499929946_57055474	1182101_05_s3_boss_01_ruins_p01_n.bytes	6854	1345
4353021418493771914_3677567938	tacticalrelay_test_1.bytes	17283	1134
4356151673569749186_24407611	6012107_eliminateraid_binah_outdoor_light_torment.bytes	6970	2206
4358827256234889270_3407210397	260201_worldraid_binah_outdoor_a.bytes	4206	1530
4361140355321495894_1254374434	6011207_eliminateraid_binah_street_heavy_torment_start3phase.bytes	1156	546
4364632370208040433_3267371654	8573304_01_s3_02_harbor_p02_n.bytes	6408	1840
4366163652397559276_1890662215	8052308_01_s3_boss_01_shanhaijingstreet_p02_d.bytes	10585	2071
4367460321973464030_3030329665	db_02_beachstage_07_nodelayer.bytes	18024	147
4367851705643409264_2072245686	6051402_eliminateraid_kaitengerraid_street_elasticarmor_hard.bytes	4871	1440
4368030862417308424_1720990787	6041203_eliminateraid_hieronymus_street_heavyarmor_veryhard.bytes	4301	1261
4369370408591928821_2580936823	8302311_01_s3_boss_03_expresstrain_p01_d.bytes	16259	2334
4369737173200558151_2183471636	en0006_eliminate_heavyarmor_hard.bytes	3739	1022
4373391001869883340_1055262549	6062404_eliminateraid_perorozilla_outdoor_elasticarmor_hardcore_start2phase.bytes	9671	1320
437341513398447765_1885532803	1111101_04_s3_01_highway_p02_d.bytes	7143	1426
4374318715571994443_3191934683	8083202_01_s3_02_hotsprings_p02_n.bytes	9593	1933
4376143352323577110_3635452038	8352307_01_s3_hyakkiyakomatsuri_p01_d.bytes	12071	2157
4380218754472790537_1395130142	sb_01_destroyhyakkiyakomatsuri_p02_d_nodelayer.bytes	32336	225
4380749039809953956_1765742791	253104_worldraid_shirokuro_street_hardcore.bytes	2100	734
438847812382554111_2756039302	6011103_eliminateraid_binah_street_light_veryhard.bytes	5018	1628
4404777239227961024_1562939434	8602306_01_sb_02_beach_p01_n.bytes	5506	1020
4411340920721057706_1769719885	1161208_01_s3_02_excavation_p02_d.bytes	6872	1482
4413752964868312407_3105890750	1301104_04_s3_sb_01_wildhuntstreet_p02_d.bytes	5063	1042
4418426474144980948_2150263821	en0006_eliminate_heavyarmor_torment.bytes	3765	1027
4419788066301863979_3706274374	1272103_06_s3_sb_02_trainroof_p01_n_nosidetrain.bytes	6288	1170
4420719491604821636_3772778797	rb_01_hod_p01_s_insane.bytes	2500080	668473
4423372945971435310_2644965332	1131103_02_s3_01_slumpia_p01_d.bytes	6639	1303
4424616061678610158_1409348611	32105_s3_boss_03_sweeperfactory_p01_d.bytes	14672	1665
4425320409842738006_1945088312	1252103_08_s3_sb_01_destroyhyakkiyakomatsuri_p01_n.bytes	9253	1774
4426709630195550000_1879484624	sb_02_beach_p01_d_nodelayer.bytes	29572	279
4428704616783514877_1287031874	6063206_eliminateraid_perorozilla_indoor_elasticarmor_insane_start3phase.bytes	9658	1326
4429565009183410532_2471924292	1302101_01_s3_sb_01_wildhuntstreet_p02_n.bytes	6355	1389
4431123437978529371_2417126036	sportcenter_crowdtest.bytes	1914	537
4432852617502389384_1151323957	6082306_eliminateraid_goz_outdoor_unarmed_insane_start2phase.bytes	828	369
4435448960783653531_1754937071	1222102_01_s3_02_resort_p01_n.bytes	7642	1455
443639955995759998_2611261121	1121101_03_s3_03_subway_p01_d.bytes	10529	2120
4439616261234813050_856218002	400020218_s3_01_milleniumskyscraper_p01_n.bytes	4951	1233
4451241778072603830_1365530353	6063207_eliminateraid_perorozilla_indoor_elasticarmor_torment_start3phase.bytes	9859	1333
4453043650125125226_2710568398	6071102_eliminateraid_hod_street_light_hard.bytes	7092	2157
4453771943098433150_2202731889	8352308_01_s3_riverside_p01_n.bytes	7290	1407
4457559375203278820_3258327688	6031203_eliminateraid_shirokuro_street_heavy_veryhard_start2phase.bytes	898	452
4457799781964390998_1526006061	1011104_02_s2_01_mainstreet_p01_d.bytes	5489	1329
4459289842463200713_3344488402	1281101_05_s3_boss_sb_01_hyakkiyakostreet_p01_d.bytes	7365	1403
445975185257124027_816042041	6022101_eliminateraid_chesed_outdoor_lightarmor_normal_start2phase.bytes	822	384
446405592975132896_876220449	6071206_eliminateraid_hod_street_heavy_insane_start3phase.bytes	1574	677
4464363921309552426_3859341408	270301_worldraid_en0020_street_d_start3phase.bytes	1433	572
4464380587986553273_1731035474	1031104_02_s3_01_backstreet_p01_d.bytes	7950	1661
4466958903742329598_3851108274	8372307_01_s3_02_resort_p01_d.bytes	7062	1438
4471459214350963479_3402472292	1011105_01_s1_01_market_p01_d.bytes	4047	1045
4472310088550001033_3622972652	8051305_01_s3_01_shanhaijingstreet_p01_d.bytes	10021	2039
4485601982094148693_2344312848	202204_raid_chesed_outdoor_hardcore.bytes	14863	1910
4487175427853031415_1561499899	8442308_01_sb_03_school_p03_d.bytes	4595	1071
4497428107873965598_3069282376	6062107_eliminateraid_perorozilla_outdoor_light_torment.bytes	9840	1318
4497848799056979893_3984058895	255204_worldraid_binah_outdoor_hardcore.bytes	6680	2206
4499747370619285131_1412266354	8434308_01_03_milleniumunderground_p01_d.bytes	22621	3421
4504133035609271010_1146691622	6023102_eliminateraid_chesed_indoor_lightarmor_hard_start2phase.bytes	819	380
4506065856269069121_1108151247	6023301_eliminateraid_chesed_indoor_unarmed_normal.bytes	14328	1772
4506080275783794431_2512555014	81550213_s2_02_rainforest_p01_d.bytes	8841	1567
4506481042208836056_3881885515	1161105_01_s3_02_excavation_p01_d.bytes	10125	2174
4507227122256876054_1273197093	1251103_04_s3_sb_01_hyakkiyakomatsuri_p01_d.bytes	12145	2354
4511401519818143862_3554556553	8441305_01_sb_03_school_p03_d.bytes	722	302
4512284328985924520_1695787226	30303_s3_boss_03_school_p01_d.bytes	28337	3620
4512314320083061966_3335110018	8013102_01_s3_01_hyakkiyakostreet_p01_n.bytes	7591	1374
4515010765093686110_58076940	207103_raid_hod_street_veryhard_start2phase.bytes	5492	1618
451617072186826044_2833807512	1111202_01_s3_01_highway_p02_d.bytes	7041	1450
4516416117273181025_1355742001	6051207_eliminateraid_kaitengerraid_street_heavy_torment_start2phase.bytes	1451	651
4516854733854065987_3034380999	1081101_02_s2_03_munitionsfactory_p01_d.bytes	8691	1420
4520073828518534639_228340813	6071105_eliminateraid_hod_street_light_extreme_start2phase.bytes	5611	1630
452424102725954876_1074636338	400010209_s3_02_excavation_p02_d.bytes	7151	1582
4534182283223478912_102601753	258306_worldraid_perorozilla_indoor_insane_start2phase.bytes	9698	1313
4540293397017967612_2530818840	400010214_s3_01_mainstreet_p01_d.bytes	7314	1443
4543483732195449151_1307752249	8531310_01_sb_01_hyakkiyakostreet_p02_d.bytes	5342	1150
4543688600068766416_3706822667	6022406_eliminateraid_chesed_outdoor_elasticarmor_insane.bytes	19400	2093
4544028425199611075_2947324003	8193305_01_s3_boss_01_mainstreet_p01_d_s.bytes	10253	2381
4548905930295282564_1971855445	6051404_eliminateraid_kaitengerraid_street_elasticarmor_hardcore.bytes	4899	1440
4552107699380096476_3137348107	en0011_skilltest_blueonly.bytes	7034	2010
4552406188437289658_1639307186	1021205_01_s3_01_market_p02_d.bytes	8695	1673
4558037715141599108_4042433993	8063102_05_s3_03_insidecruiseship_p02_n.bytes	7137	1432
4558990140796301418_1251036963	6071302_eliminateraid_hod_street_unarmed_hard_start3phase.bytes	1560	670
4562622232284273303_88560177	206305_raid_perorozilla_indoor_extreme_start3phase.bytes	9469	1312
4565161770769473096_2823877080	6022203_eliminateraid_chesed_outdoor_heavyarmor_veryhard_start2phase.bytes	824	386
4570029100393819329_1143021754	6051202_eliminateraid_kaitengerraid_street_heavy_hard.bytes	4857	1439
4571064378387231349_228503912	8202301_01_s3_01_market_p01_d.bytes	12132	2337
4573036257065929508_3543472888	rb_02_binah_p01_e.bytes	870060	283044
4573151100162045184_2107209487	8022107_05_s3_01_redwinterstreet_p01_n.bytes	9516	1869
4578854027549980588_1976193144	sb_02_cargostation_p02_d_nodelayer.bytes	59116	350
4579181462828697662_1762227334	8243102_02_s3_sb_01_mainstreet_p01_d.bytes	10204	1872
4580300649776968787_2087891428	6071403_eliminateraid_hod_street_elastic_veryhard_start2phase.bytes	5647	1633
4586162134828956737_1419791664	1261104_01_s3_sb_03_trinitychurch_p01_d.bytes	6444	1309
4586620495481483192_198334002	8083205_01_s3_02_hotsprings_p01_n.bytes	9515	1913
4589286641920130711_667076335	6022205_eliminateraid_chesed_outdoor_heavyarmor_extreme_start2phase.bytes	823	385
4589558910304776105_3274387468	9020_000_03_sportscenter_p01_04.bytes	9262	1231
4590330300968819615_2626928511	6022203_eliminateraid_chesed_outdoor_heavyarmor_veryhard.bytes	15688	1929
4591127794746511277_3450325969	1171104_04_s3_03_insidecruiseship_p01_d.bytes	9192	1835
4591366519171327652_3064889618	8282305_01_s3_02_trinityisland_p01_d.bytes	8156	1632
4591979805487533126_2000033224	rb_02_binah_p01_d_nodelayer.bytes	18496	658
4595964263252428250_2030618401	6082105_eliminateraid_goz_outdoor_light_extreme.bytes	13258	1446
4599628691811890525_834377607	1251102_05_s3_sb_01_hyakkiyakomatsuri_p02_d.bytes	11180	2163
4601093804565061523_2152233944	sb_01_destroyhyakkiyakomatsuri_p02_n.bytes	1419592	376179
4604187296813823973_1335917772	81541121_s2_02_resort_p02_d.bytes	7147	1412
460637679334167468_178656397	8502310_01_sb_01_wildhuntstreet_p01_d.bytes	6789	1338
4612580443776609816_4112300555	6031403_eliminateraid_shirokuro_street_elasticarmor_veryhard.bytes	2138	751
4616210660097256991_4125393083	6082205_eliminateraid_goz_outdoor_heavy_extreme.bytes	13258	1450
4617068812230592731_3295012622	6051107_eliminateraid_kaitengerraid_street_light_torment.bytes	4885	1444
46178968862164587_2753747374	8392308_01_s3_01_shanhaijingstreet_p02_d.bytes	6817	1265
4624931752712879799_2355285958	1082102_03_s3_03_underground_p01_n.bytes	10505	1994
4626623186859746797_3636896005	263104_worldraid_kether_street_d_start3phase.bytes	788	357
4628179257373433890_3644831536	31113_s1_boss_01_slumpia_p01_n.bytes	1972	607
4630933686842762342_3572198288	6041303_eliminateraid_hieronymus_street_unarmed_veryhard_start2phase.bytes	1986	760
4639650981940097646_1674713477	8612307_01_sb_02_harbor_p01_n.bytes	6170	1327
4642046181808429273_269863839	400030409_s3_01_gehennaslum_p01_n.bytes	7758	1760
4643010724857551054_2482953495	8022104_02_s3_01_redwinterstreet_p01_n.bytes	9420	1854
4647394651271977344_3864489717	400040118_s3_03_buildinghallway_p01_n.bytes	8469	1723
4655819196167764904_4119013344	1081202_01_s3_03_munitionsfactory_p01_d.bytes	9806	1533
4656322483978132226_877789030	sb_01_shanhaijingstreet_p01_e.bytes	1284148	365262
4657649086375739453_283115428	8023304_01_s3_boss_01_redwinterstreet_p01_n.bytes	30413	2954
4659742703420985213_3974797318	838450301_dc_02_beachstage_10.bytes	6979	1230
4661686643868094710_544523725	9322_000_01_sportscenter_p01_d_04.bytes	4092	1137
4662032833762286636_1810907463	6012406_eliminateraid_binah_outdoor_elasticarmor_insane_start2phase.bytes	3649	1313
4664537853449381212_452967348	1252102_04_s3_sb_01_hyakkiyakomatsuri_p01_n.bytes	12949	2398
4666026686970856281_21188701	207101_raid_hod_street_normal_start3phase.bytes	1543	670
4667950191174610478_2393304821	82241121_s2_03_52301_p01_d.bytes	9227	1730
4669377541637752848_941051375	1262101_03_s3_sb_03_trinitychurch_p01_n.bytes	6547	1260
4671187893573629270_978001332	8203303_01_s3_boss_01_market_p01_n.bytes	24991	2860
4671930789459303230_5229122	sb_02_resort_p01_n.bytes	1621252	430859
4673293041543620000_2794643743	1252103_04_s3_sb_01_destroyhyakkiyakomatsuri_p01_n.bytes	8769	1737
4675892383605555510_3658512584	en0008_secondsection.bytes	4152	1166
4680389355893344875_2926336347	8133102_05_s3_01_hyakkiyakomoviestreet_p02_n.bytes	7611	1412
4683257904325402695_2861036882	7031304_01_rb_02_en0013_p01_d.bytes	1336	556
4684901072050371383_2216771589	6023107_eliminateraid_chesed_indoor_lightarmor_torment.bytes	17954	2086
4686025910139421353_928980853	206208_raid_perorozilla_outdoor_lunatic.bytes	9681	1309
4689496230512999212_3499086465	sb_02_snowmountain_p01_n.bytes	1298356	347704
4691853319981952121_2050544750	82241111_s2_03_52302_p01_d.bytes	9227	1810
4700416239562009615_1090689712	6051106_eliminateraid_kaitengerraid_street_light_insane_start2phase.bytes	1450	650
4701473522948306636_2827224167	6082305_eliminateraid_goz_outdoor_unarmed_extreme.bytes	13231	1447
4702589693099978387_438163888	8341306_01_03_gehennapartyhall_p01_d.bytes	6421	1388
4710610706560048387_2716121662	1271105_06_s3_boss_sb_02_trainroof_p01_d.bytes	388474	20537
4711516135277279760_79784813	9222_000_03_sportscenter_p01_03.bytes	6626	1267
4711551225548552885_2857153451	8201302_01_s3_01_market_p01_d.bytes	12771	2460
4713504251445185407_3097959442	8372312_01_s3_02_resort_p02_n.bytes	7601	1450
4717040948123462460_558215732	en0010_eliminate_heavyarmor_extreme_2phase.bytes	947	452
4719776445663106447_4053400143	1182103_04_s3_01_ruins_p02_n.bytes	7836	1716
4724563360837146379_3850508341	1012103_02_s2_01_market_p02_n.bytes	7156	1478
4726011231090089521_3492107278	1142102_02_s3_03_ruinedschool_p01_n.bytes	9686	1815
4727259709183929754_2375671252	en0010_eliminate_elasticarmor_extreme_2phase.bytes	951	452
4728381386382462877_3124882068	8335303_01_01_highway_p01_d.bytes	7914	2118
4732356293775995025_612934188	1141105_02_s3_03_ruinedschool_p01_d.bytes	9686	1826
4732573805357470981_1955907408	1111105_02_s3_01_mainstreet_p01_d.bytes	5655	1024
4734475753970347288_513657020	401000209_01_s1_01_ruins_p01_e.bytes	19476	2480
4738810406263734092_513654833	en0006_eliminate_lightarmor_hard_2phase.bytes	2554	886
4739659927786332675_1741039166	8422307_01_s3_03_buildinghallway_p01_n.bytes	6573	1225
474427921255265506_2738687791	82232111_s2_03_52301_p01_d.bytes	8275	1734
4744589788733636314_3866454045	9211_000_02_playground_p01_01.bytes	6466	1257
4744675879151985544_1590320922	8562306_01_02_forestriver_p01_d.bytes	7114	1577
4747946468176005692_4254234255	81513121_s1_boss_02_snowmountain_p02_d.bytes	7229	1539
4754431202475701888_3050986353	1172102_04_s3_03_insidecruiseship_p01_n.bytes	9192	1833
4760354837205695310_1283954876	82232131_s1_boss_03_52301_p02_d.bytes	8375	1873
4764108004133375151_1370321033	6083107_eliminateraid_goz_indoor_light_torment.bytes	12845	1405
4764631955705014241_3543251080	81512121_s1_boss_02_hotsprings_p01_d.bytes	5552	1447
4768078586369928334_2667741286	1151102_02_s3_01_mainstreet_p01_d_s.bytes	6570	1355
4769695124271676592_578361265	1121101_01_s2_03_subway_p01_d.bytes	9468	2014
4769993469692740124_4074058046	1111201_01_s3_01_highway_p01_d.bytes	7165	1495
47713813097356832_1203685824	8523302_01_sb_03_trinitychurch_p02_d.bytes	1529	543
47746518624289292_1156133391	8011310_01_s3_boss_sb_01_hyakkiyakostreet_p01_n.bytes	7990	1590
4781171101683955955_3277561312	6071401_eliminateraid_hod_street_elastic_normal_start4phase.bytes	1147	531
4782742933694656786_2583587541	6022104_eliminateraid_chesed_outdoor_lightarmor_hardcore.bytes	15688	1928
4785324627138436336_1644576673	8033203_01_s3_02_beach_p02_n.bytes	9324	1978
4786292623156544588_3496130308	9303_000_01_stadium_p01_d_02.bytes	4117	1136
4786772149751182923_3021167793	6082202_eliminateraid_goz_outdoor_heavy_hard_start2phase.bytes	829	370
4788100826849877844_149830257	8612303_01_sb_02_harbor_p01_d.bytes	6874	1346
4788806345684074915_3780936105	6083104_eliminateraid_goz_indoor_light_hardcore.bytes	12711	1398
4793019217028782533_3777429256	1272103_02_s3_sb_02_trainroof_p01_n_nosidetrain.bytes	6332	1147
4796304143485222908_1448703918	6012205_eliminateraid_binah_outdoor_heavy_extreme.bytes	6970	2207
4797034590564962760_3395079121	c_sb_01_hyakkiyakomatsuri_p02_many.bytes	10891	2171
4803113994110896166_1763401361	en0009_heavyarmor_section_01.bytes	4818	1133
4805601355239005792_671466305	db_02_beachstage_09.bytes	834196	216250
4807242667103762873_1775588680	8392306_01_s3_01_shanhaijingstreet_p02_d.bytes	6331	1118
480928752014091503_3512914167	8591309_01_sb_01_shanhaijingstreet_p02_d.bytes	5230	1104
4810848005137959321_1676035003	1251101_03_s3_sb_01_hyakkiyakomatsuri_p01_d.bytes	12305	2364
4814185253858012510_3347771005	1132101_02_s3_01_slumpia_p01_n.bytes	7409	1473
481597578772853139_288215032	822431310_s1_03_52302_p02_d.bytes	8550	1744
4816306810946633154_2195618939	1302102_05_s3_sb_01_wildhuntstreet_p01_n.bytes	6609	1333
4816327929311381482_625519589	8051302_01_s3_01_shanhaijingstreet_p02_d.bytes	9781	1973
4825072627895462617_864501872	1241101_04_s3_boss_sb_02_trinityisland_p01_d.bytes	8854	1788
4826959010082173415_996460555	6031403_eliminateraid_shirokuro_street_elasticarmor_veryhard_start2phase.bytes	900	459
4829815784977123088_474900688	en0006_eliminate_heavyarmor_veryhard_3phase.bytes	1252	536
4830718584327111210_2773473091	8063102_03_s3_03_insidecruiseship_p01_n.bytes	9578	1853
4834638631024356866_1908482090	400010213_s3_03_school_p01_d.bytes	7226	1508
4841294939950004847_2931087144	8402306_01_s3_01_shanhaijingstreet_p01_d.bytes	5961	1255
4841949947223089318_173664531	8532307_01_sb_01_hyakkiyakostreet_p02_d.bytes	5366	1091
484938824657991744_1581553129	1151105_05_s3_01_mainstreet_p02_d_s.bytes	6638	1322
4852736236808590992_2048418648	8351304_01_s3_hyakkiyakotraditionalstreet_p01_d.bytes	7441	1544
4852848394437008183_2270399573	8432308_01_s3_01_milleniumskyscraper_p01_d.bytes	5108	1157
485448955468636728_818941773	6033302_eliminateraid_shirokuro_indoor_unarmed_hard.bytes	2132	743
4856668116827514786_2147102057	sb_01_ariusstreet_p01_d.bytes	1198444	387620
4862876749729209543_386086568	6083205_eliminateraid_goz_indoor_heavy_extreme_start2phase.bytes	754	347
4869546132021741087_1571935453	1111101_05_s3_boss_01_highway_p02_d.bytes	7185	1449
4872071914904497115_1210277469	6073406_eliminateraid_hod_indoor_elastic_insane_start3phase.bytes	1580	678
4876906297000189601_3549125562	newleveltest_9576_ex.bytes	1065	549
4881280386679310264_853976356	208304_raid_goz_indoor_hardcore_start2phase.bytes	751	341
4896636324359528367_3808620291	81532131_s2_01_shanhaijingstreet_p02_d.bytes	5928	1410
4897799657405517830_3153478258	8162301_01_s3_01_mainstreet_p01_d.bytes	7567	1543
4898566254737324024_2397248495	8252305_01_s3_03_oldmansion_p01_d.bytes	9442	1971
4898658397698288408_2359471774	8131302_01_s3_01_hyakkiyakomoviestreet_p01_d.bytes	9985	1760
4900529593111756179_385357983	6062204_eliminateraid_perorozilla_outdoor_heavy_hardcore_start3phase.bytes	9625	1312
4901507806875832009_1717941220	822221110_s2_03_52301_p01_d.bytes	9172	1766
4902198047514191617_2851779111	1181102_02_s3_01_ruins_p01_d.bytes	6310	1259
4903027363720728485_1900186799	en0013_hardcore_2phase.bytes	2396	778
4907484896892563386_117036091	257104_worldraid_hod_street_hardcore_start2phase.bytes	5636	1633
4909381315635185079_1763378489	8273102_02_s3_boss_02_harbor_p01_d.bytes	8257	1760
4910078351987741614_3038426218	1282102_03_s3_sb_01_hyakkiyakostreet_p01_n.bytes	7623	1488
4911368289133481273_3482942943	203106_raid_shirokuro_street_insane_start2phase.bytes	886	442
4912094682023806269_459206710	258304_worldraid_perorozilla_indoor_hardcore.bytes	9519	1300
4914500438180899653_2017531551	6073304_eliminateraid_hod_indoor_unarmed_hardcore_start2phase.bytes	5584	1618
491883431715761875_1383574647	1221102_03_s3_02_resort_p02_d.bytes	7631	1465
4919485756311439403_1830273715	8382306_01_s3_02_beach_p02_d.bytes	5851	1187
4920440974637621698_1500950914	8371309_01_s3_03_insidecruiseship_p02_d.bytes	2751	845
4921218029965550694_299914959	6012307_eliminateraid_binah_outdoor_unarmed_torment_start3phase.bytes	1828	741
4922857806827157772_258975150	205203_raid_kaitengerraid_outdoor_veryhard.bytes	5756	1568
4924300022426770432_1877523950	en0006_hard_2phase.bytes	2560	887
4929805863729123266_837948654	8042302_01_s3_02_beach_p01_d.bytes	6612	1442
4931223674897580661_1528682841	1241101_01_s3_sb_02_rainforest_p02_d.bytes	6344	1233
4933103063477867680_1533730786	sb_01_shanhaijingstreet_p01_d_nodelayer.bytes	29264	207
4942067816192377020_2674048488	400030410_s3_03_underground_p01_n.bytes	10578	2309
4942798312346619141_169795709	1281102_02_s3_sb_01_hyakkiyakostreet_p01_d.bytes	7258	1436
4943362689533683772_717832183	400050109_s3_01_hyakkiyakostreet_p02_d.bytes	2067	767
4945911867859427933_1725581825	8142303_01_s3_sb_02_rainforest_p01_d.bytes	8947	1614
4946816030073778975_582746014	8273102_01_s3_boss_02_harbor_p01_d.bytes	8257	1761
4959107820099036625_239500914	6063301_eliminateraid_perorozilla_indoor_unarmed_normal_start2phase.bytes	9494	1321
4960505037829270312_254895759	1202102_01_s3_03_sportscenter_p01_n.bytes	6963	1324
4960646423147620288_2414558880	8262306_01_s3_01_shanhaijingstreet_p02_d.bytes	9571	2008
4962206946826981323_521753287	damagetest_outdoor_heavyarmor.bytes	613	343
4965620768905323597_3351936513	sb_01_destroyhyakkiyakomatsuri_p01_n_nodelayer.bytes	32336	235
4966251139446146029_2750094237	6062205_eliminateraid_perorozilla_outdoor_heavy_extreme_start3phase.bytes	9624	1314
4972747794627623879_102112798	en0009_test.bytes	3410	894
4984230309763371359_519276910	1132102_02_s2_01_slumpia_p02_n.bytes	6176	1200
4986973309069535258_691635248	1152102_06_s3_boss_01_mainstreet_p01_n_s.bytes	10299	1934
4990494637707931548_984472825	rb_02_binah_p01_e_nodelayer.bytes	19508	659
4992178713449274071_2532119629	6073302_eliminateraid_hod_indoor_unarmed_hard.bytes	7050	2145
4992331905054664650_1731917676	sb_01_park_p02_n_nodelayer.bytes	29572	181
4993140787764942529_1734905430	8162304_01_s3_01_backstreet_p02_d.bytes	7176	1437
499458641759321004_71316297	sb_01_floodedruins_p02_d_nodelayer.bytes	24480	335
4998681172752730376_200119934	9971_enemyemojitest.bytes	5702	1264
4999903375771516389_3911293628	8572309_01_sb_01_mainstreet_p01_d.bytes	6679	1227
5000433628460278245_1372120266	sb_03_sportscenter_p01_nodelayer.bytes	35784	178
5001924511103761449_915374400	8452305_01_sb_03_sportscenter_p02.bytes	7132	1505
5002143725034877599_120497651	81523111_s2_03_insidecruiseship_p01_d.bytes	6273	1360
5007445863210688921_1594170815	8172310_01_s3_boss_sb_03_sportscenter_p01_n.bytes	8170	1419
5011406892857348737_1388027461	6052407_eliminateraid_kaitengerraid_outdoor_elasticarmor_torment.bytes	5903	1585
5020619115101500290_2987399421	1052103_04_s3_02_excavation_p02_n.bytes	9552	2002
5020663943344589348_2195125995	81550214_s2_02_resort_p02_d.bytes	4993	1342
5023843957907314839_1955206381	1242101_03_s3_sb_02_trinityisland_p01_n.bytes	9118	1783
5026850696995276357_2665655983	8411302_01_s3_03_school_p01_d.bytes	816	345
5031579822315930137_1843115646	en0010_hardcore_2phase.bytes	942	448
5035224479501926049_1476189624	8043302_01_s3_boss_02_beach_p01_n.bytes	18341	2163
5036272397784475652_53016884	milleniump01test.bytes	7191	1305
503750605075456304_2980690359	6022202_eliminateraid_chesed_outdoor_heavyarmor_hard.bytes	15388	1921
5039418747409666462_712274194	1191105_01_s3_02_snowmountain_p02_d.bytes	6677	1330
5041461095348032836_2882375073	6012303_eliminateraid_binah_outdoor_unarmed_veryhard_start2phase.bytes	3646	1311
5043817094365618845_76288430	6011206_eliminateraid_binah_street_heavy_insane.bytes	5016	1626
5047065952321745011_1052623642	en0010_eliminate_unarmed_normal_2phase.bytes	939	451
5048092632043484084_2724520793	6022307_eliminateraid_chesed_outdoor_unarmed_torment_start2phase.bytes	820	387
5049701832207902754_295825531	8331307_01_03_gehennapartyhall_p02_d.bytes	5684	1416
5054684941719478311_1888958764	6071304_eliminateraid_hod_street_unarmed_hardcore.bytes	7105	2152
5058430348189914951_3842325311	81533131_s2_02_beach_p01_d.bytes	5312	1354
5060274274726104402_3407686420	rb_02_en0008_p01_d.bytes	822112	223389
5060594242433200691_3649427795	253106_worldraid_shirokuro_street_insane.bytes	2096	729
5061431381592972192_2107225743	82221131_s2_boss_03_52301_p02_d.bytes	6428	1547
5062164926956952010_1994235017	1101105_02_s2_01_ruins_p01_d.bytes	8283	1727
5066563468300258606_3196767814	1232102_04_s3_03_oldmansion_p01_n.bytes	10136	2119
5067470276163441637_3761486961	rb_02_hovercraft_wakamo_p01_nodelayer.bytes	62296	329
5070358265907092732_1586884718	sb_01_hyakkiyakomatsuri_p02_c_nodelayer.bytes	32336	236
5070687452476448414_4120429092	6082202_eliminateraid_goz_outdoor_heavy_hard.bytes	13239	1446
5072139227180790018_2031964427	8023101_02_s3_02_snowmountain_p01_d.bytes	10256	2036
5074183886762581922_1138735444	210207_raid_hovercraft_outdoor_torment.bytes	2878	1027
5076367375014591583_575732620	6102406_eliminateraid_hovercraft_outdoor_elasticarmor_insane.bytes	2878	1033
507845684714392997_31615945	1121102_03_s2_03_subway_p01_d.bytes	9563	2013
5079052798408257347_4220038513	1141102_01_s2_03_ruinedschool_p01_d.bytes	8226	1688
5079890595187535422_505536285	9120_000_03_sportscenter_p01_02.bytes	1685	574
5080291209125306672_585759878	8382307_01_s3_02_resort_p02_d.bytes	5096	1063
5081422776151350813_3247260195	8312308_01_s3_01_mainstreet_p01_d.bytes	6816	1390
5081488876228724215_936432396	8572308_01_sb_01_gehennaslum_p02_n.bytes	6877	1264
5084741455131249649_1457044893	8251309_01_s3_03_oldmansion_p02_n.bytes	7968	1648
5088463144046954753_2981116846	1191103_05_s3_02_snowmountain_p01_d.bytes	6345	1291
5090593960335303180_237618426	208207_raid_goz_outdoor_torment_start2phase.bytes	829	370
5097694155188305634_3521873342	1282101_02_s3_sb_01_hyakkiyakostreet_p01_n.bytes	7623	1488
5099170439592365415_142476223	1191201_01_s3_02_deserttrack_p01_d.bytes	6958	1320
5101972971355396831_342309677	30205_s3_boss_02_deserttrack_p01_d.bytes	24428	3425
5103938447914666382_4117348493	sb_01_slumpia_p01_n.bytes	1981368	543143
5106265492000447759_1582972778	401000314_02_s3_03_52301_p01_d.bytes	5337	1096
5106267759960055999_2226361312	9112_000_02_playground_p01_03.bytes	1673	569
5106929757221089798_2642059536	8032311_01_s3_boss_02_beach_p02_n.bytes	10514	2223
5107733153060710546_1622342982	8123104_08_s3_sb_03_trinitychurch_p01_n.bytes	8934	1666
5111315167878694214_1333546265	1191101_02_s3_02_snowmountain_p01_d.bytes	9719	1939
5118701694223366922_3745089294	1051104_04_s3_boss_02_excavation_p01_d.bytes	10077	2078
5123222306437930564_2425732211	1122101_04_s3_boss_03_underground_p02_n.bytes	11487	2164
5123376890463095228_1417412210	6082306_eliminateraid_goz_outdoor_unarmed_insane.bytes	13365	1442
5129480392155662112_1328640849	8332311_01_03_gehennapartyhall_p01_n.bytes	6098	1392
5133635560412835572_3176986769	en0006_eliminate_unarmed_insane_2phase.bytes	2558	885
5134789343434438384_512637674	82233212_s2_03_52301_p01_d.bytes	8874	1773
5136175386110937383_2615667945	8093301_01_s3_boss_02_newyearpath_p02_d.bytes	10558	2216
5142895171002159558_1220355609	6102207_eliminateraid_hovercraft_outdoor_heavyarmor_torment_start2phase.bytes	1547	633
5150108716919985624_536230320	82223121_s2_02_52201_p01_d.bytes	9531	1804
5150809278533372251_1041616334	9210_000_02_playground_p01_04.bytes	6486	1241
5154066301838825107_1577434149	401000314_01_s3_03_52301_p01_d.bytes	5662	1085
5154991025846562286_357583135	8122311_01_s3_boss_sb_03_trinitychurch_p01_n.bytes	9288	1825
5157574724928457089_2901378265	1241104_07_s3_boss_sb_02_rainforest_p02_d.bytes	7324	1356
5166247479200727350_570233822	1292103_02_s3_sb_02_cargostation_p02_n.bytes	7324	1669
5166921765848361817_2853010172	203307_raid_shirokuro_indoor_torment_start2phase.bytes	891	446
5169070620834674611_210932392	en0008_lightarmor_firstsection.bytes	4151	1176
5169270956169503668_1212299955	7011307_01_s3_boss_01_floodruins_p01_d.bytes	12562	1941
5169852349787539701_327774936	6023207_eliminateraid_chesed_indoor_heavyarmor_torment.bytes	17954	2086
5171878259391398440_3126990762	1222102_03_s3_02_resort_p02_n.bytes	8287	1531
517570569112265633_1391215460	sb_01_52101_p01_d_nodelayer.bytes	23960	178
517778111451556284_915432294	testtestetst.bytes	2157	736
5178422326862368427_3160819044	1081206_01_s3_03_underground_p01_d.bytes	10664	2008
5186025538797394444_1742482007	400040102_s3_01_park_p01_d.bytes	7892	1641
5188556844994466336_2900880831	8023203_01_s3_02_snowmountain_p02_d.bytes	9336	1746
5195992391916071341_3628850173	6041207_eliminateraid_hieronymus_street_heavyarmor_torment.bytes	4273	1295
5204809902389314404_2778528334	8031104_04_s3_boss_02_beach_p02_d.bytes	9048	1990
5205291755902412332_3642596506	8283301_01_s3_boss_02_trinityisland_p01_d.bytes	9480	1730
5206780636997242243_3247488032	6071206_eliminateraid_hod_street_heavy_insane.bytes	7124	2154
5208436710903100349_3721503071	1182102_01_s3_01_ruins_p01_n.bytes	6636	1294
5210473504478706103_4240452111	6052206_eliminateraid_kaitengerraid_outdoor_heavy_insane_start2phase.bytes	1833	718
5212384362922633986_785351779	db_02_beachstage_11_nodelayer.bytes	26228	197
521379015062045977_2545660631	8342309_01_03_gehennapartyhall_p01_n.bytes	5782	1285
5214039814306905651_684256412	6023205_eliminateraid_chesed_indoor_heavyarmor_extreme.bytes	14612	1780
5216388326094151683_1015817200	sb_01_market_p01_d_nodelayer.bytes	29572	297
522179151976125703_1178737541	201107_raid_binah_street_torment_start3phase.bytes	1145	535
5225802938102363392_3559673983	400010317_s3_01_destroyedhighway_p01_d.bytes	8494	1930
5226429864200471586_2359858161	1181101_02_s3_01_ruins_p01_d.bytes	6636	1301
5227897160839957603_3465155909	tunneltest03.bytes	449	217
522875521097440107_312775595	266205_worldraid_en0009_outdoor_b.bytes	5627	1327
523007958059125323_1260633763	1232101_01_s3_03_oldmansion_p01_n.bytes	7907	1684
5230697440510961447_3314173531	1122103_01_s1_03_underground_p01_n.bytes	8442	1720
5231972661728056889_3186571362	8562301_01_02_forestriver_p01_d.bytes	7148	1561
5232712202953029866_3993250090	400030320_s3_01_destroyedstreet_p01_n.bytes	7602	1502
5236649244667732316_2667831366	8173104_02_s3_sb_01_stadium_p01_n.bytes	8111	1419
5236817390531801732_1566957219	1191102_02_s3_02_deserttrack_p01_d.bytes	9320	1883
5239267278154552328_2270216599	8383304_01_s3_02_beach_01_n_p01.bytes	3523	1131
524068055879368720_2650931302	6031106_eliminateraid_shirokuro_street_light_insane_start2phase.bytes	896	448
5241642130610836681_827939537	8253102_03_s3_03_oldmansion_p02_d.bytes	9376	2061
5241839515599949489_25375053	6052406_eliminateraid_kaitengerraid_outdoor_elasticarmor_insane.bytes	5896	1583
5242760576043085331_605777056	1201104_03_s3_03_sportscenter_p01.bytes	6963	1324
5247684493533634586_2105544509	1061101_01_s2_02_desertcity_p01_d.bytes	5428	1262
5247938681703243458_443312675	1022102_02_s3_01_park_p01_n.bytes	7910	1575
5248714273616332636_2118311426	8022106_02_s3_01_market_p01_n_s.bytes	8955	1836
525402719337702799_2590845979	8423304_01_s3_01_milleniumskyscraper_p01_d.bytes	1696	676
5257481607311245358_874420766	8271310_01_s3_02_harbor_p02_d.bytes	10703	1796
5258141881258153280_3515154639	8352312_01_s3_hyakkiyakostreet_p01_n.bytes	7835	1410
5258342604481549157_3631853498	roadpuzzlemapdefault.json	8751	465
5258342604481549157_3631853498	roadpuzzlemapname._start1.json	17635	1348
5258342604481549157_3631853498	roadpuzzlemapname_30-1.json	36699	1912
5258342604481549157_3631853498	roadpuzzlemapname_easy1.json	36199	2108
5258342604481549157_3631853498	roadpuzzlemapname_easy2.json	37194	2029
5258342604481549157_3631853498	roadpuzzlemapname_lessstraight.json	37241	1962
5258342604481549157_3631853498	roadpuzzlemapname_start2.json	30428	1883
5258342604481549157_3631853498	roadpuzzlemap_99900.json	9166	605
5258342604481549157_3631853498	roadpuzzle_1.json	37405	1916
5258342604481549157_3631853498	roadpuzzle_2.json	37188	1957
5258342604481549157_3631853498	roadpuzzle_3.json	36794	1963
5258342604481549157_3631853498	roadpuzzle_4.json	37652	2069
5258342604481549157_3631853498	roadpuzzle_5.json	37497	2066
5258342604481549157_3631853498	roadpuzzle_6.json	36244	2011
5258511822480965073_1950679788	82231121_s2_02_52201_p01_d.bytes	9393	1816
5258551597253464278_2505117088	1121202_01_s3_03_subway_p02_d.bytes	10629	2121
5258609468439745709_1309966229	9937_en0020test.bytes	24587	1226
5259096271105418526_2639190759	400010201_s3_01_mainstreet_p02_d.bytes	9581	1902
5265536133374097207_4164092213	8252306_01_s3_03_oldmansion_p02_d.bytes	9763	2052
526738938130543942_373834140	en0006_eliminate_lightarmor_torment_2phase.bytes	2570	889
5270208926929193510_2234549233	sb_01_wildhuntstreet_p02_d_nodelayer.bytes	56500	323
5271128719285633689_1750973901	8202309_01_s3_boss_02_excavation_p02_n.bytes	10809	2166
5272454938190586000_1201111246	1202102_02_s3_03_sportscenter_p01_n.bytes	6963	1324
5273104552630655127_1623167465	8392310_01_s3_01_shanhaijingstreet_p02_n.bytes	6339	1232
5273571383690548574_3344335411	210206_raid_hovercraft_outdoor_insane.bytes	2874	1024
5274960594821510214_232974913	1171101_03_s2_03_insidecruiseship_p02_d.bytes	8581	1805
5281259924016662798_1718957485	sb_03_school_p01_n_nodelayer.bytes	19048	193
5281938564595260513_3197392344	8592303_01_sb_02_rainforest_p02_d.bytes	7212	1287
5284617482525729151_1378989671	8337302_01_03_school_p03_d.bytes	2938	922
5287125680261890304_2690108854	6031102_eliminateraid_shirokuro_street_light_hard.bytes	2126	748
5290954797667595467_870040725	6073107_eliminateraid_hod_indoor_light_torment_start4phase.bytes	1145	524
5292856605403658862_1931923912	character_resource_video_07.bytes	1133	440
5295079931473158828_2928494503	8381303_01_s3_02_rainforest_p01_d.bytes	5848	1086
5295118957778631235_567401778	sb_02_rainforest_p02_n_nodelayer.bytes	29572	250
5296557525573943658_1396275958	8062105_02_s3_02_beach_01_d_p01.bytes	9563	2025
5299843570833911230_83082727	8022105_05_s3_01_highway_p01_n_s.bytes	8434	1871
5304790631353779423_4090620892	6071305_eliminateraid_hod_street_unarmed_extreme.bytes	7092	2155
5305939233541659494_3482185783	6011106_eliminateraid_binah_street_light_insane_start3phase.bytes	1155	546
5309665529692663064_1383778047	sb_02_trinityisland_p01_d.bytes	1558536	414565
5314341563760867389_1644002402	1031207_01_s3_01_highway_p01_d.bytes	7273	1543
5314868838401940273_4017833497	sb_01_hyakkiyakomatsuri_p02_n.bytes	1419592	376185
5315877744497934093_2006490663	1161105_05_s3_02_excavation_p02_d.bytes	6864	1481
5322593572771123393_2544938308	9957_newleveltest.bytes	25891	1949
5323180776397613098_2135841135	db_02_beachstage_03.bytes	581968	146600
5338756493140165639_2412204378	9121_000_03_sportscenter_p01_04.bytes	1676	570
5342196343588039663_1313714854	6031404_eliminateraid_shirokuro_street_elasticarmor_hardcore_start2phase.bytes	900	447
5345041241731168168_918310704	8502304_01_sb_01_wildhuntstreet_p02_d.bytes	6751	1367
5350904330840576224_2812971883	6033406_eliminateraid_shirokuro_indoor_elasticarmor_insane_start2phase.bytes	904	455
5354429098741443856_2862933282	8143104_06_s3_02_beach_p02_n.bytes	9731	1941
5358830728312517990_2791087323	6022401_eliminateraid_chesed_outdoor_elasticarmor_normal_start2phase.bytes	824	393
5362414444457703248_1104928927	sb_01_mainstreet_p01_n_nodelayer.bytes	28780	385
5362452918631928712_4145614523	1241102_02_s3_sb_02_rainforest_p02_d.bytes	6711	1223
5366658381207821736_1304226345	c_sb_02_cargostation_p02_little.bytes	9813	1924
5369707123426871647_1826878846	270301_worldraid_en0020_street_v01_test.bytes	2890	1024
5378556592006250484_1412233887	rb_01_52102_p01_n.bytes	478752	126654
5380153239551914310_3888760558	8053303_01_s3_boss_02_riverside_p01_n.bytes	9794	1534
5384297196544564941_1323336200	sb_03_abandonedtunnel_p02_d_lore.bytes	3294060	846755
538471291436690434_1926797121	8272302_01_s3_02_harbor_p02_d.bytes	7756	1693
5384915468646270970_1785385933	82231131_s2_boss_02_52201_p01_d.bytes	7397	1685
5386883494382401236_520388834	6083307_eliminateraid_goz_indoor_unarmed_torment.bytes	12818	1405
5388673071273296239_2484639226	6073102_eliminateraid_hod_indoor_light_hard_start4phase.bytes	1142	522
5391016175295721690_3130500784	8202312_01_s3_boss_01_market_p01_n.bytes	12489	2337
5392182282296340717_1312798228	sb_01_newyearpath_p02_n.bytes	1298376	417182
5395009366913535741_2813067022	8522307_01_sb_03_trinitychurch_p01_d.bytes	6556	1289
5395158834944506656_3311299256	1191102_05_s3_02_deserttrack_p01_d.bytes	6309	1276
5395963387302318346_3747430703	1171208_01_s3_03_insidecruiseship_p01_d.bytes	9028	1824
5399117552124161566_2275923844	sb_03_munitionsfactory_p02_n.bytes	1298356	346936
5402798474575445636_1829922551	8062105_03_s3_02_beach_01_d_p01.bytes	9563	2022
5407879821482621160_2672423502	6022204_eliminateraid_chesed_outdoor_heavyarmor_hardcore.bytes	15688	1928
5407994472378068544_110385685	1251104_01_s3_sb_01_hyakkiyakomatsuri_p01_d.bytes	11261	2142
5408665198348101764_4015455817	1152101_02_s3_01_redwinterstreet_p01_n.bytes	6716	1314
5410798785225881886_429133682	8192311_01_s3_boss_01_highway_p01_n_s.bytes	7082	1464
5418888287125647063_2688054439	8192301_01_s3_01_market_p01_d_s.bytes	10644	2112
5426040440799384199_1734395439	8162310_01_s3_boss_01_backstreet_p01_n.bytes	7859	1597
5427624148565799189_2746988237	1192102_01_s3_02_snowmountain_p01_n.bytes	6592	1311
5431194704591707770_2760004416	1232103_07_s3_03_oldmansion_p02_n.bytes	9152	1915
5431333264068696218_3668794130	400040221_s3_03_basement_p01_d.bytes	4957	1099
5433811832048678958_2759313906	210202_raid_hovercraft_outdoor_hard.bytes	2868	1027
5433886811904786979_2540664624	6012404_eliminateraid_binah_outdoor_elasticarmor_hardcore_start3phase.bytes	1834	747
5442993712626144498_661398521	9110_000_02_playground_p01_04.bytes	1685	575
5444271081175299820_1520194208	8211304_event821_hieronymus_indoor_hardcore.bytes	10092	1898
54537695394256791_2795549792	8503301_01_sb_01_wildhuntstreet_p01_n.bytes	39221	4136
5453936638430626710_3528664807	1041206_01_s3_02_desertcity_p02_d.bytes	8199	1647
5465799082079294474_922784503	1132102_05_s3_01_slumpia_p01_n.bytes	8304	1434
5465966522724419239_1863268872	207301_raid_hod_indoor_normal_start4phase.bytes	1133	512
5468845521631400215_2521166791	1111105_05_s3_01_mainstreet_p01_d.bytes	5655	1024
5471389992154732524_83818670	6062102_eliminateraid_perorozilla_outdoor_light_hard_start2phase.bytes	9615	1315
5472203793672303811_1767983951	206306_raid_perorozilla_indoor_insane.bytes	9484	1305
5473964662751926235_2622903249	8452309_01_sb_03_sportscenter_p02_n.bytes	6256	1238
5477691057734052882_3848506662	8582302_01_sb_02_harbor_p01_d.bytes	6942	1386
5478420812880753673_68098503	6022404_eliminateraid_chesed_outdoor_elasticarmor_hardcore.bytes	15838	1930
5486014452095493087_2559096070	6063203_eliminateraid_perorozilla_indoor_elasticarmor_veryhard_start3phase.bytes	9632	1323
5496726354815171241_2700630450	203107_raid_shirokuro_street_torment_start2phase.bytes	887	444
5501791593979868353_715503476	6062103_eliminateraid_perorozilla_outdoor_light_veryhard_start3phase.bytes	9625	1315
5510672584239510927_1601601893	6022305_eliminateraid_chesed_outdoor_unarmed_extreme_start2phase.bytes	820	390
5510967806538006518_4125525720	1131207_01_s3_01_slumpia_p02_d.bytes	7014	1272
5514298708407532780_3112477566	6063202_eliminateraid_perorozilla_indoor_elasticarmor_hard_start2phase.bytes	9622	1320
5516591315289349374_406390541	207107_raid_hod_street_torment.bytes	6995	2144
5522824366070473840_3938997653	1151104_04_s3_01_mainstreet_p02_d_s.bytes	10660	2013
5524348114663451697_2034823927	1081105_02_s2_03_underground_p01_d.bytes	9191	1882
5525122104105464088_3300965518	8432310_01_s3_01_milleniumskyscraper_p01_n.bytes	7898	1485
5525954624920184770_334398916	1261101_04_s3_boss_sb_03_trinitychurch_p01_d.bytes	6405	1268
5527086898270892599_1027864506	8192309_01_s3_boss_01_highway_p01_n_s.bytes	6992	1413
552748190488706327_901013683	6011201_eliminateraid_binah_street_heavy_normal_start2phase.bytes	2645	1009
5527726060151441883_2016968523	6071207_eliminateraid_hod_street_heavy_torment_start2phase.bytes	5617	1631
5529971721475625792_4285120079	8183102_03_s3_01_stadium_p01_d.bytes	7919	1380
5535815908481687931_1421716225	1221102_02_s3_02_resort_p01_d.bytes	7129	1404
5536103055130653015_2169736921	1041104_02_s3_02_desertcity_p02_d.bytes	7942	1565
5545056715731143915_3227746787	6071302_eliminateraid_hod_street_unarmed_hard_start2phase.bytes	5539	1625
5545134756348672236_4026846442	1291101_04_s3_boss_sb_02_cargostation_p01_d.bytes	7065	1705
5547337652890090993_3377901310	8021208_01_s3_01_redwinterstreet_p01_d.bytes	9733	1858
5548717105282956510_1269385992	6052303_eliminateraid_kaitengerraid_outdoor_unarmed_veryhard.bytes	5868	1582
5549196241433864543_1361628916	8082311_01_s3_boss_02_hotsprings_p02_d.bytes	7718	1597
5549377597743181586_3887067767	1171105_06_s3_boss_03_insidecruiseship_p01_d.bytes	9677	2014
5552684920207622130_7616002	sb_01_riverpark_p02_n_nodelayer.bytes	29572	172
5552811922050219254_2626836284	6031107_eliminateraid_shirokuro_street_light_torment_start2phase.bytes	897	449
5559265944501850642_1415982842	8023101_01_s2_02_snowmountain_p01_d.bytes	9111	1845
5564247998293880217_1043997804	6023104_eliminateraid_chesed_indoor_lightarmor_hardcore_start2phase.bytes	823	392
5567406935733209598_2416683564	6012305_eliminateraid_binah_outdoor_unarmed_extreme_start2phase.bytes	3645	1310
5567967941500346680_1077165938	256303_worldraid_chesed_indoor_veryhard.bytes	13741	1734
5569714821333582814_911709010	6012206_eliminateraid_binah_outdoor_heavy_insane_start3phase.bytes	1830	743
5576966807498770146_3680608925	1171206_01_s3_03_insidecruiseship_p02_d.bytes	9449	1900
5580406633692888094_2404895555	8512303_01_sb_01_park_p01_d.bytes	5446	1141
5580699455523008301_3828141371	6011304_eliminateraid_binah_street_unarmed_hardcore_start3phase.bytes	1154	545
558151339508536572_4074544163	6063201_eliminateraid_perorozilla_indoor_heavy_normal.bytes	9566	1312
5584207386495577792_50352184	playground_obstacleset_little.bytes	5023	1199
5585671554074111328_3248413670	8021105_03_s3_boss_01_redwinterstreet_p01_d.bytes	9649	1863
558664372213824411_4135972424	1212103_05_s3_01_ariusstreet_p01_n.bytes	10408	2362
5590840344364250846_2764833625	8062108_03_s3_02_beach_01_d_p01.bytes	9394	1995
559241038044658673_2399166128	8163102_03_s3_01_backstreet_p02_d.bytes	9820	1904
5593400899730436554_1722037067	1192103_09_s3_boss_02_snowmountain_p02_n.bytes	7396	1414
5594050651664498240_1929952042	6041101_eliminateraid_hieronymus_street_lightarmor_normal_start2phase.bytes	1983	756
5594820974477475750_3126602428	1291103_02_s3_sb_02_cargostation_p02_d.bytes	7501	1690
5597054617581554339_1155480200	1091101_04_s3_boss_01_market_p02_d.bytes	11257	2260
5601086165294306443_2026352322	266205_worldraid_en0009_outdoor_a.bytes	5624	1324
5607785746487292485_1709348369	1061104_02_s3_02_snowmountain_p02_d.bytes	7095	1366
560829999050755649_2793695235	1192103_02_s3_02_snowmountain_p02_n.bytes	6849	1350
5614788297226794524_809892080	sb_01_wildhuntstreet_p01_n.bytes	2482384	655666
5623048540101520316_458435153	1161103_02_s3_02_excavation_p02_d.bytes	9245	2051
5624888159497464972_1632976433	1172101_01_s3_03_insidecruiseship_p01_n.bytes	6907	1429
5636522151779123182_4100759256	charactertest_ground01.bytes	1270	504
5640587560115057692_561156171	character_resource_video_06.bytes	799	405
5645246327023677433_386642957	1241104_03_s3_sb_02_trinityisland_p01_d.bytes	7329	1437
5645965233282436333_504541022	82233121_s2_03_52301_p01_d.bytes	9172	1766
5648957487416155135_1013544348	8442312_01_sb_01_park_p01_d.bytes	5627	1148
5652440264448578829_1255676549	1131204_01_s3_01_slumpia_p02_d.bytes	6403	1271
5653147559053501642_1347351539	6033101_eliminateraid_shirokuro_indoor_light_normal.bytes	2142	744
5654490422023725396_2416526252	6073407_eliminateraid_hod_indoor_elastic_torment_start2phase.bytes	5639	1628
5659523971077832196_3687682515	6071106_eliminateraid_hod_street_light_insane_start2phase.bytes	5605	1625
5663925760465035191_1640876026	character_resource_video_05.bytes	1328	416
5664990032216366955_2300358066	1211104_05_s3_01_destroyedstreet_p01_d.bytes	10398	2062
5665143362565996289_1750498369	8522306_01_sb_03_school_p02_d.bytes	4933	1195
5668919347572035947_1565221389	8033302_01_s3_boss_02_beach_p01_n.bytes	6719	1440
5670817502914108956_379133776	combattest_dtest04.bytes	1263972	338656
5673302345219487094_1307986372	1131201_01_s3_01_slumpia_p01_d.bytes	6957	1345
567394909329750937_3979570191	8122305_01_s3_sb_03_trinitychurch_p02_d.bytes	10130	1783
5678204380279285067_2647320621	270301_worldraid_en0020_street_v01_d.bytes	16171	2779
5679390836600509943_3963086167	sb_01_slumpia_p01_e_nodelayer.bytes	45092	333
5680852877037706198_3336021058	1242103_04_s3_sb_02_rainforest_p02_n.bytes	7757	1351
5681846881984034646_1205077894	chesedscenariotest.bytes	878	403
568271252248193936_3643219359	en0006_eliminate_unarmed_normal.bytes	3735	1022
5689025804026734044_115751035	9021_000_03_sportscenter_p01_02.bytes	9203	1234
5689198864921967295_43248829	1241103_04_s3_sb_02_trinityisland_p01_d.bytes	8952	1754
5690951466785179410_3364972248	1222103_06_s3_02_resort_p02_n.bytes	8287	1530
5697455753351671918_3029604568	1121104_04_s3_03_subway_p02_d.bytes	10254	2029
5699321556571265948_1616421301	8042301_01_s3_01_gehennaslum_p02_d.bytes	8810	1713
5708514841229594125_2056401047	259305_worldraid_en0002_indoor_extreme_start4phase.bytes	2361	820
5715823076639591008_1763416584	8182306_01_s3_02_playground_p01.bytes	8566	1752
5717912339110278714_1365067220	8552307_01_sb_03_buildinghallway_p01_n.bytes	6452	1216
5721221958892205297_1280584043	1172103_06_s3_03_insidecruiseship_p01_n.bytes	9192	1833
5730602729390193559_2239232212	1071104_03_s3_03_subway_p01_d.bytes	9916	2026
5732343186308812841_439619979	9122_000_03_sportscenter_p01_03.bytes	1673	567
573397468664941168_2723600768	rb_03_chesed_p01_d_e.bytes	1244252	321326
5734538327706374294_1638371145	258306_worldraid_perorozilla_indoor_insane_start3phase.bytes	9704	1309
5744905692000953741_719791160	1011205_01_s3_01_market_p02_d.bytes	7853	1615
5749649037639861804_1374637344	6073206_eliminateraid_hod_indoor_heavy_insane_start2phase.bytes	5603	1619
575024397632542357_3549952087	8093104_06_s3_02_newyearpath_p01_n.bytes	7600	1433
5752692806275232004_1006684410	7011314_01_s3_02_frozensea_p02_d.bytes	8924	1641
5753327583202541729_34533526	206306_raid_perorozilla_indoor_insane_start2phase.bytes	9490	1319
5755387906039916263_2466324824	206201_raid_perorozilla_outdoor_normal_start2phase.bytes	9506	1307
5759829459616818068_458144012	db_02_beachstage_01.bytes	581968	146351
5764552660898761154_3075574493	9322_000_01_sportscenter_p01_d_03.bytes	4092	1135
5766663484693584748_2143622862	sb_01_backstreet_p01_n_nodelayer.bytes	29572	279
5771423578142131544_1626484765	1181102_03_s3_01_ruins_p01_d.bytes	8449	1763
5771948014667213083_2771287780	60102_s1_boss_02_riverside_p01_d.bytes	3512	1018
5772767969532064753_141224537	sb_01_destroyedhighway_p02_n.bytes	882016	238746
5772899079006285073_3666337871	6093305_eliminateraid_en0005_indoor_unarmed_extreme.bytes	9312	1655
5774590354592038114_3308841208	1091105_01_s2_01_park_p01_d.bytes	8328	1782
5778113832294838020_249667028	1141201_01_s3_03_ruinedschool_p01_d.bytes	8481	1669
5779733391621709309_2006255938	sb_02_frozensea_p01_n_nodelayer.bytes	41912	202
5780444301278961660_4264595280	6062402_eliminateraid_perorozilla_outdoor_elasticarmor_hard.bytes	9661	1306
5781187286700107354_158104559	81532212_s2_01_shanhaijingstreet_p02_d.bytes	9114	1929
5782912263510916437_2141956390	208307_raid_goz_indoor_torment.bytes	12754	1398
5784241503881435232_288247456	9023_000_03_sportscenter_p01_01.bytes	9339	1204
5784866543468590092_3692555990	1191104_07_s3_boss_02_deserttrack_p01_d.bytes	6796	1325
5785290314437445317_1134391000	269101_en0015_street_d.bytes	1609	669
578749409910600583_1471624522	270301_worldraid_en0020_street_c_start3phase.bytes	1433	572
5790251192276238992_2587410121	sb_01_redwinterstreet_p01_d.bytes	1298356	347325
5790387278138870646_298512593	265204_worldraid_en0010_outdoor_d_2phase.bytes	1786	656
5794652589877712062_1386912510	8132306_01_s3_01_hyakkiyakomoviestreet_p02_d.bytes	8099	1483
580053978985140508_1300646778	6051101_eliminateraid_kaitengerraid_street_light_normal.bytes	4871	1440
5802189880547272976_3809228235	1171101_01_s3_03_insidecruiseship_p01_d.bytes	6905	1413
5802830806629547427_202530632	test_summon.bytes	7194	736
5807801974982871953_2306602378	test_rb_02_en0024_p01_n.bytes	1553	564
5810037021738649458_3244834076	82250221__03_52302_p02_d.bytes	11067	2073
5811391395233739486_445329603	sb_01_floodedruins_p02_n_nodelayer.bytes	24880	349
581188106998277947_2085159584	6052402_eliminateraid_kaitengerraid_outdoor_elasticarmor_hard_start2phase.bytes	1833	719
5815108591746747598_813691516	7021308_01_s3_02_en0009_p01_d.bytes	4098	1081
5816898545449175284_2454061341	8562310_01_02_forestriver_p01_n.bytes	7322	1636
5823582085218880835_884548483	1031201_01_s3_01_backstreet_p02_d.bytes	8425	1628
5823908897140728412_2754708533	8582310_01_sb_02_harbor_p01_d.bytes	7646	1432
5828141657952093340_4243705784	8053206_01_s3_boss_02_riverside_p01_n.bytes	10394	2122
5828772729158669266_166161662	sb_02_deserttrack_p02_n.bytes	1298080	378142
5828833104149155276_1585197781	6071307_eliminateraid_hod_street_unarmed_torment.bytes	7098	2158
5829337522976810935_1684992513	201104_raid_binah_street_hardcore_start2phase.bytes	2636	999
5829493575576646659_3690658207	711130110_sb_03_abandonedtunnel_p01_d_lore.bytes	6764	1734
5830666451249409172_1497888177	822421310_s1_03_52301_p01_d.bytes	4607	1079
5832824524198321832_1244253528	8061106_01_s3_03_insidecruiseship_p01_d.bytes	9172	1807
5835207227120951284_3321167275	6011301_eliminateraid_binah_street_unarmed_normal.bytes	5013	1623
5835835028490113257_2547333050	8211307_event821_hod_street_hardcore_start4phase.bytes	2944	940
583729946993120481_2896794035	207301_raid_hod_indoor_normal_start3phase.bytes	1541	663
5840996063922101812_507675155	6052301_eliminateraid_kaitengerraid_outdoor_unarmed_normal.bytes	5854	1580
5841269693334955726_500826227	201205_raid_binah_outdoor_extreme_start3phase.bytes	1820	732
5841370829791751840_3719299991	8162306_01_s3_01_backstreet_p01_d.bytes	7831	1572
5845472758784043466_2767565368	8031101_02_s3_boss_02_beach_p01_d.bytes	9427	1896
5848490318552373235_3989954588	sb_03_oldmansion_p02_n_nodelayer.bytes	26204	208
5850070209021692500_814692815	1041205_01_s3_02_desertcity_p02_d.bytes	8747	1726
5850455910332709444_1486458862	8173104_04_s3_sb_01_stadium_p01_n.bytes	7202	1406
5857812913955013072_478607813	1072102_03_s3_03_subway_p02_n.bytes	9975	2028
5861317732663166470_1682076864	6071407_eliminateraid_hod_street_elastic_torment_start3phase.bytes	1583	680
5864497823719134547_1228505960	6011402_eliminateraid_binah_street_elasticarmor_hard_start2phase.bytes	2645	1009
5866204763341020035_641425077	400010324_s3_02_valleyofsp_p02_d.bytes	1515	675
5872725950300270031_2189883868	8462303_01_sb_02_trainroof_p01_d_nosidetrain.bytes	5734	1178
5878270294646900156_3564716539	6052406_eliminateraid_kaitengerraid_outdoor_elasticarmor_insane_start2phase.bytes	1835	720
5879636801430224059_1595067555	1291104_02_s3_sb_02_cargostation_p01_d.bytes	6974	1590
5880626842803845743_387794199	8512309_01_sb_01_park_p02_n.bytes	6633	1241
5896632022897644591_3785386301	6031204_eliminateraid_shirokuro_street_heavy_hardcore_start2phase.bytes	898	451
5899794708989011066_2957510076	6093406_eliminateraid_en0005_indoor_elasticarmor_insane.bytes	9407	1654
5902366975725554665_1739385485	8022106_04_s3_01_market_p01_n_s.bytes	10683	2125
5903347302332711032_1298092219	822221210_s2_02_52201_p01_d.bytes	8114	1731
5904277154850034915_3312365193	sb_01_highway_p01_n.bytes	864116	245667
5905091765188448842_2548483160	sb_03_testlevel_91_p01_d.bytes	1469312	385660
5906733550032826156_2516885633	82223121_s2_03_52301_p01_d.bytes	9370	1771
5907687809891928930_61275437	6083201_eliminateraid_goz_indoor_heavy_normal_start2phase.bytes	753	346
5908495118080307119_1368128249	8091309_01_s3_01_backstreet_p01_n.bytes	7790	1543
5909006774311686137_2908247688	sb_03_insidecruiseship_p02_n_nodelayer.bytes	29572	231
5910127816424311114_309759355	8041304_01_s3_01_gehennaslum_p02_d.bytes	7821	1592
5911895288176729005_4047214444	1071203_01_s3_03_school_p02_d.bytes	10138	2054
5912359387139473371_1116189384	82232121_s2_03_52301_p01_d.bytes	8275	1735
5913518526218901415_1966139646	1031105_02_s3_01_highway_p02_d.bytes	7992	1638
5915501674711851133_949898684	6073404_eliminateraid_hod_indoor_elastic_hardcore_start3phase.bytes	1586	675
592455171168365440_1835779890	6012301_eliminateraid_binah_outdoor_unarmed_normal_start3phase.bytes	1827	742
5925340429959614122_798365450	8312301_01_s3_03_underground_p01_d.bytes	5549	1162
5927043432110903532_2413046771	8063102_06_s2_03_insidecruiseship_p02_n.bytes	8814	1869
5929359381255057647_728716841	8143104_03_s2_02_beach_p01_n.bytes	7292	1407
5929760847203575970_2826199024	203305_raid_shirokuro_indoor_extreme.bytes	2122	739
5930304958159626605_1726679595	201202_raid_binah_outdoor_hard_start2phase.bytes	3634	1293
5930943179898335976_238807628	1302101_05_s3_sb_01_wildhuntstreet_p01_n.bytes	6426	1308
5933937384656361287_1622735753	1021104_01_s2_01_market_p01_d.bytes	7955	1670
5934750353475610648_3472512347	1092103_03_s3_01_park_p02_n.bytes	9772	1998
5935079151491046462_2902708269	401000207_s3_01_shanhaijingstreet_p01_e.bytes	12288	2194
5942660932940295488_4058046445	1202103_09_sboss_03_buildinghallway_p01_n.bytes	8706	1515
5946047941616404692_1373868800	8131310_01_s3_01_hyakkiyakomoviestreet_p02_d.bytes	9917	1751
5946651303114187182_3290714321	sb_01_market_p01_d_s.bytes	1298360	344931
5947018816639052542_3379068973	1112101_05_s3_boss_01_highway_p02_n.bytes	6406	1072
5948952644409982377_2925690233	8053205_01_s3_02_riverside_p01_n.bytes	10470	2130
5952542954251527358_1458963373	8141306_01_s3_02_desertisland_p01_n.bytes	7794	1461
5953831597674466690_2308675120	30304_s3_boss_03_school_p01_d.bytes	21780	3389
5954875264693874321_2331426499	8313303_01_s3_boss_01_mainstreet_p01_d.bytes	7028	1561
5964432657866720011_2857531310	1172103_01_s3_03_insidecruiseship_p02_n.bytes	6656	1380
5964495909434759436_1532266960	6023303_eliminateraid_chesed_indoor_unarmed_veryhard_start2phase.bytes	820	389
5969142486436465708_1477921611	1302102_04_s3_sb_01_wildhuntstreet_p02_n.bytes	5878	1206
5971214950173605395_4138636522	8143305_01_s3_boss_02_desertisland_p02_d.bytes	16025	2086
5971920902335607017_1912915163	8083104_03_s3_02_hotsprings_p01_n.bytes	7413	1563
5972285387941777053_3347488353	sb_01_milleniumskyscraper_p01_e_nodelayer.bytes	24664	200
5972855080409377670_1053412312	8492304_01_sb_01_wildhuntstreet_p02_d.bytes	5517	1200
5975364812724622954_4067960920	sb_02_rainforest_p01_d.bytes	1298136	345988
5977485480863227076_3120159778	sb_01_riverpark_p01_n.bytes	1290456	372358
5979256821447855684_95537802	8123302_02_s3_sb_03_trinitychurch_p02_n.bytes	9071	1562
5980986857294805009_101525385	9313_000_02_playground_p01_03.bytes	4410	1184
5984534883202623113_1017283130	8111303_01_s2_boss_02_beach_p02_d.bytes	14101	2743
5984740942390456660_210800633	8163104_06_s3_01_mainstreet_p01_d.bytes	10442	1868
5985535915488624531_1358945655	270301_worldraid_en0020_street_c.bytes	11557	1962
5986577897086812935_1483220724	203305_raid_shirokuro_indoor_extreme_start2phase.bytes	891	447
5992413791371379679_2217962639	1142102_03_s3_03_ruinedschool_p02_n.bytes	9398	1852
5993229404744433915_730933944	en0006_eliminate_heavyarmor_insane_3phase.bytes	1248	533
5995196487277437615_920202368	6033405_eliminateraid_shirokuro_indoor_elasticarmor_extreme.bytes	2149	747
599688920547128046_902860585	6102404_eliminateraid_hovercraft_outdoor_elasticarmor_hardcore.bytes	2888	1040
6006728575589943906_1157669555	6093404_eliminateraid_en0005_indoor_elasticarmor_hardcore.bytes	9444	1662
6007337079115933158_3713173363	1211105_01_s3_01_ariusstreet_p01_d.bytes	8079	1590
6007625766754298697_4217605554	8436302_01_03_engineerlab_p01_d.bytes	682	372
6008811000431052583_2371536956	1242102_01_s3_sb_02_trinityisland_p01_n.bytes	7975	1500
6010769711023394208_3294455920	milleniumskyscraper_obastacle_p02_many.bytes	5428	1241
6013255799918157690_1879963158	1142103_05_s3_03_ruinedschool_p02_n.bytes	9398	1859
6014495180654633200_1201184459	203306_raid_shirokuro_indoor_insane_start2phase.bytes	890	441
6023863542267998691_3052623061	8243102_05_s3_sb_01_mainstreet_p02_d.bytes	9719	1749
6024196088294052278_198531887	1092102_02_s2_01_park_p01_n.bytes	8170	1769
6032529381203035957_1108117940	6063307_eliminateraid_perorozilla_indoor_unarmed_torment_start3phase.bytes	9729	1329
6033453857494999163_3664567285	400050214_s3_01_sb_02_snowmountain_p02_d.bytes	4798	1095
6035686003806877999_1102458070	8143104_01_s3_02_beach_p02_n.bytes	7378	1433
6042217236040137485_2726564164	6052304_eliminateraid_kaitengerraid_outdoor_unarmed_hardcore_start2phase.bytes	1832	719
6044366353327181859_3983498917	1192103_08_s3_02_snowmountain_p02_n.bytes	6920	1336
6046772300810204365_3140035859	31104_s1_boss_01_slumpia_p01_n.bytes	1972	610
604967843228928204_617112039	en0013_torment_2phase.bytes	2401	782
6050070329013098132_2236674709	8041307_01_s3_02_beach_p02_d.bytes	6990	1481
6051800523193125889_2127559159	6051201_eliminateraid_kaitengerraid_street_heavy_normal.bytes	4871	1440
6056682542123074111_3252424935	test_01_reainforest_p02_many.bytes	5028	1086
6064731849636764972_1233788234	6022103_eliminateraid_chesed_outdoor_lightarmor_veryhard_start2phase.bytes	824	386
6072658123803739949_2281388365	6071206_eliminateraid_hod_street_heavy_insane_start4phase.bytes	1144	525
6074348087239566425_1901176866	en0011_elasticarmor_section_04.bytes	16938	3723
6078823543068980766_3470219470	6011106_eliminateraid_binah_street_light_insane_start2phase.bytes	2645	1009
6080547416894328091_1590874568	sb_01_slumpia_p01_n_nodelayer.bytes	45092	325
6081320686054439859_734210884	30301_s3_boss_03_school_p01_d.bytes	23309	3097
6082179378764205725_3105210465	8102308_01_s3_01_destroyedhighway_p02_d.bytes	6878	1408
6083083058515678785_308071412	1051101_01_s2_02_deserttrack_p01_d.bytes	8446	1739
6083813323778585453_934055493	8022104_05_s3_01_redwinterstreet_p01_n.bytes	9518	1871
608772931059206360_3348471541	6022403_eliminateraid_chesed_outdoor_elasticarmor_veryhard.bytes	15838	1930
6091508932370120025_1310479293	8182304_01_s3_03_sportscenter_p02.bytes	8289	1575
6092390521572407819_1578735791	character_resource_test_03.bytes	1442	483
6098799844727582368_2967819464	en0006_eliminate_lightarmor_insane.bytes	3761	1027
6099801992742235302_321446216	c_sb_03_expresstrain_p01_little.bytes	16399	2384
609986536301765004_1004045878	8082108_04_s3_02_hotsprings_p02_d.bytes	9921	1957
6100121790181481428_1666542301	1222103_07_s3_02_resort_p02_n.bytes	8123	1507
6100376735080593397_2807684649	1111207_01_s3_01_mainstreet_p02_d.bytes	6822	1307
6102043483758649860_1152171003	1201104_06_s3_boss_03_sportscenter_p01.bytes	8150	1448
6106299439786043978_738573297	1151105_06_s3_01_mainstreet_p01_d_s.bytes	10321	1914
6107925636483971060_1787471300	30109_s3_boss_01_highway_p01_d.bytes	23168	3416
6112405093161634549_3204558342	6031406_eliminateraid_shirokuro_street_elasticarmor_insane_start2phase.bytes	898	450
6114227396539254975_776385080	en0006_eliminate_heavyarmor_hardcore_2phase.bytes	2566	887
6117006997324624023_1892519773	6083102_eliminateraid_goz_indoor_light_hard_start2phase.bytes	751	344
6117936809149941770_1954245458	8282304_01_s3_02_trinityisland_p01_n.bytes	7666	1590
6119761453150577237_767667629	1251103_05_s3_sb_01_hyakkiyakomatsuri_p02_d.bytes	11180	2164
6120392835475797573_1921864274	1101104_05_s3_01_ruins_p02_d.bytes	9090	1860
61242378186801599_3474891721	6052405_eliminateraid_kaitengerraid_outdoor_elasticarmor_extreme.bytes	5896	1584
6125762655926738948_1223938285	203101_raid_shirokuro_street_normal_start2phase.bytes	886	442
6129350667885775504_1308911481	6082207_eliminateraid_goz_outdoor_heavy_torment_start2phase.bytes	832	373
6132497765220676900_3638844100	8422308_01_s3_01_milleniumskyscraper_p01_n.bytes	5108	1157
6135096488130598976_2071855818	9101_000_01_stadium_p01_d_02.bytes	1676	569
6137751162897939502_3001567014	6073207_eliminateraid_hod_indoor_heavy_torment.bytes	7135	2155
6139961351086520352_2010766957	6071306_eliminateraid_hod_street_unarmed_insane_start3phase.bytes	1565	670
6143906367184993688_4115879223	db_02_beachstage_10.bytes	1012112	261556
6144678849653552542_1125509355	8131303_01_s3_01_hyakkiyakomoviestreet_p01_d.bytes	10025	1765
614640678514599223_987314952	8083102_01_s2_02_hotsprings_p02_n.bytes	5993	1339
614930228788182749_512765597	8512306_01_sb_01_park_p01_d.bytes	5259	1135
615043441670332008_260024110	263102_worldraid_kether_street_b_start2phase.bytes	1683	632
61522513340600048_2810334054	201201_raid_binah_outdoor_normal_start2phase.bytes	3636	1296
6156594582765322449_4002082659	8512312_01_sb_01_park_p01_n.bytes	6151	1262
6158065106679439882_540161653	1062101_02_s3_02_desertcity_p02_n.bytes	7005	1351
6159742609426928516_2803985757	6082307_eliminateraid_goz_outdoor_unarmed_torment_start2phase.bytes	829	369
6163596480519433139_4025623575	1172103_07_s3_03_insidecruiseship_p02_n.bytes	6654	1348
6167447790130617753_887802081	400010219_s3_03_buildinghallway_p01_d.bytes	11872	2538
6168229894166383053_1170278822	400010215_s3_01_mainstreet_p02_d.bytes	10017	1957
6170103130937217566_1168065051	1202101_05_s3_boss_03_sportscenter_p01_n.bytes	7494	1404
6173206660287452073_147281248	1082103_01_s2_03_underground_p01_n.bytes	9370	1894
6178722608614845242_1680802650	1082101_04_s3_boss_03_munitionsfactory_p01_n.bytes	9808	1560
617970545065514681_3373752509	1152102_04_s3_01_mainstreet_p01_n_s.bytes	10320	1916
6182889744124607913_1034651322	401000114_04_s1_03_buildinghallway_p01_d.bytes	5282	1263
6183611048922815534_1502967969	822321110_s2_03_52301_p01_d.bytes	8275	1734
6184772572708682700_1802150679	8532305_01_sb_01_hyakkiyakostreet_p02_d.bytes	6667	1239
6193139130273596744_3822818757	8332301_01_03_gehennapartyhall_p01_d.bytes	6015	1349
6194745073160386325_1818812841	8181303_01_s3_02_playground_p02.bytes	7895	1616
6198596953496720129_2843983389	6023406_eliminateraid_chesed_indoor_elasticarmor_insane_start2phase.bytes	823	391
6199868467331739572_3229332000	1242103_06_s3_sb_02_rainforest_p02_n.bytes	7757	1351
6202450864862506424_537499352	6071406_eliminateraid_hod_street_elastic_insane_start2phase.bytes	5629	1629
6210422477943178107_1617981647	1261105_06_s3_boss_sb_03_trinitychurch_p01_d.bytes	6908	1320
6213006005352076676_2425766104	255202_worldraid_binah_outdoor_hard.bytes	6676	2201
6213169488941230580_622169389	400030218_s3_03_school_p01_n.bytes	6911	1406
6215123029184961128_3935793795	8243303_01_s3_boss_sb_01_mainstreet_p02_n.bytes	12131	2455
6215137440480518808_1444130318	9988_goz_test.bytes	4580	1143
6216040684783567151_1131885363	8031302_01_s3_02_beach_p02_d.bytes	9074	1887
621878625277153676_122880698	8123302_03_s3_sb_03_trinitychurch_p01_n.bytes	9263	1636
6221768676539353787_3886703688	8163104_07_s3_01_mainstreet_p02_d.bytes	10779	1971
6221890970475387808_2963451209	256306_worldraid_chesed_indoor_insane_start2phase.bytes	803	372
6227536758603749073_2411019210	1112103_05_s3_01_mainstreet_p01_n.bytes	7082	1379
6228908232131472761_446299277	6033206_eliminateraid_shirokuro_indoor_heavy_insane_start2phase.bytes	901	453
6232006358304398275_2074847428	8283304_01_s3_boss_02_trinityisland_p01_n.bytes	11463	2507
6233760467412899572_3039267695	6052204_eliminateraid_kaitengerraid_outdoor_heavy_hardcore.bytes	5889	1583
6236379977664639596_2964000904	6082107_eliminateraid_goz_outdoor_light_torment.bytes	13393	1445
6238149005709252039_1972841719	8462307_01_sb_02_trainroof_p01_n_nosidetrain.bytes	5522	1121
623883423015030550_3922056399	8332304_01_03_gehennapartyhall_p02_d.bytes	5686	1398
6244056153273266062_4013258203	rb_01_hod_p01_nodelayer.bytes	57740	591
6246688861215286571_2701732416	8533303_01_sb_01_hyakkiyakostreet_p02_d.bytes	1672	722
6250230819556299630_847510062	permitgametimetest.bytes	2107	743
6250467102626319947_3626236635	1262102_01_s3_sb_03_trinitychurch_p01_n.bytes	6079	1277
6251627029034451142_3396048376	258303_worldraid_perorozilla_indoor_veryhard.bytes	9519	1300
625228106421998543_3156348665	6023206_eliminateraid_chesed_indoor_heavyarmor_insane_start2phase.bytes	821	389
6252340705793954498_1740929413	1171105_01_s3_03_insidecruiseship_p02_d.bytes	6838	1392
625446957775586886_3912233975	8183102_01_s3_01_stadium_p01_d.bytes	7902	1398
6255653487015619593_2135284189	270301_worldraid_en0020_street_v01_a_start3phase.bytes	5875	1340
6256892162571450680_1575338118	sb_02_beach_p02_d_nodelayer.bytes	29572	205
625885975754331907_1229975882	8336308_01_02_playground_p01_d.bytes	2601	840
6259233375745936439_3803153535	82200004_s2_03_52301_p01_d.bytes	8401	1781
6261145271942975305_1614405775	400030305_s3_01_destroyedstreet_p01_d.bytes	6025	1178
626787284670233782_472613615	6063101_eliminateraid_perorozilla_indoor_light_normal.bytes	9566	1312
6268463936635609786_213321087	1271105_04_s3_sb_02_trainroof_p01_d_nosidetrain.bytes	5604	1102
6269899228063322070_1235136799	6083205_eliminateraid_goz_indoor_heavy_extreme.bytes	12710	1408
6271752042199602_3635946335	6022107_eliminateraid_chesed_outdoor_lightarmor_torment_start2phase.bytes	823	383
6272526375446835233_2784027656	8602302_01_sb_02_beach_p01_d.bytes	5452	1028
6273817732058255914_3400980982	sb_01_hyakkiyakostreet_p02_d.bytes	1298356	346536
6275497673431309398_1915708526	9938_ch0309_story_test.bytes	11576	2354
6275941978192789735_1337687641	6011405_eliminateraid_binah_street_elasticarmor_extreme_start2phase.bytes	2648	1014
6277534261289859084_55181734	1151101_03_s3_01_redwinterstreet_p01_d.bytes	10239	1826
6279300759265436469_2669660386	8243102_04_s3_sb_01_mainstreet_p02_d.bytes	10491	1945
6280486995688400664_3346971897	1301104_02_s3_sb_01_wildhuntstreet_p01_d.bytes	4706	1024
6282866345507526481_369347484	9101_000_01_stadium_p01_d_01.bytes	1676	568
6284134274835207576_700835117	8472305_01_sb_02_resort_p02_n.bytes	6489	1231
628737082629308707_1918656000	1172102_02_s3_03_insidecruiseship_p02_n.bytes	6666	1362
6287576737816580486_3342316564	1091105_03_s3_01_park_p02_d.bytes	9782	1998
6288345062801624090_2747212692	8442306_01_sb_01_backstreet_p01_d.bytes	6137	1229
6289458597397815149_2863878353	82241213_s2_03_52302_p01_d.bytes	9227	1809
6292109576062209211_1150984734	1211105_05_s3_01_ariusstreet_p01_d.bytes	10237	2341
6292914037405581910_2943959523	8251305_01_s3_03_oldmansion_p01_n.bytes	2802	848
6293647211341693934_500928921	8031103_01_s3_02_beach_p01_d.bytes	8764	1819
6295432312474908712_1839101988	1031101_03_s3_boss_01_backstreet_p01_d.bytes	9924	2005
6297862056868364874_4215145442	8523303_01_sb_02_riverside_p01_d.bytes	4309	1046
6298280954045076034_2178765435	sb_01_mainstreet_p02_n_nodelayer.bytes	29572	522
6300008008490919437_362604360	8493302_01_sb_01_wildhuntstreet_p01_d.bytes	1813	668
6306570654209896881_3920870500	1091104_04_s3_01_park_p02_d.bytes	9953	2009
6307888571928944728_4013771703	1141101_01_s2_03_ruinedschool_p01_d.bytes	8558	1717
6310559800830397159_3056084357	1272102_02_s3_sb_02_trainroof_p01_n_nosidetrain.bytes	6332	1156
6311353563772514944_3068809715	8472302_01_sb_02_resort_p01_d.bytes	7091	1340
6315208184208272846_257922541	1092103_06_s3_01_park_p02_n.bytes	9943	2010
6317476600218410177_3701789634	6071205_eliminateraid_hod_street_heavy_extreme_start2phase.bytes	5611	1629
6321660077841178955_3294782983	8123104_06_s3_sb_03_trinitychurch_p02_n.bytes	9640	1702
6324424275479397860_1478650904	en0010_eliminate_unarmed_extreme.bytes	2166	788
6325121165501479079_2688757812	269101_en0015_street_c_2phase.bytes	879	435
6331367533002309486_2606898430	8602307_01_sb_02_galleon_p01_n.bytes	7009	1392
6333947669838072390_3696184091	1011104_03_s3_boss_01_mainstreet_p02_d.bytes	7821	1616
6337243049658890765_136583045	1061101_03_s3_02_desertcity_p01_d.bytes	5931	977
6338933255460703471_2631831008	8403302_01_s3_boss_shanhaijingstreet_p01_d.bytes	1559	458
6341050497431915336_2565802189	6051401_eliminateraid_kaitengerraid_street_elasticarmor_normal.bytes	4885	1439
6342030175879416904_2237560002	rb_02_en0008_p01_d_scenario01_nodelayer.bytes	18624	212
6342397186593093759_3072737586	sb_01_slumpia_p02_d.bytes	1272480	366201
6343364777803182455_3776449266	8143104_07_s3_02_beach_p01_n.bytes	9414	1981
63507389752237392_1159951749	test_command.bytes	5537	1224
6354469815324825485_978735373	8063304_01_s3_boss_03_insidecruiseship_p02_n.bytes	8791	1651
6354565225313650211_3514899303	1101102_04_s3_01_ruins_p02_d.bytes	9179	1838
6354827040806551334_573459345	6063206_eliminateraid_perorozilla_indoor_elasticarmor_insane_start2phase.bytes	9652	1329
6357925846340269775_3139097161	sb_02_cargostation_p01_d_nodelayer.bytes	38172	409
6359815209248046987_4152554409	1122103_02_s2_03_underground_p02_n.bytes	9955	1989
6361030197068285135_4049869809	8181306_01_s3_02_playground_p02.bytes	7711	1583
6363822690740212792_1784108529	8532304_01_sb_01_hyakkiyakomatsuri_p02_d.bytes	8582	1675
6369729738926023433_3005155123	8472303_01_sb_02_beach_p01_d.bytes	7157	1562
6371070713805925896_366848508	8162307_01_s3_01_park_p01_d.bytes	6589	1365
6371455230364250761_527207267	400010109_s3_01_mainstreet_p02_d.bytes	8545	1934
6372453246927294983_1356187155	8011308_01_s3_boss_sb_03_ruinedschool_p01_n.bytes	7657	1502
6374326379388707436_785282368	6063207_eliminateraid_perorozilla_indoor_heavy_torment.bytes	9795	1327
6375671043961632061_306416725	400030324_s1_03_hieronymus_p01_d.bytes	3224	762
6378065654326324318_771484386	1021203_01_s3_01_park_p01_d.bytes	8065	1581
6379033256290475286_1871676375	81522212_s2_02_desertisland_p01_d.bytes	7312	1455
6381705925052078260_3465568451	c_sb_02_galleon_p01_many.bytes	8183	1717
638474762734536103_2121308755	6073305_eliminateraid_hod_indoor_unarmed_extreme.bytes	7089	2147
6386607297021383766_2122790156	6022305_eliminateraid_chesed_outdoor_unarmed_extreme.bytes	15388	1922
6387392915575897026_2343282150	1252101_04_s3_sb_01_hyakkiyakomatsuri_p02_n.bytes	11504	2204
6387901667027082332_2972985933	8103102_04_s2_01_destroyedhighway_p02_n.bytes	8975	1773
6398423630684612239_1128894259	1201101_04_s3_03_buildinghallway_p01_d.bytes	7911	1431
6398647626984532865_3791476086	8093203_01_s3_02_newyearpath_p02_n.bytes	7678	1475
6399300034576982467_2653211420	en0006_normal_3phase.bytes	1252	537
6409789292705127211_615042966	255204_worldraid_binah_outdoor_hardcore_start2phase.bytes	3575	1325
6411534528434113512_1806606473	263101_worldraid_kether_street_a.bytes	2578	768
6413971781698836100_692584688	sb_02_desertcity_p01_n_nodelayer.bytes	29572	301
6418546697799764226_3612904506	sb_01_mainstreet_p01_d_s_nodelayer.bytes	28780	385
641906046276600841_169228397	1271101_03_s3_sb_02_trainroof_p01_d_nosidetrain.bytes	5800	1121
6419692591810087952_2820249483	8032305_01_s3_boss_02_beach_p02_n.bytes	6498	1447
6423133597181022860_1223361192	sb_02_hotsprings_p02_d_nodelayer.bytes	19512	202
6426461893495062624_807319880	82242212_s2_03_52302_p02_d.bytes	6187	1342
6428764303457042449_3141067190	203103_raid_shirokuro_street_veryhard_start2phase.bytes	888	447
6430868008660700998_219199902	character_resource_video_01.bytes	676	354
6432035450118267427_69942683	6031304_eliminateraid_shirokuro_street_unarmed_hardcore_start2phase.bytes	895	448
644103918193658988_1883899236	6071101_eliminateraid_hod_street_light_normal_start2phase.bytes	5599	1628
6445752461790439832_1971576474	1202102_03_s3_03_sportscenter_p01.bytes	6963	1324
6447564027179931407_2208644594	838440301_dc_02_beachstage_06.bytes	10162	1360
6447781638145923714_3806628300	damagetest_street_unarmed.bytes	610	343
6466759154040716789_2590448246	8612304_01_sb_02_harbor_p01_d.bytes	6562	1321
6467234907272044443_986011413	sb_02_desertcity_p02_n_nodelayer.bytes	29572	291
6467766319069126574_1988072520	8512310_01_sb_01_park_p01_n.bytes	5974	1251
6468108121012725708_3233155586	8592304_01_sb_02_riverside_p01_d.bytes	6389	1165
647458422006418796_2893746337	1101102_05_s3_boss_01_ruins_p02_d.bytes	9644	1894
6475891728454454535_2409619895	6073105_eliminateraid_hod_indoor_light_extreme_start2phase.bytes	5608	1618
6484104928544118061_3698809440	1151105_07_s3_boss_01_mainstreet_p01_d_s.bytes	10464	1968
6484647391533317578_697667815	1052103_05_s3_boss_02_excavation_p01_n.bytes	11976	2373
648551475756496692_91266441	8021103_01_s3_01_market_p01_d_s.bytes	10117	2028
6486776888439337815_12173957	9956_newleveltest_02.bytes	16183	1254
6488191889866166052_2224797931	8043202_01_s3_boss_01_gehennaslum_p02_n.bytes	7539	1626
6493386849326867260_379305167	8191302_01_s3_01_gehennaslum_p01_d.bytes	13023	2606
6497765569812122989_1302203633	6012405_eliminateraid_binah_outdoor_elasticarmor_extreme.bytes	6972	2208
6500928176696798923_3247540488	9012_000_02_playground_p01_01.bytes	9179	1189
6507135131837402575_2488480724	6073303_eliminateraid_hod_indoor_unarmed_veryhard.bytes	7102	2145
6509077257284392295_753216003	401000209_02_s2_01_ruins_p01_e.bytes	20164	2599
6510311835582285929_3767805708	1141204_01_s3_03_ruinedschool_p02_d.bytes	9062	1831
6510837743572001817_3138517354	82200011_s2_03_52302_p01_d.bytes	9136	1783
6511338814127067454_3737191999	6071406_eliminateraid_hod_street_elastic_insane.bytes	7150	2160
6511433503474721992_3496198217	6083302_eliminateraid_goz_indoor_unarmed_hard.bytes	12664	1403
6513483616977305761_2085242562	8492311_01_sb_01_wildhuntstreet_p02_d.bytes	5707	1198
6513976626813579043_660282108	8443303_01_s3_01_mainstreet_p01_d.bytes	690	341
651501032935326262_1070838076	8062109_01_s2_02_beach_01_d_p02.bytes	5665	1368
6516685303831601962_2656039665	8082112_06_s3_boss_02_hotsprings_p01_d.bytes	9832	2015
6518923012725083258_1111343845	8031102_03_s3_boss_02_beach_p02_d.bytes	9059	1971
6528067425931695743_2727869949	8203102_05_s3_01_mainstreet_p02_d.bytes	10531	1940
6530336887584967171_3393978488	1141101_03_s3_03_ruinedschool_p02_d.bytes	9566	1868
6530916147040642074_706443075	1302102_01_s3_sb_01_wildhuntstreet_p01_n.bytes	6880	1364
6532527708310827715_3744470777	81522121_s2_02_desertisland_p02_d.bytes	6968	1399
6536766208522486135_942901556	6052303_eliminateraid_kaitengerraid_outdoor_unarmed_veryhard_start2phase.bytes	1832	719
654023075572702305_3753827688	1021105_03_s3_boss_01_mainstreet_p01_d.bytes	10450	2170
6543711027544972565_3955083435	1021101_03_s3_boss_01_park_p02_d.bytes	7493	1624
6545511503124863357_2669411658	8163104_09_s3_boss_01_mainstreet_p01_d.bytes	10266	1871
6547657402949698749_2762751334	8192307_01_s3_01_market_p02_d_s.bytes	10184	2072
654771300820516712_782966492	en0010_eliminate_unarmed_hardcore_2phase.bytes	943	452
655145962951154334_2106759369	8012303_01_s3_boss_sb_01_hyakkiyakostreet_p02_d.bytes	10467	1954
6554653549511217010_3334937597	8051308_01_s3_01_shanhaijingstreet_p02_d.bytes	9944	1996
6555240833949543819_1648022310	1161104_02_s3_02_riverside_p01_d.bytes	10716	2208
6560979790588307704_1327375141	sb_03_underground_p02_n_nodelayer.bytes	21344	126
6562417876129761635_991753604	401000113_s3_01_schalestreet_p01.bytes	24222	4150
656712012846844277_234344606	8141304_01_s3_02_desertisland_p01_d.bytes	8090	1527
6567954011271205826_854650255	1201101_05_s3_boss_03_buildinghallway_p01_d.bytes	7895	1423
6570385763517131961_2457873757	8336302_01_02_hotsprings_p03_d.bytes	4428	1159
6574061656184587217_2423673950	1141202_01_s3_03_ruinedschool_p01_d.bytes	8481	1665
6576140031905982230_203668399	1102101_02_s3_01_ruins_p01_n.bytes	9244	1828
6577700239747482644_1676928960	264301_worldraid_en0011_indoor_a.bytes	17657	3911
6583489954817499498_3858816091	1162101_03_s3_02_excavation_p02_n.bytes	7057	1517
658419868343980102_2435953187	260201_worldraid_binah_outdoor_a_start2phase.bytes	2046	835
6586485071173960796_2327310648	1111208_01_s3_01_mainstreet_p01_d.bytes	7082	1377
6587654651210574428_3967428978	sb_01_park_p01_d_nodelayer.bytes	29568	214
6592103397932696418_340443364	206206_raid_perorozilla_outdoor_insane_start3phase.bytes	9492	1305
6596096853105560126_480719068	sb_01_milleniumskyscraper_p02_n.bytes	931616	233490
659755928665362244_707354357	1141101_02_s3_03_ruinedschool_p01_d.bytes	9688	1777
6598623291672825603_3764458588	1282103_08_s3_sb_01_hyakkiyakotraditionalstreet_p02_n.bytes	8670	1469
6599608668701111858_4228356062	1061202_01_s3_02_snowmountain_p01_d.bytes	5932	971
6601929398646233124_1307942934	6063203_eliminateraid_perorozilla_indoor_heavy_veryhard.bytes	9568	1315
6602025608684678723_54199926	8593304_01_sb_01_shanhaijingstreet_p02_n.bytes	670	357
6607535275208176431_576737048	6093106_eliminateraid_en0005_indoor_lightarmor_insane.bytes	9363	1652
6607863213485796742_2666216920	1102102_04_s3_01_ruins_p02_n.bytes	9090	1868
6609570313525670023_3066597367	9012_000_02_playground_p01_03.bytes	9179	1189
6614045303015070623_4294701572	6031202_eliminateraid_shirokuro_street_heavy_hard_start2phase.bytes	894	449
6614604597281468642_2882052275	6051107_eliminateraid_kaitengerraid_street_light_torment_start2phase.bytes	1451	651
6616955364390081703_944476766	rb_03_hod_p01_insane.bytes	2480504	662767
6621717468769487028_3519369235	6082301_eliminateraid_goz_outdoor_unarmed_normal.bytes	13214	1435
6625468090903248330_2000039009	401000112_s3_03_buildinghallway_p01_n.bytes	10368	1932
6633267152398728524_2884599359	sb_03_ruinedschool_p01_d_nodelayer.bytes	29572	276
6638445781247944320_1268711084	203104_raid_shirokuro_street_hardcore_start2phase.bytes	888	446
6639960381012903251_3235027166	1061101_02_s3_02_desertcity_p02_d.bytes	6857	1330
6641418170768101288_1508664401	6012207_eliminateraid_binah_outdoor_heavy_torment_start3phase.bytes	1831	744
6648705593061585722_1863609829	sb_02_harbor_p01_n_nodelayer.bytes	49648	292
6652884953420227998_2813260495	203103_raid_shirokuro_street_veryhard.bytes	2114	747
6657506036505050324_2696050801	257105_worldraid_hod_street_extreme.bytes	7096	2151
6657673996818885534_658735672	81512111_s2_02_hotsprings_p01_d.bytes	8800	1918
6657921429164088716_4200753144	6073404_eliminateraid_hod_indoor_elastic_hardcore_start2phase.bytes	5644	1621
6658921840260837023_1174164011	8173102_05_s3_sb_03_sportscenter_p01.bytes	6895	1291
6660717947697845592_3046532747	8021202_01_s3_01_redwinterstreet_p01_d.bytes	9904	1886
6661164365296587733_1456549462	255203_worldraid_binah_outdoor_veryhard_start2phase.bytes	3575	1325
6663240054174787106_1734541898	6071401_eliminateraid_hod_street_elastic_normal_start3phase.bytes	1581	679
666367724947583962_3547956557	8473301_01_sb_02_desertisland_p02_d.bytes	28625	2615
6667392678027336452_279089473	8123104_09_s3_boss_sb_03_trinitychurch_p01_n.bytes	9259	1697
6671555336073830960_1401694560	202204_raid_chesed_outdoor_hardcore_start2phase.bytes	813	376
667353922025919152_1340088564	1282101_04_s3_sb_01_hyakkiyakostreet_p02_n.bytes	7630	1403
6679109962341070382_1065200917	1022103_03_s3_boss_01_mainstreet_p01_n.bytes	9683	1840
6679832358205591292_2810652339	1291105_05_s3_sb_02_cargostation_p01_d.bytes	7465	1743
6680163794537392071_1056700971	30102_s3_boss_01_highway_p01_d.bytes	18273	2987
6682156635804945750_1657794494	sb_01_ruins_p02_n_nodelayer.bytes	29572	312
6683144434507081080_1146695298	8261304_01_s3_boss_01_shanhaijingstreet_p02_d.bytes	7256	1555
6684001200983958340_2226136413	c_sb_01_wildhuntstreet_p02_many.bytes	5919	1323
6684381584094776311_3928091081	1041202_01_s3_02_riverside_p02_d.bytes	8332	1714
6686116288977275687_3466771925	sb_02_snowmountain_p01_n_nodelayer.bytes	29572	161
6686356106144927715_1761865748	sb_02_temp65_p01_d_test.bytes	2181880	587710
6687492900345677854_754485663	82232212_s2_03_52301_p02_d.bytes	6966	1508
6690231633424884420_1171764492	sb_01_mainstreet_p02_d.bytes	1298256	361018
6690599814918205331_2023794216	8142308_01_s3_sb_02_rainforest_p02_d.bytes	8650	1503
6693628282176078438_902523102	8602305_01_sb_02_beach_p01_n.bytes	5813	1044
6694167948872741749_304216653	8353303_01_s3_hyakkiyakostreet_p01_d.bytes	3630	914
6703952392256736154_1165746919	sb_02_desertisland_p01_n.bytes	1298136	346032
6705932599121455395_2306905859	6022201_eliminateraid_chesed_outdoor_heavyarmor_normal.bytes	15538	1927
6706148639379244331_4036631203	1212101_01_s3_01_ariusstreet_p01_n.bytes	7595	1542
6707558701650862522_1350083841	1292103_05_s3_sb_02_cargostation_p01_n.bytes	7335	1597
6708196076211238235_3687611597	8143303_01_s3_boss_sb_02_rainforest_p01_n.bytes	5754	1324
671243694747205400_4141790033	263104_worldraid_kether_street_d_start2phase.bytes	1683	638
6714704182680579964_2882074965	82243213_s2_03_52302_p02_d.bytes	6465	1378
6715054601409410930_1978801985	en0010_eliminate_heavyarmor_hardcore.bytes	2174	790
6716242513610818122_2175676587	204304_raid_hieronymus_indoor_hardcore.bytes	5858	1480
6717781811222915146_2923980275	8103104_03_s2_01_destroyedhighway_p01_n.bytes	6289	1331
6720014465908602751_1389544758	1121206_01_s3_03_underground_p02_d.bytes	11379	2129
6722771627841921717_4292187724	1202101_04_s3_03_sportscenter_p01_n.bytes	7188	1339
6723093585110813093_2723063546	rb_02_en0006_p01_d_scenario01.bytes	677992	145965
6731453633800887661_1315703688	en0009_section_03.bytes	4818	1131
6732604202732018844_1731894670	6011307_eliminateraid_binah_street_unarmed_torment_start3phase.bytes	1153	542
6743322284996508736_1150416952	1111103_02_s3_01_mainstreet_p02_d.bytes	5810	1218
6752344299291531721_1183533664	8061303_01_s3_03_insidecruiseship_p02_d.bytes	9603	1956
6754587194345103657_2397893679	9312_000_02_playground_p01_02.bytes	4382	1183
6755195149790221691_1624998307	1131104_04_s3_01_slumpia_p01_d.bytes	6962	1266
6759714294428522144_441417411	1061204_01_s3_02_snowmountain_p01_d.bytes	6096	998
6761917384774640583_2140667178	253105_worldraid_shirokuro_street_extreme.bytes	2098	733
6767552475847098122_2385423668	8173102_02_s3_sb_03_sportscenter_p01.bytes	8140	1392
6768468038900913843_3508804694	sb_01_gehennaslum_p02_d.bytes	1298288	367412
6771731230686480793_1249040460	8053304_01_s3_boss_01_shanhaijingstreet_p02_n.bytes	28562	2400
677174891116920089_3954013392	6093302_eliminateraid_en0005_indoor_unarmed_hard.bytes	9246	1652
6775459361518251274_901268091	6073303_eliminateraid_hod_indoor_unarmed_veryhard_start3phase.bytes	1571	670
6779653862742482053_3911206508	1151104_02_s3_01_mainstreet_p01_d_s.bytes	7070	1393
6783531947732238460_2063144317	1262103_01_s3_sb_03_trinitychurch_p02_n.bytes	6286	1260
6788944579169366076_338076721	6041106_eliminateraid_hieronymus_street_lightarmor_insane.bytes	4265	1280
6789374707452609275_19332497	30204_s3_boss_02_deserttrack_p01_d.bytes	22168	3337
6791585036746091858_1698519652	6031305_eliminateraid_shirokuro_street_unarmed_extreme.bytes	2126	748
6791788982501965104_1236159151	255205_worldraid_binah_outdoor_extreme.bytes	6679	2206
6795695166750875549_2979321232	db_02_beachstage_09_nodelayer.bytes	18992	138
6800928898609625975_3019186798	sb_01_stadium_p01_d_nodelayer.bytes	35784	166
6801170762994203773_1571846624	sb_01_market_p02_d.bytes	1298356	334245
6801247563678884933_2109287976	6073206_eliminateraid_hod_indoor_heavy_insane.bytes	7122	2146
6801684302953968738_1032338293	9303_000_01_stadium_p01_d_04.bytes	4117	1136
6807184978047398717_4126183458	201204_raid_binah_outdoor_hardcore_start2phase.bytes	3638	1297
6815557168772613531_4151545111	81550215_s2_02_resort_p02_n.bytes	10680	2029
6817223687798093461_3955354796	8322312_01_02_forestriver_p01_n.bytes	9230	1793
6820419119447424654_1245396565	207306_raid_hod_indoor_insane_start2phase.bytes	5471	1604
6822345584125715966_2588491004	6011105_eliminateraid_binah_street_light_extreme.bytes	5017	1626
6822577452725475747_3295875904	257105_worldraid_hod_street_extreme_start4phase.bytes	1134	515
6824504592967136211_726249782	1221104_05_s3_02_resort_p02_d.bytes	8287	1531
6826315936879300761_1815754109	8203104_01_s3_01_market_p01_d.bytes	8211	1431
6826603340202762295_2562867104	1241103_01_s3_sb_02_rainforest_p02_d.bytes	6456	1242
6830352568842019462_5617112	1241105_06_s3_sb_02_trinityisland_p01_d.bytes	7544	1392
6831206298871055640_2289511506	9936_addiuitest.bytes	4724	1217
6833654727402948037_638246049	1192101_03_s3_02_deserttrack_p01_n.bytes	6727	1322
6833705876550938749_3341441771	82222121_s2_02_52201_p01_d.bytes	8114	1730
6835917449368165511_3710771540	6073201_eliminateraid_hod_indoor_heavy_normal_start2phase.bytes	5596	1617
6837327215298981919_727535800	6083306_eliminateraid_goz_indoor_unarmed_insane.bytes	12817	1404
6838085104840266815_2097567566	8601308_01_sb_02_galleon_p01_d.bytes	6772	1390
6839341154009332357_3992041801	6073204_eliminateraid_hod_indoor_heavy_hardcore_start4phase.bytes	1146	525
6842281779681957067_3838922727	207104_raid_hod_street_hardcore.bytes	7002	2145
6845315719669630906_4225258659	en0006_eliminate_heavyarmor_normal.bytes	3747	1024
6846885303040974401_2720028473	8183104_03_s2_02_playground_p01.bytes	7559	1294
6848814266618572111_3524852361	sb_03_oldmansion_p01_n_nodelayer.bytes	28624	186
6852476018539380289_1882613281	6033403_eliminateraid_shirokuro_indoor_elasticarmor_veryhard.bytes	2151	752
6854907837247513518_2087530895	sb_02_riverside_p02_n.bytes	1298376	428423
6854964632721266577_2198422482	6083103_eliminateraid_goz_indoor_light_veryhard.bytes	12695	1406
6856773915744078726_560588206	7013304_01_s3_01_floodedruins_p02_n.bytes	20393	3376
6857989244670507466_896513005	6073407_eliminateraid_hod_indoor_elastic_torment_start3phase.bytes	1583	680
6865844553499292913_46231819	6102306_eliminateraid_hovercraft_outdoor_unarmed_insane.bytes	2868	1030
6872350546966619969_1450572030	1201101_01_s3_03_buildinghallway_p01_d.bytes	6800	1297
6884094527011281675_2114176687	1211104_06_s3_boss_01_destroyedstreet_p01_d.bytes	10714	2067
6884712327158361254_3614195640	8123104_05_s3_sb_03_trinitychurch_p02_n.bytes	9025	1617
6886466910725808203_2012248844	sb_01_shanhaijingstreet_p02_n.bytes	1190232	333558
688917193876505058_3994741640	400020209_s3_03_buildinghallway_p01_n.bytes	7154	1554
6890036882096494331_71447196	400030306_s1_01_destroyedstreet_p01_d_1.bytes	2565	636
6893031851951314735_2835952240	267102_en0013_street_b.bytes	3590	1099
6893033230886871995_3701761017	6012106_eliminateraid_binah_outdoor_light_insane_start2phase.bytes	3647	1311
6900791792425593827_1150231938	260202_worldraid_binah_outdoor_b_start2phase.bytes	2046	835
6906331424213976941_1786364312	1191101_01_s3_02_snowmountain_p01_d.bytes	10224	1987
6911207381565503968_3307742955	sb_02_52201_p01_d.bytes	1298068	345391
6911215842409575114_2889884252	256304_worldraid_chesed_indoor_hardcore.bytes	13741	1733
6913548434888522971_1365215586	8461309_01_sb_02_cargostation_p02_d.bytes	8990	1937
6913968236951280700_1998613286	1061103_02_s3_02_snowmountain_p01_d.bytes	6049	1000
6916420260801971837_1430182494	838440101_dc_02_beachstage_04.bytes	7394	1083
6916461765639697756_2759914532	en0011_heavyarmor_section_04.bytes	16886	3720
6921536177055153131_4052016706	1201201_01_s3_03_buildinghallway_p01_d.bytes	8591	1553
6923018919583870359_1432223765	1131203_01_s3_01_slumpia_p02_d.bytes	6564	1292
6925074332085612258_468072149	210207_raid_hovercraft_outdoor_torment_start2phase.bytes	1547	633
6925742231235084777_984434823	8562308_01_02_forestriver_p01_d.bytes	7147	1568
6926048741149205009_3436112492	8062106_02_s3_02_beach_01_d_p02.bytes	7232	1572
6927979649859450111_1145623979	6022202_eliminateraid_chesed_outdoor_heavyarmor_hard_start2phase.bytes	820	389
692808979089183337_1824681760	en0009_heavyarmor_section_02.bytes	4818	1134
6929509560588970743_3947134468	8183102_04_s3_01_stadium_p02_d.bytes	7933	1392
6930228506872140068_3921523191	6073304_eliminateraid_hod_indoor_unarmed_hardcore.bytes	7102	2144
6930275450915640730_1918415884	6011206_eliminateraid_binah_street_heavy_insane_start3phase.bytes	1155	546
6938749258565592984_3081866745	sb_01_floodedruins_p02_d.bytes	1075716	290906
6939918666465121071_3871304237	8442310_01_sb_03_school_p03_d.bytes	5076	1158
6942548900754993359_2643829695	1211401_01_s3_boss_01_destroyedstreet_p01_n.bytes	11412	2255
6944798638236133738_2668203044	6071102_eliminateraid_hod_street_light_hard_start4phase.bytes	1143	527
6946475992325756913_1714545501	1121102_04_s3_03_subway_p01_d.bytes	10529	2119
6948065703550657947_101883064	1221105_01_s3_02_resort_p01_d.bytes	7642	1455
6954575214464125654_1543149373	205103_raid_kaitengerraid_street_veryhard.bytes	4808	1432
6957512374671623999_3041202438	8211307_event821_hod_street_hardcore_start3phase.bytes	3112	992
6958653620878311364_3169977848	1302103_01_s3_sb_01_wildhuntstreet_p02_n.bytes	6511	1420
695952250791038361_4246933360	en0010_veryhard.bytes	2152	786
6961880404912734796_511638763	6051206_eliminateraid_kaitengerraid_street_heavy_insane.bytes	4878	1441
6966687257557106415_1867406498	8062101_02_s3_02_beach_01_d_p01.bytes	9562	2012
696739344095704697_2059331644	6022103_eliminateraid_chesed_outdoor_lightarmor_veryhard.bytes	15688	1928
6969336067185449195_453842770	sb_03_ruinedschool_p01_d.bytes	1298136	346159
6973213548304112890_759820473	6062105_eliminateraid_perorozilla_outdoor_light_extreme.bytes	9612	1308
6973708326936757859_4281475530	8131305_01_s3_01_hyakkiyakomoviestreet_p02_d.bytes	9945	1774
6973900300498662551_3352969269	1211101_01_s3_01_ariusstreet_p01_d.bytes	7359	1526
6977075452793752142_4060130609	sb_02_trainroof_p01_d_nodelayer.bytes	77124	619
697724520294623385_2338745249	6023404_eliminateraid_chesed_indoor_elasticarmor_hardcore.bytes	14825	1780
697901912947861634_3996066941	6073306_eliminateraid_hod_indoor_unarmed_insane.bytes	7083	2146
6984082803589060333_2482518237	1161105_02_s3_02_excavation_p01_d.bytes	10125	2180
6984309312913006105_2848279336	sb_01_wildhuntstreet_p01_d.bytes	2482384	655671
6985389489811061868_4262374260	9202_000_01_stadium_p01_d_01.bytes	6626	1267
6994704941490199584_1167983300	6011305_eliminateraid_binah_street_unarmed_extreme_start2phase.bytes	2643	1006
6998877109591425934_2053758346	6071303_eliminateraid_hod_street_unarmed_veryhard_start2phase.bytes	5587	1627
7008897537982860439_3455362765	6082104_eliminateraid_goz_outdoor_light_hardcore_start2phase.bytes	833	374
7011404229200082523_3107520757	sb_01_hyakkiyakostreet_p02_d_nodelayer.bytes	29572	224
702040899740224140_2448109347	1282103_03_s3_sb_01_hyakkiyakostreet_p01_n.bytes	7623	1489
7021146844744094437_1119134596	209302_raid_en0005_indoor_hard.bytes	8428	1574
7024222437206558789_2586394206	sb_01_riverpark_p01_n_nodelayer.bytes	29388	199
702839697388091017_2645447956	81521111_s2_03_insidecruiseship_p02_d.bytes	8783	1852
703118081981890955_3226616639	6011105_eliminateraid_binah_street_light_extreme_start2phase.bytes	2646	1009
7032352083131568181_3351979713	8322304_01_02_forestriver_p01_n.bytes	7459	1618
7033414083305003211_894153046	6011102_eliminateraid_binah_street_light_hard.bytes	5014	1625
7035463592236947851_1406421060	1091203_01_s3_01_market_p02_d.bytes	10644	2024
7036637578464318409_32667675	8081106_01_s3_02_hotsprings_p02_d.bytes	9844	1965
7044454178628157002_2607338131	sb_02_beach_p02_n_nodelayer.bytes	29572	205
7047059686182005225_712259437	1281105_01_s3_sb_01_hyakkiyakostreet_p01_d.bytes	7258	1437
7048444414464015630_2863237201	1231104_03_s3_03_oldmansion_p01_d.bytes	10136	2114
7051682776006811011_9221966	sb_02_deserttrack_p01_n.bytes	1297744	378565
7055942018689933047_3115737039	206308_raid_perorozilla_indoor_lunatic.bytes	9752	1315
7056008285913599151_2039272731	6071303_eliminateraid_hod_street_unarmed_veryhard.bytes	7105	2153
7058161000274002179_4134883956	1031104_01_s2_01_backstreet_p01_d.bytes	8226	1940
7059374868580500022_1765886383	6062403_eliminateraid_perorozilla_outdoor_elasticarmor_veryhard_start2phase.bytes	9671	1320
7061461530323763080_2353351752	1111101_02_s3_01_highway_p02_d.bytes	7192	1427
7066569791485508054_238978205	8082112_05_s3_02_hotsprings_p01_d.bytes	10007	1956
7066910388363903523_2336099168	8434306_01_03_milleniumdatacenter_p01_d.bytes	3827	619
7067006918159605794_3736389941	201204_raid_binah_outdoor_hardcore_start3phase.bytes	1821	733
7067189730159711201_1112315243	8182303_01_s3_03_sportscenter_p02.bytes	8177	1559
7068161460417946079_3573245809	6062304_eliminateraid_perorozilla_outdoor_unarmed_hardcore_start2phase.bytes	9541	1316
707905237098157555_4100010615	en0013_veryhard_3phase.bytes	1156	526
7088474032294483398_3244283951	6083206_eliminateraid_goz_indoor_heavy_insane_start2phase.bytes	753	346
7089118582700616127_1923495135	8092307_01_s3_02_newyearpath_p01_d.bytes	7685	1427
7091605207935063782_1344533833	en0006_lunatic_3phase.bytes	1254	536
7098880502248264874_1919682801	400030420_s1_03_trinitychurch_p01_n.bytes	8565	1601
7099414248560842022_899143104	rb_02_kaitengerraid_p01_d_nodelayer.bytes	50360	340
7099524335358400443_3636371054	8032301_01_s3_boss_02_beach_p02_d.bytes	6499	1427
7100151307276642871_546628731	1281104_03_s3_sb_01_hyakkiyakostreet_p01_d.bytes	7258	1436
7102276161583381924_4200758248	6063204_eliminateraid_perorozilla_indoor_elasticarmor_hardcore_start2phase.bytes	9626	1327
71031818729992206_929940058	8083305_01_s3_boss_02_hotsprings_p01_n.bytes	11411	1889
7103252092239952326_2178749174	8172312_01_s3_boss_sb_03_sportscenter_p01_n.bytes	7259	1404
7106503426951400097_2647375325	8253102_01_s3_03_oldmansion_p02_d.bytes	9376	2062
7107173709254230463_2956609898	207105_raid_hod_street_extreme.bytes	6989	2141
7112825466330726049_2939400486	81550212_s2_02_resort_p02_n.bytes	10989	2174
7115267138561581173_3317726594	c_sb_01_destroyhyakkiyakomatsuri_p01_many.bytes	13008	2051
7116629214581573497_390345077	ch0265test2.bytes	1396	696
7118225350627259891_817811658	8202307_01_s3_01_market_p02_d.bytes	11715	2289
711889120002394906_2750810815	sb_01_schalestreet_p01_nodelayer.bytes	54040	385
7122043184292885517_951494073	sb_01_hyakkiyakomatsuri_p01_d_nodelayer.bytes	32336	217
712552643559118178_3681670373	sb_03_basement_p02_d.bytes	619152	188720
7125623983004922109_2863344612	8041309_01_s3_boss_02_beach_p01_d.bytes	6994	1608
712659642226406366_3299766725	1151201_01_s3_01_redwinterstreet_p01_d.bytes	6720	1305
7128248978848267368_2961840062	207304_raid_hod_indoor_hardcore_start3phase.bytes	1547	662
7129278374581166885_3668776355	400050112_s3_01_hyakkiyakotraditionalstreet_p01_d.bytes	2395	958
7129703975427198971_87875221	6083301_eliminateraid_goz_indoor_unarmed_normal_start2phase.bytes	750	343
7136682208754244159_1382888961	8412311_01_s3_03_school_p01_n.bytes	6138	1341
7139515893672200896_1987474590	400000002_s3_01_schale_p01.bytes	8114	2310
7141020098460639586_4100853754	82200001_s2_03_52301_p01_d.bytes	6469	1386
7142172719345317842_4168809859	9011_000_02_playground_p01_01.bytes	9203	1185
714375988093058196_4253442957	db_02_beachstage_02.bytes	581968	146324
7143806773533798770_1167487192	1081105_05_s3_boss_03_underground_p02_d.bytes	12175	2305
7146843871727710250_465798928	81511111_s2_02_hotsprings_p01_d.bytes	8154	1855
7147236107568496968_4117178263	1131104_03_s3_01_slumpia_p01_d.bytes	6962	1254
7147412168415257668_1450585049	sb_01_backstreet_p01_d_nodelayer.bytes	29572	279
7150990532498778884_958504363	8093104_04_s3_02_newyearpath_p02_n.bytes	10109	2023
7155994575219381682_2648553430	1021304_s1_01_schalestreet_p01_d.bytes	4408	1227
7158543394092779019_3957635324	6051202_eliminateraid_kaitengerraid_street_heavy_hard_start2phase.bytes	1448	648
7159310548769246419_99149275	1111104_01_s1_01_mainstreet_p02_d.bytes	4251	1021
7159761791464074908_357584396	1272102_04_s3_sb_02_trainroof_p01_n_nosidetrain.bytes	6576	1180
7166468961633644751_3704421408	8422306_01_s3_01_milleniumskyscraper_p01_d.bytes	7014	1272
7167656479873163693_2886193033	sb_02_newyearpath_p01_d_nodelayer.bytes	28868	202
7173330223940290523_1646193041	1021101_02_s1_01_park_p02_d.bytes	4215	1068
7176197040711813343_3899742475	8063102_07_s3_03_insidecruiseship_p02_n.bytes	9603	1956
7177895505170976435_139049298	6033301_eliminateraid_shirokuro_indoor_unarmed_normal_start2phase.bytes	898	449
7178370516004329089_1493190184	1202103_04_s3_03_buildinghallway_p01_n.bytes	6987	1318
7182733216453449444_1062013701	1222103_02_s3_02_resort_p01_n.bytes	7642	1455
7186200266750326727_1283440798	1192103_05_s2_02_snowmountain_p02_n.bytes	6063	1250
7186757235160396150_3153723283	1141103_04_s3_boss_03_ruinedschool_p02_d.bytes	9718	1887
7186858448069679421_737279288	1172103_05_s3_03_insidecruiseship_p01_n.bytes	9192	1846
7188508393623512607_1725130987	6062301_eliminateraid_perorozilla_outdoor_unarmed_normal_start3phase.bytes	9545	1309
7189150847158343314_3898388046	208203_raid_goz_outdoor_veryhard.bytes	13160	1429
7199907833710603869_1590885386	sb_02_playground_p02_n.bytes	1564444	398778
7203038836366841792_3828400	6051307_eliminateraid_kaitengerraid_street_unarmed_torment.bytes	4864	1441
7206834672393472211_2718837259	sb_01_mainstreet_p01_d_test_tt.bytes	1263632	337776
7210265813487936238_1026975973	82250231__03_52301_p01_d.bytes	4607	1077
7210734521241530309_1291913064	254302_worldraid_hieronymus_indoor_hard.bytes	5824	1461
7214890181984450183_2051016750	en0006_eliminate_lightarmor_hardcore_2phase.bytes	2566	888
7216545420691676761_2817118742	6071407_eliminateraid_hod_street_elastic_torment_start4phase.bytes	1147	528
7217840871698800378_945114718	8462306_01_sb_03_subway_p02_n.bytes	5596	1221
7224661077479930854_1210667312	30105_s3_boss_01_highway_p01_d.bytes	24142	3422
7228741664905021115_2745809610	1131103_01_s2_01_slumpia_p01_d.bytes	5937	1220
7230613648881537651_859966088	1141205_01_s3_03_ruinedschool_p01_d.bytes	8145	1647
7232530155972571106_963396322	8302307_01_s3_03_expresstrain_p01_d.bytes	15909	2249
7234596671082609542_414616225	c_sb_01_destroyhyakkiyakomatsuri_p02_many.bytes	11993	1917
7234702258725615673_1833814881	1292101_02_s3_sb_02_cargostation_p02_n.bytes	7992	1725
7235398816826894641_1135855987	82231111_s2_02_52201_p01_d.bytes	9393	1816
7237828165138362643_2465910488	8051303_01_s3_01_shanhaijingstreet_p01_d.bytes	10184	2060
7240268147557120337_330214550	rb_01_en0022_p01_n.bytes	1458948	344007
724215592370079087_747157855	1192102_02_s3_02_snowmountain_p01_n.bytes	6760	1344
7243155468915494521_1738868583	6102402_eliminateraid_hovercraft_outdoor_elasticarmor_hard.bytes	2872	1035
7244163860591472446_1102027286	6071203_eliminateraid_hod_street_heavy_veryhard_start3phase.bytes	1581	676
7247042880104412746_2375060481	rb_02_en0010_p01_d_nodelayer.bytes	57124	299
7251582377414680522_3363475398	6071107_eliminateraid_hod_street_light_torment_start2phase.bytes	5617	1631
7253665810590430605_3011568457	8402307_01_s3_01_shanhaijingstreet_p02_d.bytes	5837	1176
7256048498162208893_435388145	401000217_01_s3_01_milleniumskyscraper_p01_e.bytes	6774	1396
7258182013662367530_694028104	enemytestlogicground.bytes	13	17
7258182013662367530_694028104	logicground_free.bytes	458567	32886
7258182013662367530_694028104	logicground_hard.bytes	166588	11534
7258182013662367530_694028104	logicground_normal.bytes	166381	11426
7258182013662367530_694028104	logicground_test_2.bytes	165639	11171
7260566392460558906_2203055473	8552305_01_sb_03_buildinghallway_p01_d.bytes	7088	1252
7263713469824186192_3477738237	1102103_06_s3_boss_01_ruins_p02_n.bytes	10571	2108
7264094147907251425_1233319749	sb_01_hyakkiyakotraditionalstreet_p02_n.bytes	1100460	293628
7267908996086794982_3877774400	1242103_02_s3_sb_02_rainforest_p02_n.bytes	6722	1245
7269011810342764038_2935809666	8591310_01_sb_01_shanhaijingstreet_p02_d.bytes	8130	1399
7270841616722457042_3542103550	6012406_eliminateraid_binah_outdoor_elasticarmor_insane_start3phase.bytes	1832	745
7273363541692167690_1263665618	1211201_01_s3_01_destroyedstreet_p01_d.bytes	7382	1481
7275233579518519259_446260518	8203102_06_s3_boss_01_mainstreet_p02_d.bytes	10828	1986
7281211240583540409_999547106	6102403_eliminateraid_hovercraft_outdoor_elasticarmor_veryhard.bytes	2888	1041
728134338080248100_2865757450	8561308_01_02_forestriver_p01_n.bytes	8324	1839
7282568232175301041_4082711639	6031303_eliminateraid_shirokuro_street_unarmed_veryhard_start2phase.bytes	895	449
728669846180094002_1666418902	201205_raid_binah_outdoor_extreme.bytes	6959	2195
7288221540590186909_2368805065	822311110_s2_02_52201_p01_d.bytes	9393	1816
7289701170726511009_3809061461	204301_raid_hieronymus_indoor_normal.bytes	5852	1478
7290066708991316148_2119409740	8082104_04_s3_boss_02_hotsprings_p02_d.bytes	9578	1950
7291897885061845005_394649671	8352305_01_s3_hyakkiyakotraditionalstreet_p01_d.bytes	6607	1205
7292797963842111846_1105421907	822311310_s2_03_52301_p01_d.bytes	4607	1079
7295793939529553645_979802977	8553303_01_sb_01_milleniumskyscraper_p01_d.bytes	811	403
7295918327918624745_270921262	8033103_08_s3_boss_02_beach_p02_d.bytes	10002	2181
7297268170478369131_2700071339	sb_01_hyakkiyakotraditionalstreet_p01_d_nodelayer.bytes	23440	176
7302987163196907544_1530608937	sb_01_gehennaslum_p01_e_nodelayer.bytes	51264	308
7304356648620255357_1589644663	6063206_eliminateraid_perorozilla_indoor_heavy_insane.bytes	9594	1315
7305034778953511186_691186273	en0006_storytest.bytes	2002	666
7306460097735246680_1636255268	1082102_01_s1_03_underground_p01_n.bytes	8138	1735
7307908952473489520_3870726025	1232102_02_s3_03_oldmansion_p01_n.bytes	7907	1678
7311537918156880407_1489568469	82200008_s2_03_52301_p02_d.bytes	6966	1508
731156415151615602_2575302510	8563302_01_02_forestriver_p01_d.bytes	5117	1344
731607204295283247_398491323	1182103_05_s3_01_ruins_p02_n.bytes	8801	1811
7320935715793820944_3899133508	sb_02_forestriver_p01_d.bytes	4848280	1240361
7322827386435860817_3032292430	1231105_03_s3_03_oldmansion_p01_d.bytes	10136	2116
7325102569217574902_3921571792	30504_s3_boss_03_oldmansion_p01_n.bytes	11766	2262
7331909234009991054_3360394028	6022406_eliminateraid_chesed_outdoor_elasticarmor_insane_start2phase.bytes	824	393
7336088620532480448_2047385019	6063304_eliminateraid_perorozilla_indoor_unarmed_hardcore_start3phase.bytes	9502	1318
7336427230770603519_2584917307	6063302_eliminateraid_perorozilla_indoor_unarmed_hard_start2phase.bytes	9492	1313
7336563258067997604_3465289304	sb_01_backstreet_p02_d_nodelayer.bytes	29572	269
7341582617760386877_327285846	6102204_eliminateraid_hovercraft_outdoor_heavyarmor_hardcore_start2phase.bytes	1550	632
7341813458195145745_1790018901	400030419_s1_03_hieronymus_p01_d.bytes	7996	1324
7342086599292158562_590215971	1202101_01_s3_03_sportscenter_p01_n.bytes	6963	1324
7346152501713909079_3893966739	205204_raid_kaitengerraid_outdoor_hardcore.bytes	5756	1569
7346608541216122410_2238592259	6071402_eliminateraid_hod_street_elastic_hard_start3phase.bytes	1575	673
7349329219780060763_25686322	8091304_01_s3_01_mainstreet_p01_n.bytes	10271	1917
7349492467784333419_1563517181	8334301_01_03_underground_p01_d.bytes	12449	2446
7349764735712969055_2125851598	8161305_01_s3_01_park_p01_n.bytes	9199	1994
7350540801989573236_2342829387	203303_raid_shirokuro_indoor_veryhard_start2phase.bytes	892	446
7351321861945436304_4126236180	1161102_01_s3_02_riverside_p02_d.bytes	10113	2158
7352713364612658517_2889592199	60202_s1_boss_01_gehennaslum_p02_d.bytes	3697	1109
735351044273871350_4160220432	1241104_01_s3_sb_02_rainforest_p02_d.bytes	6711	1265
7356085582337088399_630516427	sb_02_frozensea_p02_d.bytes	1294884	329622
7356451731545116629_2594441710	82242121_s2_03_52302_p01_d.bytes	8714	1851
736420276231281951_135543088	8032104_04_s3_boss_02_beach_p01_d.bytes	9349	2016
7365472413068553843_4023949536	6023106_eliminateraid_chesed_indoor_lightarmor_insane.bytes	19211	1988
7365763647902363620_50417391	1011202_01_s2_01_mainstreet_p02_d.bytes	7109	1519
7366309243899555509_2622324736	822321310_s1_03_52301_p02_d.bytes	9158	2037
7366957363496561122_4262539544	8032108_07_s3_boss_02_beach_p01_n.bytes	9687	2054
7376534331633084502_392767354	8033103_03_s3_02_beach_p02_d.bytes	8632	1900
7381900771227809542_1649661600	264303_worldraid_en0011_indoor_c.bytes	16858	3723
7382571588858946443_831731694	8273104_03_s3_boss_02_harbor_p01_n.bytes	8257	1759
7386135658547694102_2181338685	sb_01_gehennaslum_p01_n.bytes	1298372	398764
7390384241574071846_3097913594	6062401_eliminateraid_perorozilla_outdoor_elasticarmor_normal.bytes	9663	1307
7391631179328212754_4187034222	1271103_02_s3_sb_02_trainroof_p01_d_nosidetrain.bytes	5749	1089
7393080873157797846_4044296437	6011401_eliminateraid_binah_street_elasticarmor_normal_start3phase.bytes	1157	548
7395196211784417227_3091327706	8481302_01_sb_02_desertisland_p02_d.bytes	5834	1177
7395762683057633074_2178576897	8031103_03_s3_boss_02_beach_p01_d.bytes	8915	1849
739648378132467849_116374853	1121105_02_s2_03_underground_p02_d.bytes	10115	2014
7399716676338345892_426046180	damagetest_street_elastic.bytes	611	339
7402440333009937534_1697833565	1021102_01_s1_01_mainstreet_p01_d.bytes	4716	1144
7402810145774822474_1357565115	en0006_eliminate_lightarmor_torment_3phase.bytes	1250	536
7404523333279594562_1429042454	1101208_01_s3_01_ruins_p01_d.bytes	8995	1815
7405433018296152153_3132474590	sb_03_oldmansion_p01_d.bytes	1256992	323802
7406659191628768092_1621748502	8022106_06_s3_boss_01_market_p01_n_s.bytes	10693	2126
7407471469206532183_864494338	9212_000_02_playground_p01_01.bytes	6626	1265
7408536922497044269_1641699117	7012304_01_s3_02_deserttrack_p02_d.bytes	20448	2730
7409127491729117838_2240327086	6062201_eliminateraid_perorozilla_outdoor_heavy_normal.bytes	9611	1306
7409176372114941443_4196548331	1161104_07_s3_boss_02_riverside_p02_d.bytes	7002	1489
7410745614447714510_3377657828	207302_raid_hod_indoor_hard_start4phase.bytes	1131	510
7411938178262199210_3691306219	1121104_05_s3_boss_03_subway_p01_d.bytes	11342	2180
7414721620302050607_897873551	en0008_fifthsection.bytes	4148	1168
7417863166036700698_4018241841	sb_03_ruinedschool_p02_d.bytes	1298136	346012
7420896301429518411_4260857681	1161102_03_s3_02_riverside_p01_d.bytes	6790	1468
7421086597213182490_1904013195	1091103_01_s2_01_park_p01_d.bytes	8004	1753
7426927778519397858_3965433910	206206_raid_perorozilla_outdoor_insane.bytes	9480	1298
7429545346661810252_4142125246	8162305_01_s3_01_mainstreet_p01_d.bytes	7575	1537
7432071160281409370_42493246	1271105_05_s3_sb_02_trainroof_p01_d_nosidetrain.bytes	6088	1151
7433186122743139854_3607045627	1291103_03_s3_sb_02_cargostation_p02_d.bytes	7324	1672
7435108315269695813_34046941	6073405_eliminateraid_hod_indoor_elastic_extreme.bytes	7154	2149
7444246826749815916_1286363395	8351309_01_s3_hyakkiyakotraditionalstreet_p01_d.bytes	8110	1617
7447859343178676581_1472094272	8023302_01_s3_boss_01_redwinterstreet_p01_d.bytes	10609	1703
7449911749332915520_984506415	sb_01_stadium_p02_n_nodelayer.bytes	35784	166
7451535305625289926_1025577451	270301_worldraid_en0020_street_v01_a_start2phase.bytes	11033	2129
7453598379401498379_569372734	8062106_05_s3_02_beach_01_d_p01.bytes	9319	2001
7455902010125949308_4061193952	209301_raid_en0005_indoor_normal.bytes	8467	1569
7457665187488645942_4236389380	6062303_eliminateraid_perorozilla_outdoor_unarmed_veryhard_start3phase.bytes	9547	1312
745847341094413608_3335100441	6052106_eliminateraid_kaitengerraid_outdoor_light_insane.bytes	5882	1586
7459620332129284635_1165174078	1272102_03_s3_sb_02_trainroof_p01_n_nosidetrain.bytes	6332	1138
7459811965726821782_2449668834	400050223_s3_01_sb_01_hyakkiyakomatsuri_p02_c.bytes	5838	1383
7461749141126324247_483792931	82222131_s1_boss_02_52201_p01_d.bytes	8110	1800
7462909334318828261_3940162437	6073402_eliminateraid_hod_indoor_elastic_hard.bytes	7115	2144
7463539788078447248_2779251408	7012310_01_s3_01_floodedruins_p02_n.bytes	20698	2800
7465394179056163751_927389765	9222_000_03_sportscenter_p01_01.bytes	6626	1268
7467024555022210074_3357471483	8143104_02_s3_02_beach_p01_n.bytes	7454	1400
7467496982424308592_271121718	sb_01_schale_p01.bytes	2374408	692981
7469376180133394561_3526590319	822411310_s2_03_52302_p01_d.bytes	9179	1962
7472741644646003592_277772519	8281303_01_s3_02_trinityisland_p01_d.bytes	4428	1177
7474388113456554393_203337215	6023305_eliminateraid_chesed_indoor_unarmed_extreme_start2phase.bytes	819	380
7477745051559100546_3977873297	8242303_01_s3_sb_01_market_p01_d.bytes	11133	2195
748668536806749260_953162315	8142307_01_s3_sb_02_rainforest_p02_d.bytes	8649	1513
7487222183792659052_1350065530	8292302_01_s3_02_snowmountain_p01_d.bytes	4980	1051
7489806829133532823_3947394463	6102301_eliminateraid_hovercraft_outdoor_unarmed_normal.bytes	2870	1049
7491372753082159510_1200667889	8572311_01_sb_01_backstreet_p02_n.bytes	6681	1225
7491954989540570321_3779048789	8172308_01_s3_sb_01_stadium_p01_d.bytes	7226	1406
7492452175683062633_981423501	30505_s3_boss_03_oldmansion_p01_n.bytes	11766	2262
7495958395244639587_4198352068	6022303_eliminateraid_chesed_outdoor_unarmed_veryhard_start2phase.bytes	821	383
7496612678785995016_2848533944	1082103_02_s2_03_underground_p01_n.bytes	9370	1890
7498844539222834243_739286612	8013102_07_s3_01_hyakkiyakostreet_p02_n.bytes	7968	1408
7500712296730830428_3462301558	6023305_eliminateraid_chesed_indoor_unarmed_extreme.bytes	14399	1772
7505754986128602828_3253005882	en0006_eliminate_unarmed_hard_3phase.bytes	1238	530
750927707661204609_283695370	401000314_04_s3_03_52301_p02_d.bytes	6122	1225
7509283068414605991_907677363	6102206_eliminateraid_hovercraft_outdoor_heavyarmor_insane_start2phase.bytes	1544	632
751764377080349056_3542322787	8303303_01_s3_boss_03_expresstrain_p01_d.bytes	18978	2961
7522811934726384775_4154502546	6031404_eliminateraid_shirokuro_street_elasticarmor_hardcore.bytes	2138	750
7522887094612396591_2949653056	en0011_elasticarmor_section_01.bytes	16938	3723
7523007558037463723_1586850094	sb_03_52301_p01_d.bytes	1298136	345918
7524278727418196607_2830130308	6063201_eliminateraid_perorozilla_indoor_elasticarmor_normal_start2phase.bytes	9624	1325
7524501117383441112_3376909236	sb_01_highway_p02_n_s.bytes	1017248	267874
7535426573151905933_3287668880	82223111_s2_02_52201_p01_d.bytes	9531	1804
7538172110477467423_4114033113	1151101_01_s2_01_redwinterstreet_p01_d.bytes	8521	1657
7548990781784519776_341279210	6011402_eliminateraid_binah_street_elasticarmor_hard.bytes	5016	1626
7563123101291872388_523656131	6063107_eliminateraid_perorozilla_indoor_light_torment.bytes	9795	1327
7567931793957353688_2177175868	8462309_01_sb_02_cargostation_p01_d.bytes	6309	1479
7568269172352551756_1751058844	400040217_s3_01_backstreet_p02_d.bytes	13536	2260
7568808405748912599_1470242483	1281101_01_s3_sb_01_hyakkiyakostreet_p01_d.bytes	7258	1442
7571894282711172146_3073759124	8512307_01_sb_01_park_p01_d.bytes	4905	1094
7576558550734369487_2703217093	1272101_03_s3_sb_02_trainroof_p01_n_nosidetrain.bytes	6092	1140
7579140632624192712_2725193619	6071401_eliminateraid_hod_street_elastic_normal.bytes	7144	2160
758048581396513762_326299372	1081101_04_s3_boss_03_munitionsfactory_p01_d.bytes	9649	1510
758083672481149391_1394318359	1212102_05_s3_01_destroyedstreet_p01_n.bytes	10142	2000
7584444283778880428_2513703533	6071204_eliminateraid_hod_street_heavy_hardcore_start3phase.bytes	1581	676
7584456097758433738_2765184791	8091308_01_s3_01_backstreet_p02_n.bytes	7259	1423
7587318346959928925_363969706	8123104_02_s3_sb_03_trinitychurch_p01_n.bytes	8814	1624
7588748775708538560_1590586510	rb_03_perorozilla_p01_d_nodelayer.bytes	36352	389
7591334379124384304_2499417375	1202102_01_s3_03_sportscenter_p01.bytes	6963	1324
7595546181472375379_4219639080	6031306_eliminateraid_shirokuro_street_unarmed_insane_start2phase.bytes	893	448
7597494453830440109_1365708269	rb_02_hovercraft_p01_nodelayer.bytes	97428	538
760539883575856382_877792755	9956_newleveltest.bytes	24052	2028
7607356443073189279_4244650096	sb_01_hyakkiyakomatsuri_p02_c.bytes	1419592	376185
7607758549270552913_2814939016	8442309_01_sb_03_school_p03_d.bytes	5076	1148
7608765727970530998_3614632591	6063107_eliminateraid_perorozilla_indoor_light_torment_start2phase.bytes	9801	1336
7608922921678213253_2009280881	1191105_04_s3_02_snowmountain_p02_d.bytes	6676	1342
7609576098266129376_39956352	8163102_05_s3_boss_01_backstreet_p02_d.bytes	9478	1898
761006248677465930_164604486	8132307_01_s3_01_hyakkiyakomoviestreet_p02_d.bytes	10433	1810
761142347717485393_711909621	6083101_eliminateraid_goz_indoor_light_normal_start2phase.bytes	753	346
7615475004384915463_658533796	6063206_eliminateraid_perorozilla_indoor_heavy_insane_start2phase.bytes	9600	1327
7618121401841836965_3030540426	c_sb_03_tatamiroom_p01_many.bytes	9640	1691
7618478687869368684_3816147897	6073202_eliminateraid_hod_indoor_heavy_hard_start2phase.bytes	5572	1616
7630925308187480781_1717683248	256304_worldraid_chesed_indoor_hardcore_start2phase.bytes	805	369
7632800960676057661_1792541387	1122103_03_s3_03_underground_p01_n.bytes	10873	1970
7636965753889502010_1224029994	8031105_01_s3_02_beach_p02_n.bytes	9075	1895
7637087875478081381_3751130020	1301105_06_s3_boss_sb_01_wildhuntstreet_p01_d.bytes	6789	1313
7638860295341455448_867383067	401000212_02_s3_01_slumpia_p01_e.bytes	6686	1245
7639524131543797305_3736116885	261301_worldraid_chesed_indoor_a_start2phase.bytes	806	365
7640264675622475467_2122700336	en0006_insane_3phase.bytes	1252	536
7646795614973267455_1853046347	81541212_s2_02_resort_p01_d.bytes	7374	1451
7649622069621699963_1725826470	1151103_01_s3_01_redwinterstreet_p01_d.bytes	6720	1315
7649847983305934319_2626795694	1232103_06_s3_03_oldmansion_p01_n.bytes	9604	2065
7652990571928918541_461045188	8172301_01_s3_sb_01_stadium_p01_d.bytes	8095	1464
7655374075340765958_4103037550	8612305_01_sb_02_harbor_p02_n.bytes	7072	1508
7657089851406560531_1581665639	6011204_eliminateraid_binah_street_heavy_hardcore_start3phase.bytes	1157	548
7658423350679704854_4073233134	en0006_hard_3phase.bytes	1248	533
766214572922033042_3584046811	8182308_01_s3_03_sportscenter_p02.bytes	8633	1699
7663362524397821157_3489657255	sb_01_stadium_p02_n.bytes	1571476	398040
7674356527771152818_3424730466	8402311_01_s3_01_shanhaijingstreet_p02_n.bytes	5837	1207
767472199874612206_2355130010	1081102_04_s3_boss_03_munitionsfactory_p01_d.bytes	9814	1526
7675540277131710263_1707843641	sb_02_trainroof_p01_n.bytes	2007212	535010
7676919271573111680_3396439786	9985_newleveltest.bytes	11842	1943
7678545329895107763_2246839873	1042103_02_s3_02_desertcity_p02_n.bytes	7178	1528
7680229612001600092_4112785906	8033201_01_s3_02_beach_p01_d.bytes	9107	1884
7681419663155183382_3064623863	6051406_eliminateraid_kaitengerraid_street_elasticarmor_insane_start2phase.bytes	1452	652
7683006670524318713_1515110902	1201207_01_s3_03_sportscenter_p01.bytes	8329	1529
7687103789182974267_370701585	c_sb_02_cargostation_p02_many.bytes	11334	2279
7692587756353199875_11791500	8082310_01_s3_boss_02_hotsprings_p01_d.bytes	7721	1594
7696165885872838088_3076838215	6023202_eliminateraid_chesed_indoor_heavyarmor_hard_start2phase.bytes	819	379
769943810344436354_1090043061	8103102_03_s3_01_destroyedhighway_p01_n.bytes	6380	1372
7699880513908124278_2293227888	206208_raid_perorozilla_outdoor_lunatic_start3phase.bytes	9693	1320
7705976109993073107_3262641846	401000314_03_s3_03_52301_p02_d.bytes	5739	1043
7706004087407437993_3994059994	1231101_05_s3_boss_03_oldmansion_p01_d.bytes	9354	2011
7706962683054116539_2362961274	201104_raid_binah_street_hardcore.bytes	5007	1616
7707381212169649354_3585379401	6093102_eliminateraid_en0005_indoor_lightarmor_hard.bytes	9312	1653
7707936578157245010_4097359494	270301_worldraid_en0020_street_v01_b.bytes	16171	2780
7708334123012132535_1371578301	6022301_eliminateraid_chesed_outdoor_unarmed_normal.bytes	15313	1920
7718292963046350466_2872471054	1132102_04_s3_01_slumpia_p01_n.bytes	6956	1263
7719581595119896287_3711847324	400010103_s3_01_mainstreet_p02_d.bytes	9003	2001
7720731582602377622_3951818521	8321307_01_02_forestriver_p01_d.bytes	7932	1684
7722572342143172693_3413840051	sb_02_cargostation_p02_n.bytes	2597516	679372
7726426398643238058_1313094496	en0009_section_05.bytes	4818	1131
7730362414384557745_2512896558	400010207_s3_02_deserttrack_p02_d.bytes	6914	1434
7732531285971531139_3086449697	hod.bytes	6379	1867
7733736027062193747_345501274	8271309_01_s3_02_harbor_p02_d.bytes	10184	1926
7734199439297587145_1557457759	rb_02_perorozilla_p01_d_nodelayer.bytes	22252	257
773805224397573674_74725720	rd_02_en0011_p01_s_nodelayer.bytes	40616	852
7746100241328965192_1680256389	8301302_01_s3_03_expresstrain_p01_d.bytes	11790	1873
7748879066466972146_3887071053	202206_raid_chesed_outdoor_insane.bytes	18087	2056
7749380556470642567_2413523486	sb_03_oldmansion_p02_d_nodelayer.bytes	26204	208
7756536527876835249_2372162159	sb_03_school_p02_d_nodelayer.bytes	21160	231
7758610483334464428_2856365038	8081303_01_s3_02_hotsprings_p02_d.bytes	9844	1947
7758674546886833107_2984808041	8273102_01_s3_02_harbor_p01_d.bytes	10127	1790
7759207568494060860_4180285314	9320_000_01_sportscenter_p01_d_03.bytes	4109	1137
775987738758255197_1841623112	6011102_eliminateraid_binah_street_light_hard_start2phase.bytes	2643	1007
7761959082627678531_1412332732	rb_03_chesed_p01_d.bytes	1244296	321711
7762029094746735794_552053298	rb_01_hod_p01_s_nodelayer.bytes	57740	591
7764011825664749583_76191378	6041206_eliminateraid_hieronymus_street_heavyarmor_insane_start2phase.bytes	1983	764
7770838047655402423_322324653	8182307_01_s3_03_sportscenter_p02.bytes	8443	1610
7774705755604269225_3187507504	1112101_02_s3_01_highway_p02_n.bytes	7143	1426
7775038754300118512_3345978372	1282103_05_s3_sb_01_hyakkiyakotraditionalstreet_p02_n.bytes	8670	1470
7777922332269851275_2736344386	6083207_eliminateraid_goz_indoor_heavy_torment_start2phase.bytes	754	347
7781342236442977082_3519276817	8242312_01_s3_boss_sb_01_schale_p01.bytes	7290	1552
7781746902730677723_1598146660	sb_02_desertcity_p02_d_nodelayer.bytes	29572	291
7781986424601129741_2284553735	c_sb_03_expresstrain_p02_many.bytes	14196	2248
7781999636812361877_2194934374	sb_01_slumpia_p02_n.bytes	1272480	366201
7785922327912917850_320954560	257106_worldraid_hod_street_insane_start4phase.bytes	1133	513
7786434968948760095_1402856668	en0011_skilltest.bytes	8192	2232
7787174290745612434_3064135701	1221105_06_s3_boss_02_resort_p01_d.bytes	8427	1641
7792228016606931877_3367468650	8592310_01_sb_02_rainforest_p01_d.bytes	6058	1117
7796552810328281104_775192890	8442303_01_sb_03_school_p03_d.bytes	4260	1038
7798422039546225118_2414775090	en0013_normal_2phase.bytes	2392	777
7798805201068169251_1609217183	8511307_01_sb_01_park_p01_d.bytes	1655	617
7799978506872548047_3281209210	204106_raid_hieronymus_street_insane.bytes	4167	1274
7801539428919622153_3362514900	sb_03_abandonedtunnel_p02_d_lore_nodelayer.bytes	74924	356
7804613786241992628_1168763179	6083203_eliminateraid_goz_indoor_heavy_veryhard_start2phase.bytes	755	348
7804740482033489283_3368222780	8062104_03_s3_02_beach_01_d_p01.bytes	9562	2034
780963044310465920_3125212776	1072102_02_s1_03_subway_p01_n.bytes	7946	1792
7815908004223728852_4128430865	9995_overtest02.bytes	4010	1219
7816521978445288140_4067692896	1162101_04_s3_02_excavation_p01_n.bytes	10290	2202
7820860425679396731_1933201549	1072102_04_s3_03_subway_p02_n.bytes	10136	2064
7828074312762344591_919968136	8423302_01_s3_03_buildinghallway_p01_d.bytes	1515	612
7829169975478173466_474157106	8403304_01_s3_boss_shanhaijingstreet_p02_n.bytes	1988	695
7829646271188865497_2363440530	sb_01_redwinterstreet_p01_e.bytes	1298356	347332
7831621918113182658_380382996	8132304_01_s3_01_hyakkiyakomoviestreet_p01_d.bytes	7666	1451
7836018887186730495_424052380	1091104_03_s3_01_park_p02_d.bytes	9953	2009
7841104349797471452_1355708688	8272306_01_s3_02_harbor_p02_d.bytes	7920	1697
7841584960750297476_1556436381	6102103_eliminateraid_hovercraft_outdoor_lightarmor_veryhard_start2phase.bytes	1550	641
7843242007254711323_4233449323	9961_newleveltest.bytes	18847	1478
7843797646274658477_2828096326	1141105_01_s3_03_ruinedschool_p01_d.bytes	9686	1821
7844073350234411078_3537159858	400050108_s3_01_hyakkiyakostreet_p01_d.bytes	6034	1426
7851773118642957446_4025749606	8081304_01_s3_02_hotsprings_p01_d.bytes	10123	1982
7853102523589247071_706955964	822321310_s1_03_52301_p01_d.bytes	9694	1994
7860002273226423748_3781789218	en0006_eliminate_unarmed_torment_3phase.bytes	1244	530
7860987544962283059_1617081588	31103_s1_boss_01_slumpia_p01_n.bytes	1972	611
7861663404282714249_3679998741	257101_worldraid_hod_street_normal_start4phase.bytes	1133	513
78642056610120031_2848670280	6071202_eliminateraid_hod_street_heavy_hard_start2phase.bytes	5575	1626
7866422480952860213_1765853849	1232103_04_s3_03_oldmansion_p01_n.bytes	9604	2067
7867548475258533955_3391301613	6051205_eliminateraid_kaitengerraid_street_heavy_extreme.bytes	4878	1441
7867791096553521657_82529463	9979_newleveltest.bytes	4936	1073
7868932475848631881_2398159612	1212101_04_s3_01_ariusstreet_p01_n.bytes	9901	2278
7869067269450594700_1801336188	1181201_01_s3_01_ruins_p01_d.bytes	8782	1793
7870436277522130180_2170678339	1041102_03_s3_boss_02_riverside_p02_d.bytes	7624	1672
7871754819218611624_1855577757	6022401_eliminateraid_chesed_outdoor_elasticarmor_normal.bytes	15688	1928
787368514423151712_3232542550	1182103_08_s3_boss_01_ruins_p02_n.bytes	6874	1444
7875251397956691348_1729348228	202205_raid_chesed_outdoor_extreme.bytes	14788	1903
7876225261659261401_2005779007	tbgmap_10828001.json	41816	2299
7876225261659261401_2005779007	tbgmap_10828011.json	42938	2311
7876225261659261401_2005779007	tbgmap_10828021.json	45044	2349
7876225261659261401_2005779007	tbgmap_10828022.json	33804	1923
7876225261659261401_2005779007	tbgmap_10828031.json	19924	1313
7876225261659261401_2005779007	tbgmap_10828041.json	55535	2795
7876225261659261401_2005779007	tbgmap_10828042.json	31365	1819
7876225261659261401_2005779007	tbgmap_828011.json	42909	2310
7876225261659261401_2005779007	tbgmap_828021.json	45378	2343
7876225261659261401_2005779007	tbgmap_828022.json	33790	1917
7876225261659261401_2005779007	tbgmap_828031.json	19894	1301
7876225261659261401_2005779007	tbgmap_828041.json	55501	2784
7876225261659261401_2005779007	tbgmap_828042.json	31351	1811
7878793281913799501_2843627128	208304_raid_goz_indoor_hardcore.bytes	12540	1389
7879069074165650882_3131294354	8311302_01_s3_01_mainstreet_p01_d.bytes	12686	2377
7879937318696498088_2816070894	262102_worldraid_hod_street_b.bytes	6896	2104
7881276511753754050_1883994892	8021105_02_s3_01_redwinterstreet_p01_d.bytes	9901	1869
7881389980602774680_102908937	sb_01_destroyedhighway_p01_e.bytes	1267332	339672
7889067288060156971_1077213768	6012407_eliminateraid_binah_outdoor_elasticarmor_torment.bytes	6972	2208
7890369011284827674_559613113	sb_02_beach_p01_n_nodelayer.bytes	29572	279
7892736407401448953_3834020424	sb_01_highway_p02_n_s_nodelayer.bytes	23164	216
7896760141050454686_2207459712	1231105_04_s3_03_oldmansion_p02_d.bytes	9152	1916
7897731016181494969_1671427201	1262103_02_s3_sb_03_trinitychurch_p01_n.bytes	6487	1345
7897910180474840735_1735495468	sb_01_floodedruins_p01_n_nodelayer.bytes	28448	197
790543026883366000_3320948294	6052404_eliminateraid_kaitengerraid_outdoor_elasticarmor_hardcore_start2phase.bytes	1837	723
7907542019953897795_4103731301	sb_03_school_p01_d_story_nodelayer.bytes	19048	193
7909126164184409729_3088918639	6062107_eliminateraid_perorozilla_outdoor_light_torment_start2phase.bytes	9846	1327
7911854463221880383_435951905	sb_02_riverside_p02_d.bytes	1298376	428423
7915779997505084527_3339768660	1131206_01_s3_01_slumpia_p01_d.bytes	7131	1349
7924085264407816007_2318843080	1092103_07_s3_boss_01_park_p02_n.bytes	11107	2232
792570356497384907_1285852456	6062204_eliminateraid_perorozilla_outdoor_heavy_hardcore_start2phase.bytes	9619	1317
7933816137951549154_1053211474	1231102_03_s3_03_oldmansion_p02_d.bytes	8663	1854
7934378595620565461_3896985001	1301105_04_s3_sb_01_wildhuntstreet_p01_d.bytes	5241	1056
7934494067893080297_2338439092	1211101_04_s3_01_ariusstreet_p01_d.bytes	10063	2313
7936716242706051781_1027533643	sb_02_trinityisland_p01_n.bytes	1558536	414565
7939148053095016326_23973582	8552312_01_sb_01_milleniumskyscraper_p01_n.bytes	6763	1220
7943458650170246323_1701587041	1061207_01_s3_02_snowmountain_p01_d.bytes	5923	990
7944225659339418820_3307303438	sb_02_frozensea_p01_n.bytes	1840920	478677
7949704682096692056_1920791825	206308_raid_perorozilla_indoor_lunatic_start2phase.bytes	9758	1322
7952884609238192047_3360413510	1152101_01_s3_01_redwinterstreet_p01_n.bytes	7056	1333
7954772222830625490_1096316358	1302102_02_s3_sb_01_wildhuntstreet_p02_n.bytes	6511	1411
7955428745108474891_2666533845	6093205_eliminateraid_en0005_indoor_heavyarmor_extreme.bytes	9378	1658
7956755184028127323_1271182343	sb_03_sportscenter_p01.bytes	1571476	398055
7957410965458728535_3955380026	8372302_01_s3_03_insidecruiseship_p02_d.bytes	9246	1905
795762355717373335_3240918641	207301_raid_hod_indoor_normal.bytes	6972	2128
7957912336883851157_1287795028	201203_raid_binah_outdoor_veryhard_start2phase.bytes	3638	1298
7958668464505880497_2454313576	en0006_eliminate_heavyarmor_hard_3phase.bytes	1244	529
7959652242984475927_3213308511	8033305_01_s3_boss_02_beach_p02_d.bytes	20627	3566
7964633614908578641_1580077097	32113_s3_boss_03_sweeperfactory_p01_d.bytes	10405	1670
7969554440415879255_281039275	1101103_04_s3_01_ruins_p02_d.bytes	9340	1865
7971319271935796693_98312177	sb_03_gehennapartyhall_p01_n.bytes	1647128	410731
7972742126314842275_3811385649	1152103_02_s3_01_mainstreet_p01_n_s.bytes	10320	1925
7974808333323578570_3814826954	6063102_eliminateraid_perorozilla_indoor_light_hard_start3phase.bytes	9576	1313
7975488440908914337_2125286744	1252103_05_s3_sb_01_destroyhyakkiyakomatsuri_p02_n.bytes	7920	1652
7975782218897989540_3876796628	1151207_01_s3_01_redwinterstreet_p01_d.bytes	9902	1808
797586142232855565_2235753532	8453301_01_s3_01_stadium_p02_d.bytes	16101	1302
7976708997505749273_4158667073	8372310_01_s3_03_insidecruiseship_p02_n.bytes	9553	1974
7981997510376258820_914350651	270301_worldraid_en0020_street_v01_c_start3phase.bytes	5875	1339
7982010487209158192_1266643971	6102403_eliminateraid_hovercraft_outdoor_elasticarmor_veryhard_start2phase.bytes	1552	643
7994079508245406707_432629469	1191105_07_s3_boss_02_snowmountain_p02_d.bytes	6580	1323
7999326562968784062_3679458701	1191204_01_s3_02_snowmountain_p02_d.bytes	6430	1311
7999862331860151815_1178071529	6052205_eliminateraid_kaitengerraid_outdoor_heavy_extreme_start2phase.bytes	1834	720
8002934287615794931_3379903323	9010_000_02_playground_p01_02.bytes	9262	1228
800375765391627412_3268543148	sb_01_destroyhyakkiyakomatsuri_p01_n.bytes	1419592	376248
8006324191962582728_3746260145	6031202_eliminateraid_shirokuro_street_heavy_hard.bytes	2126	750
8012161760529866910_1316965754	1302102_06_s3_boss_sb_01_wildhuntstreet_p02_n.bytes	6568	1423
8015013506121002889_2404842336	9200_000_01_stadium_p01_d_03.bytes	6486	1243
8018327243440924417_2848285194	6063307_eliminateraid_perorozilla_indoor_unarmed_torment.bytes	9717	1323
8020638732577039353_3875598504	en0013_hardcore.bytes	3638	1115
8027429888724829086_3466760424	6062406_eliminateraid_perorozilla_outdoor_elasticarmor_insane.bytes	9691	1315
8029115890596777874_3043086697	8553304_01_sb_01_milleniumskyscraper_p01_n.bytes	1016	445
8036287087306074709_1647691820	1111105_04_s2_01_mainstreet_p02_d.bytes	5837	1209
8037526367675979183_683517915	8453304_01_s3_02_playground_p02.bytes	2877	902
8038439191476169817_3154697870	8142310_01_s3_boss_sb_02_beach_p01_n.bytes	9734	1953
8041956099726181403_3976821648	8083102_05_s3_02_hotsprings_p01_n.bytes	9679	1934
8045352127645701279_931664271	sb_02_rainforest_p02_n.bytes	1298136	346001
8049501373796468498_3307674801	combattest_dtest01_nodelayer.bytes	29572	140
8055283904292378421_1606095697	en0009_heavyarmor_section_03.bytes	4821	1140
8057644844328259951_3677582363	6071207_eliminateraid_hod_street_heavy_torment.bytes	7137	2161
8060059391253763146_2766029362	1051104_03_s3_02_excavation_p01_d.bytes	9928	2058
8062782671506944457_3351126428	9110_000_02_playground_p01_03.bytes	1685	574
8064567277812122644_165148286	203301_raid_shirokuro_indoor_normal_start2phase.bytes	890	446
8066228803663335118_1052996120	1282102_07_s3_boss_sb_01_hyakkiyakostreet_p01_n.bytes	7330	1418
8078287697723569459_3270287961	sb_02_harbor_p02_n_nodelayer.bytes	56432	367
807844923641447454_992175603	en0022_veryhard.bytes	89433	3676
8081648137738997940_2130391042	8043304_01_s3_boss_02_beach_p01_n.bytes	28272	2929
8091113872766963744_1920161371	6011101_eliminateraid_binah_street_light_normal_start3phase.bytes	1155	546
8091959009519129565_3002139510	8192302_01_s3_01_gehennaslum_p01_d.bytes	11116	2321
8093057508864283939_3211025781	sb_01_hyakkiyakomoviestreet_p01_d_nodelayer.bytes	23440	210
8093466796616360992_3791998224	207301_raid_hod_indoor_normal_start2phase.bytes	5464	1605
8096657156694882701_1762543651	8335306_01_03_school_p03_d.bytes	11220	1822
8096923742589028906_2683815145	sb_01_schale_p01_scenario.bytes	3545188	909426
8099184871146368452_3314499943	1281105_04_s3_sb_01_hyakkiyakostreet_p02_d.bytes	7462	1388
8101785116818980118_1830102404	6063305_eliminateraid_perorozilla_indoor_unarmed_extreme_start2phase.bytes	9495	1322
8102573256063408882_654437995	1132102_01_s1_01_slumpia_p02_n.bytes	4995	1065
8104005205529884515_2944407719	400020115_s3_03_buildinghallway_p01_d.bytes	8268	1452
8104691874378207615_2176029618	caskill_test_04.bytes	818	500
8106151550225155643_2431070806	1071104_04_s3_03_subway_p02_d.bytes	10297	2049
8107698428575147721_3808889645	6093203_eliminateraid_en0005_indoor_heavyarmor_veryhard.bytes	9400	1658
8107907463963951922_3025103433	6012303_eliminateraid_binah_outdoor_unarmed_veryhard.bytes	6968	2205
8108558098908272220_896623696	1141103_01_s3_03_ruinedschool_p01_d.bytes	9353	1816
8112452293941053620_103743595	255203_worldraid_binah_outdoor_veryhard.bytes	6680	2209
8115600758949047870_111841847	8401310_01_s3_01_shanhaijingstreet_p01_n.bytes	5913	1149
8116040153626341845_3013766487	sb_02_harbor_p02_n_challenge.bytes	2479180	668062
8120384036484501239_902603516	1251104_05_s3_sb_01_hyakkiyakomatsuri_p02_d.bytes	11340	2179
8122608591752539632_1417743831	60104_s1_boss_02_riverside_p01_d.bytes	4946	1260
8122948197566140525_3897359806	6031307_eliminateraid_shirokuro_street_unarmed_torment_start2phase.bytes	894	448
8126040490956227746_130127843	1272103_04_s3_sb_02_trainroof_p01_n_nosidetrain.bytes	6143	1228
8131520237337249742_1797735090	sb_01_ruins_p01_e.bytes	1298356	348789
8131803002520464075_1411436453	sb_02_cargostation_p01_n_nodelayer.bytes	38172	409
813250857372315475_3014585547	8082112_02_s3_02_hotsprings_p02_d.bytes	7533	1501
8134914841843746218_1280188913	6093104_eliminateraid_en0005_indoor_lightarmor_hardcore.bytes	9400	1656
8137609416100982663_1480259425	8452311_01_sb_02_playground_p02_n.bytes	5947	1176
8140672324270210419_2862854623	202307_raid_chesed_indoor_torment.bytes	17163	2067
8141795038903702537_3267903176	1302103_03_s3_sb_01_wildhuntstreet_p02_n.bytes	6355	1392
814741988083941956_3295066844	sb_03_subway_p02_d.bytes	1298356	345262
8151833239357807913_2386641711	6023201_eliminateraid_chesed_indoor_heavyarmor_normal_start2phase.bytes	821	382
815572559472552091_928679524	6041202_eliminateraid_hieronymus_street_heavyarmor_hard_start2phase.bytes	1977	758
8156698814828902895_4072564209	1151208_01_s3_01_redwinterstreet_p01_d.bytes	9901	1800
8161912946544135605_2989284160	8032309_01_s3_boss_02_beach_p02_n.bytes	6832	1483
8166359106478068566_2965655029	6052403_eliminateraid_kaitengerraid_outdoor_elasticarmor_veryhard_start2phase.bytes	1837	723
8168210948628629289_1752272876	8532309_01_sb_01_hyakkiyakomatsuri_p01_n.bytes	10119	1948
8171212770808383501_1835152200	8053305_01_s3_boss_01_shanhaijingstreet_p01_n.bytes	6739	1456
8173341513743524209_316392433	8031104_03_s3_02_beach_p02_d.bytes	9243	1898
8174149788408308688_1236358836	6063205_eliminateraid_perorozilla_indoor_heavy_extreme_start2phase.bytes	9573	1325
8179529329678766522_787072098	8434303_01_03_milleniumdatacenter_p01_d.bytes	7570	1495
8180271111036434151_2678838355	207102_raid_hod_street_hard_start2phase.bytes	5444	1614
8183360707611651321_1542536163	8142309_01_s3_boss_sb_02_beach_p01_n.bytes	10084	1991
8190078972126820734_3124369951	sb_01_park_p01_d.bytes	1298060	360474
8194205412186247086_1787348815	1191105_06_s3_02_snowmountain_p02_d.bytes	6758	1326
8194885369535784484_1296984649	8022107_03_s3_01_redwinterstreet_p01_n.bytes	9605	1813
8199718956780402625_957662959	207302_raid_hod_indoor_hard.bytes	6946	2128
8206125174179895415_3123747638	sb_01_mainstreet_p01_n_s.bytes	1263656	350253
8213558281138329318_2461216919	1111103_03_s3_01_mainstreet_p01_d.bytes	5604	1006
8213921719424368254_3303383994	8301303_01_s3_03_expresstrain_p01_d.bytes	17851	2906
8218902820709495213_1002123371	8091313_01_s3_02_newyearpath_p02_d.bytes	9623	1996
822390250730912256_1679438199	400050203_s3_01_sb_01_hyakkiyakomatsuri_p01_d.bytes	10031	1845
8230688179538431946_1027325121	rb_01_shirokuro_p01_e_nodelayer.bytes	47448	249
8232380804046823151_3294200073	8303304_01_s3_boss_03_expresstrain_p02_d.bytes	6491	1694
8232523801364839707_963198164	1071103_02_s3_03_subway_p02_d.bytes	9786	1973
8234076261984326872_996412883	6033207_eliminateraid_shirokuro_indoor_heavy_torment.bytes	2151	752
8241231394352711772_537047921	8211304_event821_hieronymus_indoor_hardcore_start2phase.bytes	5172	1135
8243249730248107567_4124212768	6041402_eliminateraid_hieronymus_street_elasticarmor_hard_start2phase.bytes	1979	761
8243437341044277434_3366710553	sb_01_newyearpath_p01_n.bytes	1267392	375543
8247389391172739057_3698378930	8513303_01_sb_01_park_p01_d.bytes	4411	1206
8247398949464097322_1927906473	204102_raid_hieronymus_street_hard_start2phase.bytes	1960	740
8248455351518468195_1314934930	400060108_s3_01_sb_01_ariusstreet_p01_d.bytes	7063	1658
8248985369057043131_2253912904	1292103_03_s3_sb_02_cargostation_p02_n.bytes	7992	1725
8249158679166367289_844358131	205107_raid_kaitengerraid_street_torment.bytes	4808	1433
8250034537736862698_3152972506	203306_raid_shirokuro_indoor_insane.bytes	2127	736
8251528568200089141_4023732494	6051407_eliminateraid_kaitengerraid_street_elasticarmor_torment.bytes	4899	1445
8259450698353669578_1387765115	400030323_s1_03_hieronymus_p01_d.bytes	10400	965
8261058841161691331_2412088166	8142301_01_s3_sb_02_beach_p01_d.bytes	9612	1953
8261357056026883474_54060772	8243305_01_s3_boss_sb_01_destroyedstreet_p01_d.bytes	3986	1037
8261630417987301293_3218190959	261304_worldraid_chesed_indoor_d_start2phase.bytes	806	365
8270487266910738914_1526024544	1201104_01_s3_03_sportscenter_p01.bytes	7130	1337
827338648194354077_243297873	en0010_eliminate_elasticarmor_normal.bytes	2174	792
8274738665538269567_1363877428	combattest_dtest00_nodelayer.bytes	29572	149
8277920019946961633_2017595206	1161102_02_s3_02_riverside_p02_d.bytes	10112	2159
8279163444306449536_4090338386	6073303_eliminateraid_hod_indoor_unarmed_veryhard_start2phase.bytes	5584	1618
8295368053385763919_3667429266	1031105_03_s3_boss_01_highway_p01_d.bytes	8364	1638
8299398277206790876_3951390296	8381309_01_s3_02_beach_p01_n.bytes	7174	1561
8300093460239675150_3239364254	test_trinity_church_test02_little.bytes	5858	1236
8300598272082254861_1592384862	6041301_eliminateraid_hieronymus_street_unarmed_normal.bytes	4282	1262
8301675689801134583_3165945937	1242101_04_s3_boss_sb_02_rainforest_p02_n.bytes	7652	1386
8310672483679198737_1674232492	1291105_01_s3_sb_02_cargostation_p02_d.bytes	7501	1691
8311499443664975264_1919043576	9210_000_02_playground_p01_02.bytes	6486	1240
8312715102584573871_459315115	en0022_torment.bytes	89419	3676
8315736832516702737_1415041876	8332308_01_03_gehennapartyhall_p02_n.bytes	5686	1402
8316745627567567931_4076644452	7013301_01_s3_01_floodedruins_p02_n.bytes	30390	3369
8317963401560253602_1255667452	sb_02_snowmountain_p02_d.bytes	1298356	347707
832304966886857535_1442247444	6012104_eliminateraid_binah_outdoor_light_hardcore_start3phase.bytes	1832	745
832348391789298692_1804387300	1092101_03_s3_01_market_p02_n.bytes	10644	2028
8326117594466521184_4071878291	sb_03_trinitychurch_p02_n_nodelayer.bytes	19284	345
8327904156212712997_2166262957	sb_01_destroyedhighway_p01_n_nodelayer.bytes	29572	366
8330789128258263593_2154745220	8063102_01_s1_03_insidecruiseship_p01_n.bytes	7223	1591
8332150091099391006_2145839521	6012107_eliminateraid_binah_outdoor_light_torment_start3phase.bytes	1831	744
8332431147472084448_3632055722	8283303_01_s3_boss_02_trinityisland_p01_n.bytes	4853	1137
8335661741689735444_891565440	8251310_01_s3_03_oldmansion_p02_d.bytes	3452	1077
8339063581667925302_2834879051	8432312_01_s3_01_milleniumskyscraper_p01_n.bytes	5841	1251
8343861617449371485_3671137396	6052302_eliminateraid_kaitengerraid_outdoor_unarmed_hard.bytes	5840	1576
8347642500822222201_1533536089	sb_01_wildhuntstreet_p01_d_nodelayer.bytes	56500	309
8348131909833339737_4254857388	6102402_eliminateraid_hovercraft_outdoor_elasticarmor_hard_start2phase.bytes	1540	639
8348584630660263512_820885455	1162101_02_s3_02_excavation_p01_n.bytes	10291	2211
8357911028023255256_3477030428	en0013_normal_3phase.bytes	1154	523
8358309938735115156_100703637	6011306_eliminateraid_binah_street_unarmed_insane_start3phase.bytes	1152	543
8364472523863199859_126278961	6071301_eliminateraid_hod_street_unarmed_normal.bytes	7079	2154
8367380450569107296_1157503586	1212103_03_s3_01_ariusstreet_p01_n.bytes	9902	2309
8367835255371680865_2389243420	1251101_02_s3_sb_01_hyakkiyakomatsuri_p02_d.bytes	9958	1900
8370358607734252966_2126388497	6062405_eliminateraid_perorozilla_outdoor_elasticarmor_extreme_start2phase.bytes	9670	1317
8370622796451482591_2830920904	8293301_01_s3_boss_01_mainstreet_p02_d_s.bytes	15052	2361
8371223144688399921_1354272581	sb_01_slumpia_p02_n_nodelayer.bytes	28976	166
8373173546591882027_1491906815	206208_raid_perorozilla_outdoor_lunatic_start2phase.bytes	9687	1320
8373802514725174309_356185461	6041207_eliminateraid_hieronymus_street_heavyarmor_torment_start2phase.bytes	1986	764
8374724737853589435_1905489086	6062403_eliminateraid_perorozilla_outdoor_elasticarmor_veryhard.bytes	9665	1309
837524013175884314_2201492427	8323301_01_02_forestriver_p01_d.bytes	8623	2064
8377224842475539675_984884501	6062206_eliminateraid_perorozilla_outdoor_heavy_insane.bytes	9639	1309
837954739835678343_1529551721	1181104_04_s3_01_ruins_p01_d.bytes	9280	1843
838093289246227530_733433727	208204_raid_goz_outdoor_hardcore_start2phase.bytes	830	371
8383779060819329146_492401357	1121102_05_s3_boss_03_subway_p02_d.bytes	10736	2114
8385338185815974331_2675147629	8062104_07_s3_boss_02_beach_01_d_p01.bytes	9629	2104
8391243691201181241_1791979219	7031302_01_s3_02_frozensea_p02_d.bytes	7472	1044
8391941150808071604_106718612	1121208_01_s3_03_underground_p02_d.bytes	11178	2130
839568438580775343_1707693355	1242103_03_s3_sb_02_trinityisland_p01_n.bytes	7975	1495
8403037113871035719_404229770	1061102_04_s3_boss_02_snowmountain_p01_d.bytes	6090	1031
8404560643748870151_122391363	9320_000_01_sportscenter_p01_d_02.bytes	4109	1139
8407702849759242716_1675381208	6011102_eliminateraid_binah_street_light_hard_start3phase.bytes	1153	544
8408809953679966923_211162493	1232101_03_s3_03_oldmansion_p01_n.bytes	10136	2115
8411786559593466683_841922302	sb_01_mainstreet_p01_d_nodelayer.bytes	28780	385
8412777127317780780_1174649493	207103_raid_hod_street_veryhard_start4phase.bytes	1137	521
8421335188961794897_1688897677	6011301_eliminateraid_binah_street_unarmed_normal_start3phase.bytes	1152	543
8430809561680252242_3667852823	401000111_s3_03_school_p02_n.bytes	3231	916
843241448865386095_3366940386	test_01_resort_p02_many.bytes	5574	1247
8432758874241842367_2302906447	1241401_01_s3_boss_sb_02_trinityisland_p01_n.bytes	9908	1948
8437956500267489017_3667564040	1142103_01_s2_03_ruinedschool_p01_n.bytes	8557	1717
8438401905525964258_105531280	6031207_eliminateraid_shirokuro_street_heavy_torment_start2phase.bytes	897	450
8440282893937927383_3427554518	1281104_04_s3_sb_01_hyakkiyakostreet_p02_d.bytes	7462	1388
8441131828011310698_4251429673	838430201_dc_02_beachstage_02.bytes	2317	651
8441822525602490360_3186161627	1131105_04_s3_01_slumpia_p02_d.bytes	6702	1258
8444580274923858267_1523233231	1182102_06_s3_boss_01_ruins_p01_n.bytes	8756	1805
8448538180673027287_1163582008	en0006_eliminate_lightarmor_hard_3phase.bytes	1244	533
8449181447734462081_2947339543	82231213_s2_03_52301_p01_d.bytes	9227	1729
8453622250545164699_1308853176	sb_03_sweeperfactory_p01_d.bytes	1298356	348958
8453939586071674565_13843128	sb_01_destroyedstreet_p01_d_nodelayer.bytes	29572	395
8454093395174292001_3835911995	8373304_01_s3_02_resort_p01_d.bytes	12087	1372
8459658924054126781_3320325197	ch0265test.bytes	1415	733
8461168571694836782_1636063034	1272103_08_s3_sb_02_trainroof_p01_n_nosidetrain.bytes	6468	1170
8461199490330015521_3495318221	8063205_01_s3_03_insidecruiseship_p01_n.bytes	9510	1845
8461667254065309633_409709973	82221211_s2_03_52301_p02_d.bytes	6847	1469
8467949077843422617_2170613441	6082206_eliminateraid_goz_outdoor_heavy_insane_start2phase.bytes	831	372
8468896429731552873_3961390436	8351306_01_s3_riverside_p01_n.bytes	4933	1169
8479613252348295009_4113084260	400010219_s3_02_desertcity_p01_d.bytes	8080	1913
8487251958214783150_3152647941	8413304_01_s3_boss_park_p02_n.bytes	12837	1906
8492772820138330700_1416556811	206203_raid_perorozilla_outdoor_veryhard_start3phase.bytes	9466	1305
8496124765351101107_924749770	rb_02_en0006_p01_d.bytes	677992	145964
8496523326426350488_1526539240	6083204_eliminateraid_goz_indoor_heavy_hardcore_start2phase.bytes	755	348
8497799199557315788_1157426356	6023107_eliminateraid_chesed_indoor_lightarmor_torment_start2phase.bytes	822	381
8501260795796104078_1855476664	8013102_03_s3_01_hyakkiyakostreet_p01_n.bytes	7756	1380
8501370197173154411_3655900700	1221202_01_s3_02_resort_p02_d.bytes	7326	1389
8502149871465806301_3927967218	1121205_01_s3_03_underground_p01_d.bytes	10873	1971
8504270723556587116_1910594810	8372303_01_s3_02_resort_p01_d.bytes	6897	1424
8504580032192105874_2123410746	sb_02_snowmountain_p02_n_nodelayer.bytes	29572	163
8504603821068442473_967087732	1261105_01_s3_sb_03_trinitychurch_p02_d.bytes	6286	1259
8505182187246382966_3075759736	en0010_eliminate_elasticarmor_extreme.bytes	2176	792
8509633958837801194_506016858	sb_02_snowmountain_p01_e_nodelayer.bytes	29572	161
8512260281943054779_2991625068	1292102_05_s3_sb_02_cargostation_p02_n.bytes	7376	1711
8513036229637168246_3854585869	822211310_s2_03_52301_p01_d.bytes	4607	1079
8517098491971251488_238405443	258301_worldraid_perorozilla_indoor_normal_start3phase.bytes	9529	1308
8522012039969507787_3546610595	8412307_01_s3_03_school_p01_d.bytes	5930	1302
852446636885886807_3150839503	8052305_01_s3_boss_01_shanhaijingstreet_p02_d.bytes	7910	1526
8530878225746504705_3577479198	1301101_01_s3_sb_01_wildhuntstreet_p01_d.bytes	4546	1010
8531083221470882426_2256995849	1281102_04_s3_sb_01_hyakkiyakostreet_p02_d.bytes	7462	1390
8532020384840022609_4017186700	60302_s1_boss_03_buildinghallway_p01_d.bytes	3211	970
85350422798801443_309776482	400060202_s3_01_sb_01_ariusstreet_p01_d.bytes	2024	696
853748004558464822_3892362459	damagetest_outdoor_lightarmor.bytes	609	336
8539890838243249450_505405901	202203_raid_chesed_outdoor_veryhard_start2phase.bytes	813	376
8541542904528805201_2126929303	1291105_04_s3_sb_02_cargostation_p01_d.bytes	6695	1551
8546279077161915367_261746369	6071405_eliminateraid_hod_street_elastic_extreme_start3phase.bytes	1584	683
8547987728999968364_2790541804	1211101_03_s3_01_ariusstreet_p01_d.bytes	9737	2281
8548863571947372690_3622391306	8022102_01_s3_01_highway_p01_d_s.bytes	8204	1832
8549014292516170544_3521761074	8121307_01_s3_sb_02_riverside_p01_n.bytes	10974	2227
8549093008652996971_1624195653	400050122_s3_01_sb_01_destroyhyakkiyakomatsuri_p01_n.bytes	14637	2973
8551808998686124075_3418398826	6062406_eliminateraid_perorozilla_outdoor_elasticarmor_insane_start3phase.bytes	9703	1321
8565079615799707348_1306192070	7021324_01_s3_03_munitionsfactory_p02_d.bytes	6223	1124
8568664022787708913_1198008423	6073201_eliminateraid_hod_indoor_heavy_normal.bytes	7115	2144
8569438081478677637_2318896984	8123104_01_s3_sb_03_trinitychurch_p01_n.bytes	8814	1619
8569920935730512903_1785143373	8102309_01_s3_boss_01_destroyedstreet_p01_n.bytes	9213	1847
8571741313506865155_3594904737	8263104_05_s3_01_shanhaijingstreet_p02_n.bytes	9537	1993
8575894451961814583_790821975	en0013_hard_2phase.bytes	2388	776
8576000624272814037_735270868	1271104_05_s3_sb_02_trainroof_p01_d_nosidetrain.bytes	6188	1155
8581803904283229789_2373207280	8522303_01_sb_03_trinitychurch_p01_d.bytes	6890	1301
8583173726391427780_2398150004	sb_01_backstreet_p02_n_nodelayer.bytes	29572	269
8584812056623437058_2373963208	rb_03_hieronymus_p01_d_nodelayer.bytes	19752	411
8586770904262667741_2223410563	81511211_s2_02_hotsprings_p01_d.bytes	8320	1851
8587661223622274469_616882242	6073403_eliminateraid_hod_indoor_elastic_veryhard_start3phase.bytes	1586	675
858938580855868572_603596706	6073207_eliminateraid_hod_indoor_heavy_torment_start3phase.bytes	1577	676
8590527404857913055_2130533614	1071102_01_s1_03_school_p02_d.bytes	7744	1777
8591144687940350074_2329436664	8201301_01_s3_01_market_p02_d.bytes	11714	2296
8595431555576347809_3423103509	8462311_01_sb_02_trainroof_p01_d_nosidetrain.bytes	6204	1229
8600526305946364727_992482454	1192101_01_s3_02_deserttrack_p01_n.bytes	6555	1313
8602168919346806739_3626806907	en0006_eliminate_lightarmor_hardcore_3phase.bytes	1252	537
861076684367368478_2089809938	combattest_goz01.bytes	2915104	704369
8616636875065037283_1312003675	400030319_s3_01_destroyedstreet_p01_n.bytes	9441	1756
8617054535410950216_128305032	1221204_01_s3_02_resort_p02_d.bytes	7818	1442
8617121201500607667_3912902912	822231310_s1_02_52201_p01_d.bytes	7984	1673
8629751862646849897_3033841590	1092102_01_s1_01_park_p01_n.bytes	6978	1628
8630460440260292131_1504666522	8122309_01_s3_boss_sb_03_trinitychurch_p01_n.bytes	9461	1902
8630534061067288602_1527164656	1081105_03_s3_03_underground_p02_d.bytes	11135	2117
8631838984568910905_3722154285	31101_s1_boss_01_slumpia_p01_n.bytes	2013	612
8639346183078156305_3520768821	8022102_03_s3_boss_01_highway_p01_d_s.bytes	8508	1777
8643849382605116384_3474389566	208208_raid_goz_outdoor_lunatic_start2phase.bytes	821	362
8645124880102402151_2670098954	8133102_03_s3_01_hyakkiyakomoviestreet_p01_n.bytes	7715	1435
8646292071364495937_1710026311	1242103_01_s3_sb_02_rainforest_p02_n.bytes	6722	1231
8652340508877682045_3369016243	sb_02_resort_p01_d_nodelayer.bytes	29572	160
8656531783160735503_65215524	1122101_02_s3_03_underground_p01_n.bytes	10711	1963
8658920676301882571_2619380918	sb_03_school_p03_d.bytes	929772	260455
8659375156714349552_2154144918	8272312_01_s3_boss_02_harbor_p02_n.bytes	9811	1945
8660056369498429726_1805811426	201208_raid_binah_outdoor_lunatic_start2phase.bytes	3637	1296
8662158788768004988_310884441	c_sb_01_wildhuntstreet_p01_little.bytes	5297	1087
8663426994999164441_1066307070	damagetest_indoor_heavyarmor.bytes	613	343
8664004011445659218_3422946866	6052201_eliminateraid_kaitengerraid_outdoor_heavy_normal.bytes	5875	1584
8664420350336583388_1100537837	damagetest_street_lightarmor.bytes	609	335
866573759054193392_836088346	1112103_03_s2_01_mainstreet_p01_n.bytes	5933	1261
8671875210758500878_2834201264	253101_worldraid_shirokuro_street_normal_start2phase.bytes	884	441
8675607646966858289_2506027747	207303_raid_hod_indoor_veryhard_start2phase.bytes	5488	1606
8681874415272803711_2872605926	1221103_03_s3_02_resort_p02_d.bytes	7631	1465
868230793707092438_2588619856	sb_03_school_p03_d_nodelayer.bytes	21160	213
868604492210741066_3871732432	1111103_01_s2_01_mainstreet_p01_d.bytes	5593	1228
8695097134933803017_2333975292	8091312_01_s3_boss_02_newyearpath_p01_d.bytes	9906	1734
8695120209979480483_2954766704	8392304_01_s3_01_shanhaijingstreet_p02_d.bytes	6216	1215
8700953650625900242_968274902	9021_000_03_sportscenter_p01_03.bytes	9203	1235
8701141616145840080_3994946261	8312302_01_s3_03_underground_p02_d.bytes	6133	1248
8703876400725023817_3447600352	9211_000_02_playground_p01_04.bytes	6466	1254
8706981370806354954_1258131141	1181203_01_s3_01_ruins_p01_d.bytes	8449	1767
8708322488160200142_3122103068	8182302_01_s3_02_playground_p02.bytes	7911	1624
8714135085797052093_702150497	1051207_01_s3_02_excavation_p01_d.bytes	10258	2098
8718334748263450455_1279577598	en0010_eliminate_heavyarmor_torment_2phase.bytes	947	451
8720546659376171336_667662673	rb_02_en0010_p01_d.bytes	2510108	644329
8722099063789318834_511367418	en0006_veryhard.bytes	3763	1028
8722419559431927737_1121259785	1222103_04_s3_02_resort_p02_n.bytes	8287	1531
8723849536161685354_473835947	1111205_01_s3_01_highway_p01_d.bytes	6833	1472
8728764516209292294_2414878736	6051302_eliminateraid_kaitengerraid_street_unarmed_hard_start2phase.bytes	1445	645
8734854417477462429_759028142	6063304_eliminateraid_perorozilla_indoor_unarmed_hardcore_start2phase.bytes	9496	1324
8735966099943039440_1230527943	damagetest_indoor_unarmed.bytes	610	344
8736185051898812663_2697679682	sb_02_beach_p02_d.bytes	1298136	346002
8736766439896726837_3173636948	206205_raid_perorozilla_outdoor_extreme_start2phase.bytes	9459	1310
8742185458135142736_135863868	en0008_fourthsection.bytes	4152	1169
8744216528692525793_3133265219	9121_000_03_sportscenter_p01_01.bytes	1676	569
8745006364565466412_138233180	1062103_01_s2_02_snowmountain_p01_n.bytes	5883	1209
8746090683451678159_998628946	6073402_eliminateraid_hod_indoor_elastic_hard_start3phase.bytes	1574	671
874628699430331866_3956469474	9022_000_03_sportscenter_p01_03.bytes	9179	1198
8748953317287791658_2426049642	8342302_01_03_gehennapartyhall_p02_d.bytes	4662	953
8749078588977955983_1456145485	en0013_lunatic.bytes	3649	1125
8749507227455904801_3656000261	sb_03_milleniumdatacenter_p01_d_nodelayer.bytes	6348	127
8751201503186089000_513574225	sb_01_riverpark_p01_e_nodelayer.bytes	29388	199
8751758124442546337_2742968617	6012103_eliminateraid_binah_outdoor_light_veryhard_start2phase.bytes	3649	1313
8753506945153780792_281080848	1122102_03_s1_03_subway_p02_n.bytes	8425	1863
8755361745416127221_1408713749	1291104_06_s3_boss_sb_02_cargostation_p02_d.bytes	7062	1697
8756103898117987818_2264868942	6041202_eliminateraid_hieronymus_street_heavyarmor_hard.bytes	4269	1259
8756959381897553615_260852733	sb_02_beach_p02_n.bytes	1298136	346002
8758160351258657327_2304389385	31114_s1_boss_01_slumpia_p01_n.bytes	1972	610
8758274344320415273_2775802351	8402303_01_s3_01_shanhaijingstreet_p02_d.bytes	5837	1179
8771431553386705789_1758094475	7012302_01_s3_02_desertcity_p01_d.bytes	14378	1858
8773026155079650466_2876683746	8031105_04_s3_boss_02_beach_p02_n.bytes	9624	2139
8774778458628777112_434269635	82242211_s2_03_52302_p01_d.bytes	8714	1857
8775738089267458324_1298197229	1222102_05_s3_02_resort_p02_n.bytes	8123	1506
8777087004773047874_585016533	en0006_eliminate_heavyarmor_extreme.bytes	3751	1026
8779933362244313239_1692659485	8121304_01_s3_01_park_p01_d.bytes	9734	1926
8780927487499455604_376533449	sb_02_desertcity_p02_n.bytes	1298368	369368
8784067236526853950_524683822	6012206_eliminateraid_binah_outdoor_heavy_insane_start2phase.bytes	3647	1311
8784847820127649464_2689300672	6033205_eliminateraid_shirokuro_indoor_heavy_extreme_start2phase.bytes	902	453
8784945578030373094_569819770	1281103_05_s3_sb_01_hyakkiyakostreet_p01_d.bytes	7209	1362
8790596708375619632_3968780020	1181102_01_s3_01_ruins_p01_d.bytes	6799	1305
8791929568335056199_4047126409	8041302_01_s3_02_beach_p02_d.bytes	9247	1912
879263366393847383_813032181	8203102_02_s3_01_mainstreet_p02_d.bytes	7247	1288
8795017647376240404_537982486	sb_02_resort_p02_n_nodelayer.bytes	29412	153
879798156075471436_1799859651	sb_03_munitionsfactory_p02_n_nodelayer.bytes	29572	185
8803778899646732417_2916064105	sb_02_desertcity_p01_d_nodelayer.bytes	29572	301
880469351107972903_2968733998	8023204_01_s3_boss_02_snowmountain_p01_d.bytes	10089	2049
880538703434164187_1200115521	6071304_eliminateraid_hod_street_unarmed_hardcore_start4phase.bytes	1144	528
8805526965496190157_3344547106	1171102_01_s3_03_insidecruiseship_p02_d.bytes	6649	1354
8805831414788651692_3955928521	en0011_test_backup_viewtest.bytes	8204	2241
8807464709679140338_4040658457	8592312_01_sb_02_riverside_p01_d.bytes	7167	1278
8811912294591656143_1932461195	400030425_s3_01_ariusstreet_p01_d.bytes	13478	2529
8818863301513596215_3366430689	210208_raid_hovercraft_outdoor_lunatic.bytes	2878	1028
8819165471359572125_402932229	258101_en0003.bytes	779	420
8819770060960727242_1910042827	6102405_eliminateraid_hovercraft_outdoor_elasticarmor_extreme.bytes	2884	1040
8830674704808043083_3408862747	1302103_07_s3_boss_sb_01_wildhuntstreet_p01_n.bytes	7111	1375
883274992192560050_69462518	1091204_01_s3_01_market_p02_d.bytes	10634	2030
8839203253821515302_3789620880	sb_03_testlevel_91_p01_d_nodelayer.bytes	33432	124
8842692403148958648_1239853603	6041307_eliminateraid_hieronymus_street_unarmed_torment.bytes	4261	1294
8844069149368607804_3833524034	1141105_05_s3_03_ruinedschool_p02_d.bytes	9398	1858
8844808247701373347_3818205883	6011305_eliminateraid_binah_street_unarmed_extreme_start3phase.bytes	1153	542
8850673668750791285_4226901940	8121301_01_s3_01_mainstreet_p01_d.bytes	10225	1941
885297600279352878_3280441942	8563301_01_02_forestriver_p01_d.bytes	8535	1331
8853970327733626887_25881133	8472309_01_sb_02_resort_p02_d.bytes	8094	1439
8855051605837830918_942963579	1061105_02_s2_02_snowmountain_p02_d.bytes	5793	1249
8856971192202917223_1176906284	sb_03_underground_p01_d_nodelayer.bytes	21344	203
8859337995678491177_2960515844	8352309_01_s3_hyakkiyakotraditionalstreet_p01_d.bytes	6600	1272
8860713752084641967_3737304291	1042102_02_s3_02_desertcity_p02_n.bytes	7073	1487
886099509448742509_2386326421	1192102_04_s3_02_snowmountain_p01_n.bytes	6591	1331
8861452724915973885_1552616455	sb_02_resort_p01_n_nodelayer.bytes	36920	186
8861988164801840713_1512843448	1201105_02_s3_03_buildinghallway_p01_d.bytes	6987	1318
887628018591897545_949783462	combattest_dtest00.bytes	1298356	340684
8879459795093586316_1191732081	1211204_01_s3_01_destroyedstreet_p01_d.bytes	7386	1494
8886839829571772861_4143590357	8123303_01_s3_boss_sb_03_trinitychurch_p02_n.bytes	9217	1694
888766105289767976_2227559897	6041406_eliminateraid_hieronymus_street_elasticarmor_insane.bytes	4273	1293
8889490347183040886_4188815118	8441307_01_sb_03_school_p03_d.bytes	862	407
8894551948535234493_1618678106	sb_03_trinitychurch_p02_d_nodelayer.bytes	19284	345
8897717092065873242_3690322805	8133301_01_s3_boss_01_hyakkiyakomoviestreet_p01_d.bytes	9958	1880
8898338360550897529_3411668973	9984_newleveltest.bytes	21530	2471
8899509020651063318_850370138	en0011_skilltest_redonly.bytes	7032	2005
8899858171921944401_3609894800	81522111_s2_02_desertisland_p02_d.bytes	7700	1436
8902204152158954033_1444650757	sb_03_abandonedtunnel_p01_d_lore.bytes	2395120	602017
8905184966929020698_2260684279	7021303_01_s3_02_frozensea_p01_d.bytes	1510	623
8905416883365184834_2088713545	damagetest_indoor_elastic.bytes	611	340
8905815335107347626_3101743667	8572307_01_sb_01_backstreet_p02_n.bytes	5997	1187
8907028415217429525_982670481	sb_03_52302_p01_d.bytes	1471672	391061
8909364017979858214_1494283909	1241101_03_s3_sb_02_trinityisland_p01_d.bytes	8952	1755
8911765749962741783_2513174399	en0010_eliminate_heavyarmor_hardcore_2phase.bytes	949	451
891559833681469744_283190292	6031303_eliminateraid_shirokuro_street_unarmed_veryhard.bytes	2128	751
8920143928564132746_1080867211	1091105_04_s3_01_park_p02_d.bytes	9953	2017
8920249147555089598_3463685080	8242306_01_s3_sb_01_slumpia_p01_d.bytes	7933	1533
8924254561508807548_1696794178	6012301_eliminateraid_binah_outdoor_unarmed_normal_start2phase.bytes	3644	1310
8928025058093184353_2274764342	character_resource_video_03.bytes	1002	378
8932846821280053835_2820786230	8553302_01_sb_03_buildinghallway_p01_n.bytes	1737	513
8933397645371712756_3727771923	1151205_01_s3_01_mainstreet_p02_d_s.bytes	5974	1231
8933521813823224373_3608846904	1012103_01_s2_01_market_p01_n.bytes	7386	1560
8936029256695355976_1008187815	6011405_eliminateraid_binah_street_elasticarmor_extreme_start3phase.bytes	1158	547
8939497254138935098_1518501188	1021105_01_s3_01_mainstreet_p01_d.bytes	8327	1554
8940751729058748217_1277249474	6073101_eliminateraid_hod_indoor_light_normal_start3phase.bytes	1574	677
89433032278892040_1112118872	202303_raid_chesed_indoor_veryhard.bytes	13903	1763
8947819106749886787_1210256884	400050226_s3_01_sb_03_tatamiroom_p01_n.bytes	8240	1583
8948141746405505185_2714111552	sb_01_gehennaslum_p01_n_nodelayer.bytes	29572	206
8950737258783389948_2901834036	6012202_eliminateraid_binah_outdoor_heavy_hard.bytes	6967	2202
8954015592529032080_2692076341	1102103_04_s3_01_ruins_p02_n.bytes	9413	1893
8955844727504486934_1319153831	6082101_eliminateraid_goz_outdoor_light_normal_start2phase.bytes	831	372
8956384004800695008_3999355825	6022303_eliminateraid_chesed_outdoor_unarmed_veryhard.bytes	15463	1922
8957726474269673934_2844856140	1121101_04_s3_boss_03_subway_p02_d.bytes	10404	2103
8957874243664761493_3407262012	822331310_s1_03_52301_p01_d.bytes	4607	1079
8958362268740792003_1433249672	1021103_02_s3_01_market_p02_d.bytes	8930	1728
8959998133499233301_977603259	30101_s3_boss_01_highway_p01_d.bytes	20272	3047
8965998302269228600_291405814	8471302_01_sb_02_resort_p01_d.bytes	8976	1624
8971364467175856222_1810078988	1252101_03_s3_sb_01_hyakkiyakomatsuri_p01_n.bytes	12469	2373
8972784639399418443_2332870573	8583304_01_sb_02_snowmountain_p01_d.bytes	3975	996
8977091596725695972_1576599813	6102304_eliminateraid_hovercraft_outdoor_unarmed_hardcore.bytes	2878	1047
8979190772085786889_1765121840	6011404_eliminateraid_binah_street_elasticarmor_hardcore.bytes	5020	1630
89793818868472283_827744051	sb_03_basement_p01_d_nodelayer.bytes	14244	431
8982512469258550604_2108908136	210203_raid_hovercraft_outdoor_veryhard.bytes	2884	1034
8984001937838353080_1935942310	210201_raid_hovercraft_outdoor_normal_start2phase.bytes	1544	632
8984990051856431079_733623690	8143102_01_s3_02_rainforest_p01_n.bytes	7911	1362
8985690341168564635_2803064949	6063204_eliminateraid_perorozilla_indoor_heavy_hardcore_start3phase.bytes	9580	1321
8986568197684048942_1701247796	1221101_03_s3_02_resort_p02_d.bytes	7631	1465
8991539399686064085_1783382480	210208_raid_hovercraft_outdoor_lunatic_start2phase.bytes	1547	626
8992679845980671355_618837422	206207_raid_perorozilla_indoor_torment.bytes	9681	1314
8995102221813794746_1752060128	8262309_01_s3_boss_01_shanhaijingstreet_p01_n.bytes	8595	1882
9000742446351062996_2104567287	1172103_08_s3_boss_03_insidecruiseship_p01_n.bytes	9536	2028
9005914252036041993_762338708	8092309_01_s3_boss_02_newyearpath_p01_n.bytes	6970	1420
9008074594450616088_920622488	1202101_02_s3_03_sportscenter_p01_n.bytes	6963	1324
9016515508474432122_2259607155	8552310_01_sb_01_milleniumskyscraper_p02_d.bytes	6761	1233
901844872490911268_3723413089	1071103_04_s3_boss_03_subway_p02_d.bytes	10102	2034
9023156932351239775_4215466189	8436304_01_s3_01_gehennaslum_p01_d.bytes	8813	1722
902723438484175422_1251859692	8132309_01_s3_boss_01_hyakkiyakomoviestreet_p01_n.bytes	7479	1435
9029864913088079311_4248625705	sb_01_newyearpath_p01_d.bytes	1267392	375543
9030368404933467832_3739532660	en0013_extreme_2phase.bytes	2394	777
9032106014860681666_2422828504	sb_03_munitionsfactory_p02_d.bytes	1298356	347084
9032714896356057028_4127777410	8062104_04_s3_02_beach_01_d_p01.bytes	9319	2007
9037729702308312821_1540352168	rb_01_hod_p01_s_insane_nodelayer.bytes	57740	591
9039956391176613737_4032003239	1272102_07_s3_boss_sb_02_trainroof_p01_n_nosidetrain.bytes	6277	1187
9042335811921359359_230260560	201206_raid_binah_outdoor_insane_start2phase.bytes	3636	1295
9043014488637064802_1541105813	81550216_s2_02_resort_p01_n.bytes	22764	2922
9048993672060856526_3409356171	1092103_01_s2_01_park_p01_n.bytes	8170	1777
9049394335802589309_3671389770	en0006_insane_2phase.bytes	2573	887
9050042576999052038_3547790221	822411310_s2_03_52301_p01_d.bytes	4607	1079
9050446681474717848_1463288633	en0010_eliminate_unarmed_torment.bytes	2173	792
9051418445395898337_1734905218	400010325_s3_02_valleyofsp_p02_d.bytes	2182	821
9052948016824746195_3650481200	8082301_01_s3_boss_02_hotsprings_p01_d.bytes	9663	1935
9057021576877521450_4156484031	209303_raid_en0005_indoor_veryhard.bytes	8516	1582
9059216974944477765_1800116977	207302_raid_hod_indoor_hard_start2phase.bytes	5440	1607
9060556647519334608_1146484922	269101_en0015_street_b.bytes	1609	668
9069232829462574519_2289821291	sb_01_52101_p02_d_nodelayer.bytes	23960	177
9074471619575094816_2667434230	1202102_05_s3_03_sportscenter_p01.bytes	7585	1405
9079462943572180535_4027014832	1272101_05_s3_boss_sb_02_trainroof_p01_n_nosidetrain.bytes	6184	1174
9081159297101847082_3791024935	1102103_01_s2_01_ruins_p01_n.bytes	8112	1710
9082963593317271317_4033722875	8582309_01_sb_01_park_p02_d.bytes	6698	1216
9099456737449879735_1536588743	rb_02_en0008_p01_d_nodelayer.bytes	18624	212
9099524088242867300_1454571015	32107_s3_boss_03_sweeperfactory_p01_d.bytes	14278	1682
9104216984442156853_2142346886	1181101_03_s2_01_ruins_p02_d.bytes	8002	1738
9105289296044082614_2858605662	6012202_eliminateraid_binah_outdoor_heavy_hard_start2phase.bytes	3645	1308
9111667728732884155_1054365105	sb_03_52301_p01_d_nodelayer.bytes	29572	184
9112640643054492905_1751340212	8181308_01_s3_02_playground_p02.bytes	7911	1624
9113304054093090977_550695103	en0011_heavyarmor_section_03.bytes	16886	3720
9118102975107218959_2051093913	822221310_s1_03_52301_p01_d.bytes	4607	1079
9119014830404033261_3978651547	400020116_s3_03_buildinghallway_p01_d.bytes	7557	1404
9119560729230970693_16593386	8402310_01_s3_01_shanhaijingstreet_p01_n.bytes	5968	1262
9124388174602207340_2717234653	8123302_01_s3_sb_03_trinitychurch_p01_n.bytes	8895	1596
9131695754458952270_265277585	6033403_eliminateraid_shirokuro_indoor_elasticarmor_veryhard_start2phase.bytes	906	456
9131904522136124932_714465217	204107_raid_hieronymus_street_torment.bytes	4419	1305
9135289194524586059_1332389118	1302103_06_s3_sb_01_wildhuntstreet_p02_n.bytes	6580	1392
9136200808081297333_1816285428	8491309_01_sb_01_wildhuntstreet_p01_n.bytes	5970	1471
9136289510318998998_2516617000	6062402_eliminateraid_perorozilla_outdoor_elasticarmor_hard_start3phase.bytes	9673	1313
9137153790025715591_453978382	en0022_extreme.bytes	89421	3669
9142952365213860071_2498597958	6093403_eliminateraid_en0005_indoor_elasticarmor_veryhard.bytes	9444	1662
9144401614117003653_1946201034	8311305_01_s3_03_underground_p01_d.bytes	5725	1151
9149129877002413226_2789750004	8093104_03_s3_02_newyearpath_p02_n.bytes	10165	2147
9151000443859846477_978293227	8032307_01_s3_boss_02_beach_p02_n.bytes	9660	2135
9154935889820530414_4005501959	263104_worldraid_kether_street_d.bytes	2578	768
9156080132842008816_2372008577	1302101_02_s3_sb_01_wildhuntstreet_p01_n.bytes	6560	1354
9156992301159517628_1236284273	1202103_08_s3_03_buildinghallway_p01_n.bytes	8400	1477
9157718245506271203_2635632566	262101_worldraid_hod_street_a_start4phase.bytes	1133	515
9158374772018254852_402216923	6041404_eliminateraid_hieronymus_street_elasticarmor_hardcore.bytes	4303	1261
9163891802279009911_2266873003	1091208_01_s3_01_park_p01_d.bytes	9086	1859
9166521435729714267_4055958578	8502303_01_sb_01_wildhuntstreet_p02_d.bytes	6238	1332
916801815927021274_3326087210	1151401_01_s3_boss_01_mainstreet_p01_d_s.bytes	12967	2179
9179624743291911783_3429038581	8572310_01_sb_01_mainstreet_p02_d.bytes	6780	1303
9186307807086590678_3452107	6102301_eliminateraid_hovercraft_outdoor_unarmed_normal_start2phase.bytes	1541	641
9186810907902589907_1553614488	1222101_03_s3_02_resort_p02_n.bytes	8287	1531
9192341451517575160_3529576370	81523211_s2_03_insidecruiseship_p02_d.bytes	6217	1320
9197114397027651645_2046272698	damagetest_street_heavyarmor.bytes	1229	552
9197726147107727648_1206895848	6071304_eliminateraid_hod_street_unarmed_hardcore_start3phase.bytes	1572	672
9199437658174873052_1461537528	6082107_eliminateraid_goz_outdoor_light_torment_start2phase.bytes	832	373
9200930097744990056_993825136	1271105_03_s3_sb_02_trainroof_p01_d_nosidetrain.bytes	6332	1148
9208865569126799193_1537860981	6102407_eliminateraid_hovercraft_outdoor_elasticarmor_torment_start2phase.bytes	1549	641
9209058419576639994_2050487864	8532301_01_sb_01_hyakkiyakostreet_p01_d.bytes	5876	1152
921183474081082367_3828305199	8021101_01_s2_01_redwinterstreet_p01_d.bytes	8591	1746
9212150225637028036_621765815	8382303_01_s3_02_resort_p02_d.bytes	5034	1009
9217538784039254025_2769385875	1082103_03_s3_03_underground_p01_n.bytes	10501	1997
9217957616390533392_2456049090	202307_raid_chesed_indoor_torment_start2phase.bytes	812	368
9218923967091601015_1406264656	8362305_01_s3_mainstreet_p01_d.bytes	5954	1329
9220401969951982663_944680699	sb_02_excavation_p01_e.bytes	1298356	349515
9228783185490693051_872947589	6063301_eliminateraid_perorozilla_indoor_unarmed_normal_start3phase.bytes	9500	1316
9230636686840519171_1778743050	6062305_eliminateraid_perorozilla_outdoor_unarmed_extreme_start3phase.bytes	9546	1311
9232468794677868080_2420770256	1222102_04_s3_02_resort_p02_n.bytes	8287	1531
9232577860831927736_4032445692	1231103_01_s3_03_oldmansion_p01_d.bytes	7587	1660
9232699204280771542_1597866032	1081208_01_s3_03_underground_p02_d.bytes	10658	2108
9244579087179488655_1817819709	8362307_01_s3_mainstreet_p02_d.bytes	5623	1213
9244933429862751667_1841889007	damagetest_indoor_lightarmor.bytes	609	336
9245501675459969978_1758010757	1211104_02_s3_01_destroyedstreet_p01_d.bytes	7562	1462
9246353372647665972_3253947698	1121105_04_s2_03_underground_p01_d.bytes	9540	1888
9257550771601894057_2003092186	206207_raid_perorozilla_outdoor_torment.bytes	9681	1307
9258053230512960682_2419374665	209308_raid_en0005_indoor_lunatic.bytes	8501	1579
9260548124460246461_1202863807	sb_02_galleon_p01_n.bytes	1298136	345820
9265338211699490475_1944478639	6023301_eliminateraid_chesed_indoor_unarmed_normal_start2phase.bytes	818	379
9267317592081061151_3552711465	6063302_eliminateraid_perorozilla_indoor_unarmed_hard.bytes	9486	1302
9268196508388756788_438484660	202303_raid_chesed_indoor_veryhard_start2phase.bytes	813	375
9269414694445896486_2704188555	1232102_03_s3_03_oldmansion_p02_n.bytes	9315	1910
9270338012220750988_3020853223	8093104_01_s1_02_newyearpath_p01_n.bytes	7563	1694
9270958280431422693_4291062697	6033401_eliminateraid_shirokuro_indoor_elasticarmor_normal_start2phase.bytes	904	453
9270986837682272346_237012119	sb_01_schalestreet_p01.bytes	2374408	626553
9278825947386608077_3285675175	1261105_04_s3_sb_03_trinitychurch_p01_d.bytes	6425	1247
9284201018711987813_2876434232	202302_raid_chesed_indoor_hard_start2phase.bytes	809	371
9286180747455849611_2825026735	1161101_02_s3_02_excavation_p01_d.bytes	10125	2159
9286225333170527790_170122596	6062105_eliminateraid_perorozilla_outdoor_light_extreme_start2phase.bytes	9618	1318
9287207978288806531_2167169954	rb_01_en0020_p01_d_nodelayer.bytes	56248	388
9287916810882368911_2522008304	208203_raid_goz_outdoor_veryhard_start2phase.bytes	830	371
9290150188689434050_1758759326	822311210_s2_03_52301_p01_d.bytes	9227	1729
929086092285457510_2792819529	1262101_05_s3_boss_sb_03_trinitychurch_p01_n.bytes	6858	1334
9295967397781935132_1242381699	822411110_s2_03_52302_p01_d.bytes	9227	1809
9296457509118727211_2289637486	6022306_eliminateraid_chesed_outdoor_unarmed_insane.bytes	18895	2084
9296621531017889851_655661971	8462304_01_sb_02_cargostation_p02_d.bytes	7536	1707
9298681215856541466_4250778233	8093305_01_s3_boss_02_newyearpath_p02_d.bytes	12057	2417
9298858788709354410_3364779164	glskill_test_02.bytes	769	389
9303254398348518970_591574974	400030414_s3_01_ariusstreet_p01_n.bytes	7342	1804
9304163094590640851_1137709310	1202103_05_s3_03_buildinghallway_p01_n.bytes	6637	1320
9304514633773406106_611773927	sb_03_remodelingresort_d_nodelayer.bytes	28544	150
9307980262823216993_2278702641	6011103_eliminateraid_binah_street_light_veryhard_start3phase.bytes	1157	548
9308626627683077835_1687718866	208308_raid_goz_indoor_lunatic_start2phase.bytes	750	340
9309316453530523175_4008072544	8141308_01_s3_02_desertisland_p02_d.bytes	7965	1507
9313812748590939680_3066763944	838450401_dc_02_beachstage_11.bytes	10347	1377
9314034818142000874_3513387147	skipendbattletest_05.bytes	1328	607
9314239676814744277_3184333350	9013_000_02_playground_p01_02.bytes	9339	1193
9315045718927932470_4047751955	9947_ladies_biker_test.bytes	2683	812
93170484883151365_594905046	en0006_eliminate_unarmed_hardcore_3phase.bytes	1246	530
9317583116835751209_3156311358	6012101_eliminateraid_binah_outdoor_light_normal_start3phase.bytes	1830	743
9317739868885916803_2083002435	sb_01_hyakkiyakostreet_p01_n.bytes	1298356	346481
9318879240157347659_3862191780	8382304_01_s3_02_beach_p01_n.bytes	5896	1191
9320618755379679735_1940258684	253101_worldraid_shirokuro_street_normal.bytes	2096	730
9322209986788922415_4042152587	201202_raid_binah_outdoor_hard.bytes	6956	2192
9324086282271700465_3965370122	rb_01_hod_p01.bytes	2490308	667799
9324651261439192630_2082269445	262102_worldraid_hod_street_b_start4phase.bytes	1133	515
9329954822174295591_3651269388	9202_000_01_stadium_p01_d_03.bytes	6626	1269
9330066539931048168_4216688400	6022404_eliminateraid_chesed_outdoor_elasticarmor_hardcore_start2phase.bytes	826	394
9334194567206827973_1872476965	6102205_eliminateraid_hovercraft_outdoor_heavyarmor_extreme_start2phase.bytes	1547	634
9337323525060055580_3970922919	1181103_05_s3_01_ruins_p01_d.bytes	8449	1760
9340950364268431242_2118229267	skipendbattletest_06.bytes	1328	607
9347300023838105048_3288023840	6011107_eliminateraid_binah_street_light_torment_start3phase.bytes	1156	546
9347914727091410642_1906140068	6051105_eliminateraid_kaitengerraid_street_light_extreme.bytes	4878	1441
9349569143369910611_1273095272	en0002test.bytes	5049	1193
9350846053908244121_3393451303	8513301_01_sb_01_park_p02_d.bytes	10074	1822
9353549024270871874_3370294969	255204_worldraid_binah_outdoor_hardcore_start3phase.bytes	1723	714
9356019982926026756_2950633848	1131105_06_s3_boss_01_slumpia_p02_d.bytes	7820	1502
9357708121984595740_4037869184	8253305_01_s3_boss_03_oldmansion_p01_n.bytes	5456	1444
9358116296214057480_2921829187	1051105_03_s3_02_excavation_p02_d.bytes	9956	2137
9359830176252271521_1703083385	201105_raid_binah_street_extreme_start2phase.bytes	2635	1000
9362007630927815499_2432276794	60204_s1_boss_01_gehennaslum_p02_d.bytes	5476	1396
9365282655740763820_2019171219	8262310_01_s3_boss_01_shanhaijingstreet_p01_n.bytes	8459	1762
9365322059013177315_311862842	6051203_eliminateraid_kaitengerraid_street_heavy_veryhard_start2phase.bytes	1452	652
936575101824963140_2392233775	sb_01_park_p02_d_nodelayer.bytes	29572	181
9366880292409538554_2664876444	6012304_eliminateraid_binah_outdoor_unarmed_hardcore_start2phase.bytes	3646	1311
9367627943218373051_1180349638	1132103_04_s3_01_slumpia_p02_n.bytes	6692	1238
9370494131533054929_388579315	1061102_01_s2_02_snowmountain_p01_d.bytes	5558	1170
9374682999414896692_1595171658	8442301_01_sb_03_school_p03_d.bytes	4273	1033
937646738668831903_1836187753	82200006_s2_02_52201_p01_d.bytes	9431	1802
9378616644800399363_1729957749	1201101_04_s3_boss_03_buildinghallway_p01_d.bytes	7569	1403
9382370415710528576_4209210190	6082101_eliminateraid_goz_outdoor_light_normal.bytes	13241	1439
9384952428717315386_970830616	1152103_07_s3_boss_01_mainstreet_p01_n_s.bytes	10283	1963
9387902285023606788_1298418907	1151203_01_s3_01_mainstreet_p01_d_s.bytes	9815	1886
9391326106715623268_2528301063	8173102_06_s3_boss_sb_03_sportscenter_p01.bytes	7071	1356
9395635369630062896_963205093	c_sb_02_cargostation_p01_many.bytes	12382	2421
9396847715219651780_2892324946	204302_raid_hieronymus_indoor_hard.bytes	5846	1471
9400441484771021580_726670588	1051202_01_s3_02_deserttrack_p02_d.bytes	10470	2029
9400890565526399604_3994898565	sb_03_gehennapartyhall_p01_d_nodelayer.bytes	37048	254
9400918763579241880_2713943612	sb_01_newyearpath_p02_d.bytes	1298376	417182
9400937223040981231_762141382	8183104_05_s3_02_playground_p02.bytes	7678	1381
9401786893434733477_1862117537	1182103_07_s3_01_ruins_p02_n.bytes	7064	1420
9401926045326596862_588254547	sb_01_gehennaslum_p02_n.bytes	1298288	367412
9409011768404599737_662384984	1051103_02_s3_02_excavation_p02_d.bytes	9552	2004
9410097069027357115_3870712855	1071207_01_s3_03_subway_p02_d.bytes	10419	2042
941111864095109619_1821466337	8142306_01_s3_sb_02_beach_p02_d.bytes	9734	1962
9415633461572511411_3483397689	8612302_01_sb_02_harbor_p02_d.bytes	7464	1533
9416991771235237100_159821562	8432302_01_s3_01_milleniumskyscraper_p01_d.bytes	6862	1259
9417025269956804843_2704210705	sb_03_underground_p01_n_scenario_nodelayer.bytes	30692	228
9419063816764047192_3945460442	8042308_01_s3_boss_02_beach_p02_d.bytes	6622	1499
9421050426324469741_2474128323	en0013_lunatic_3phase.bytes	1162	529
9422382146745328734_2409129390	8336303_01_01_highway_p01_d.bytes	7390	1958
9423563288235748206_796180497	8572304_01_sb_01_gehennaslum_p02_n.bytes	6887	1262
9425912304620585079_2098109005	1211103_04_s3_01_ariusstreet_p01_d.bytes	9735	2286
9428513332269386514_1341713658	c_sb_01_hyakkiyakomoviestreet_p01_many.bytes	9756	2001
9428687585878695287_3668171448	1041105_02_s3_02_desertcity_p02_d.bytes	8188	1614
9428977147520109181_3228493872	1302103_04_s3_sb_01_wildhuntstreet_p02_n.bytes	6049	1218
943049357476538705_2941180456	6023206_eliminateraid_chesed_indoor_heavyarmor_insane.bytes	19211	1988
9431702319215058493_909962626	401000314_05_s3_boss_03_52301_p02_d.bytes	7417	1498
9434360962419664130_2294232628	sb_02_valleyofsp_p02_d.bytes	1298136	346011
9435637497944296228_3470032196	8131309_01_s3_01_hyakkiyakomoviestreet_p02_d.bytes	9911	1772
943640569015447331_3949513127	1072103_02_s2_03_subway_p01_n.bytes	9461	1973
9439764649961059291_2424823282	9003_000_01_stadium_p01_d_04.bytes	9339	1201
9445930571110258620_297523416	6033205_eliminateraid_shirokuro_indoor_heavy_extreme.bytes	2144	748
9446221802162529747_854501516	sb_01_schale_p01_e_nodelayer.bytes	74116	502
9446873609373439701_3529699610	1192103_03_s3_02_snowmountain_p02_n.bytes	6848	1357
9448406524697155202_4132558770	sb_01_ariusstreet_p01_e_nodelayer.bytes	28448	194
9448539938348864335_3137214722	6071204_eliminateraid_hod_street_heavy_hardcore_start2phase.bytes	5623	1629
9449890968208505188_2321838279	8022107_02_s3_01_redwinterstreet_p01_n.bytes	9605	1814
9449936099786358146_2421515094	6051304_eliminateraid_kaitengerraid_street_unarmed_hardcore_start2phase.bytes	1449	649
9450809363184191450_2430211607	6031206_eliminateraid_shirokuro_street_heavy_insane.bytes	2137	752
9456711964729919410_4248356600	1122103_04_s2_03_underground_p01_n.bytes	9540	1889
9459542459680002450_1299977294	sb_01_highway_p01_n_s_nodelayer.bytes	19664	353
9461340576121284154_2103400493	1051201_01_s3_02_deserttrack_p02_d.bytes	10812	2024
9461825467899201389_3173178884	1221102_01_s3_02_resort_p01_d.bytes	7300	1417
9463004103034052846_570798680	6022204_eliminateraid_chesed_outdoor_heavyarmor_hardcore_start2phase.bytes	824	393
9464017934238861668_2013682461	8141302_01_s3_sb_03_remodelingresort_d.bytes	5494	947
946414399224403469_1484708381	1292102_06_s3_boss_sb_02_cargostation_p02_n.bytes	6874	1612
9468685825830580591_1057756545	sb_02_valleyofsp_p01_d.bytes	3990372	1002549
9469145922516746524_1903311647	rb_03_hieronymus_p01_d_scenario_2_nodelayer.bytes	19752	411
9469908260395934486_2358322372	6083202_eliminateraid_goz_indoor_heavy_hard_start2phase.bytes	751	344
9470054766389291432_3242669315	8612312_01_sb_02_harbor_p01_d.bytes	6831	1421
947182695266769172_1347550291	207304_raid_hod_indoor_hardcore.bytes	6998	2131
9473143607909244820_98358999	208301_raid_goz_indoor_normal_start2phase.bytes	749	339
9473353230887743671_147717750	8093202_01_s3_02_newyearpath_p01_n.bytes	7589	1437
9473390052740785745_1983152594	265203_worldraid_en0010_outdoor_c.bytes	3402	1027
9473559242948056803_1620845853	6071105_eliminateraid_hod_street_light_extreme_start3phase.bytes	1578	678
9474485636835906324_1453373634	269101_en0015_enhanced_street_a_2phase.bytes	888	441
9474532830801397457_1843244410	combattest_dtest03.bytes	1298356	341580
9475784175801196212_4112416243	rb_03_perorozilla_p01_e.bytes	1623012	416190
9476055903797902430_2681409882	emojitest.bytes	5778	1296
9478651793164532037_458842585	1171104_03_s3_03_insidecruiseship_p02_d.bytes	6822	1369
9478987394956576555_1053921651	sb_03_munitionsfactory_p01_d_nodelayer.bytes	29572	280
9479646693198259418_1095716298	6012105_eliminateraid_binah_outdoor_light_extreme_start3phase.bytes	1831	744
9486234269454393993_129582801	6052207_eliminateraid_kaitengerraid_outdoor_heavy_torment.bytes	5889	1585
9488889321723042531_1743517877	6073302_eliminateraid_hod_indoor_unarmed_hard_start2phase.bytes	5536	1616
9490153423502903092_3130028097	6073101_eliminateraid_hod_indoor_light_normal_start4phase.bytes	1144	524
9498172920137363558_4233122255	6063203_eliminateraid_perorozilla_indoor_elasticarmor_veryhard.bytes	9620	1316
9498739507285705640_3635351706	sb_01_mainstreet_p02_n_s.bytes	1298256	361018
9499007062803960990_1555569063	8042305_01_s3_boss_02_beach_p02_d.bytes	7134	1522
9505776670365180346_570523789	205207_raid_kaitengerraid_outdoor_torment.bytes	5756	1574
951605608382959632_2531706544	sb_01_floodedruins_p01_d_nodelayer.bytes	28076	194
9516207472037305618_3081293454	400050212_s3_01_sb_03_tatamiroom_p01_d.bytes	4161	1160
9520178783249054662_3889556655	1101104_02_s2_01_ruins_p01_d.bytes	8282	1738
952058885568111262_26025171	81531131_s2_boss_01_shanhaijingstreet_p01_d.bytes	7283	1652
9521774206505501536_3013670384	sb_01_destroyedstreet_p01_e.bytes	1610944	399527
9522903730241838031_75450509	8372305_01_s3_03_insidecruiseship_p01_d.bytes	9670	1983
9523736067787742140_2512892475	8082302_01_s3_boss_02_hotsprings_p01_d.bytes	7886	1610
9525948173773304377_2134095779	270301_worldraid_en0020_street_scenario_start3phase.bytes	1447	583
952761618260142646_3838812206	6073205_eliminateraid_hod_indoor_heavy_extreme_start4phase.bytes	1145	525
9534413281742816447_4006058950	1231104_06_s3_boss_03_oldmansion_p02_d.bytes	9299	1926
9534864148844691894_2160593251	6063201_eliminateraid_perorozilla_indoor_elasticarmor_normal_start3phase.bytes	9630	1321
953550547308809171_900406490	1061105_03_s3_02_snowmountain_p02_d.bytes	5729	999
9536408963820215167_3307260926	en0013_torment.bytes	3649	1120
9537596752500422564_3426800264	6011404_eliminateraid_binah_street_elasticarmor_hardcore_start3phase.bytes	1159	550
9538681013753500237_1044514702	sb_01_wildhuntstreet_p02_n_nodelayer.bytes	56500	323
9540056218249368695_2637337679	6071105_eliminateraid_hod_street_light_extreme_start4phase.bytes	1146	528
9540581877599598330_1101372775	8302305_01_s3_03_expresstrain_p01_d.bytes	16497	2321
9549410961221944731_89984975	209304_raid_en0005_indoor_hardcore.bytes	8516	1582
9551070874232177667_3158524831	ariusstreet_p01_d_little_obstest.bytes	8378	1434
9555043841149597680_985520435	decatest.bytes	617	347
9555614666132692054_3092189522	6033404_eliminateraid_shirokuro_indoor_elasticarmor_hardcore.bytes	2151	751
9558250330780924362_4108033391	30401_s3_boss_03_destroyedhighway_p01_n.bytes	9130	2205
955983623123293416_4257225111	6051301_eliminateraid_kaitengerraid_street_unarmed_normal.bytes	4850	1439
9561233093414409117_1949766950	sb_03_school_p01_d_nodelayer.bytes	19048	193
9562705610003120527_1475929251	252202_worldraid_wakamohovercraft_outdoor_b.bytes	966	477
9567084116628402430_2231396599	1151202_01_s3_01_redwinterstreet_p01_d.bytes	6892	1321
9570256363420290252_3092297107	1162103_06_s3_02_excavation_p01_n.bytes	6911	1460
9570819757663122613_14228949	7011301_01_s3_02_desertcity_p02_d.bytes	12079	1964
9579437544028357568_2099949983	8192312_01_s3_boss_01_park_p01_n.bytes	9976	1998
9580918373675561228_2958413158	1202102_04_s3_03_sportscenter_p01_n.bytes	6963	1324
9583839418989850302_626069701	6033104_eliminateraid_shirokuro_indoor_light_hardcore_start2phase.bytes	903	450
9583918957537902353_658823187	6093402_eliminateraid_en0005_indoor_elasticarmor_hard.bytes	9356	1656
9589942198232801833_4245254610	207103_raid_hod_street_veryhard_start3phase.bytes	1549	668
9593911602475015909_3932758462	9010_000_02_playground_p01_01.bytes	9262	1228
9602545374225053326_2575623046	201102_raid_binah_street_hard.bytes	5003	1613
9603000715838609514_2784356534	1152103_03_s3_01_mainstreet_p02_n_s.bytes	6130	1258
9603297132740038503_734643374	test_eventmap01.bytes	10872	1822
9605763582610802600_880311297	1101101_04_s3_boss_01_backstreet_p02_d.bytes	11541	2431
9605871932156878625_487240500	1181101_04_s3_boss_01_ruins_p02_d.bytes	8785	1827
9615680753424913858_55856240	en0006_eliminate_unarmed_extreme.bytes	3739	1023
9617211875028599947_3825290326	en0009_heavyarmor_section_05.bytes	4821	1139
9619064885269248449_1551272831	255205_worldraid_binah_outdoor_extreme_start2phase.bytes	3574	1324
9622854736851155453_1697472189	8302306_01_s3_03_expresstrain_p02_d.bytes	9159	1734
9632379743746150865_81033934	8133104_03_s2_01_hyakkiyakomoviestreet_p02_n.bytes	11012	1902
963493354245148363_4135072828	8123102_04_s2_sb_03_trinitychurch_p01_n.bytes	14176	2297
9639828154685288397_684532021	6062401_eliminateraid_perorozilla_outdoor_elasticarmor_normal_start2phase.bytes	9669	1317
9639926188379677855_1998565378	8293302_01_s3_boss_01_redwinterstreet_p01_n.bytes	2370	754
9640000438554403830_3448052802	8303301_01_s3_boss_03_expresstrain_p01_d.bytes	26115	3777
9640721114519023044_1596474423	sb_03_gehennapartyhall_p01_n_nodelayer.bytes	37464	256
9641609101597326599_907410995	1161101_04_s3_02_excavation_p01_d.bytes	10126	2171
9643019389610368242_2114787874	en0010_eliminate_heavyarmor_hard_2phase.bytes	941	449
9646070142394785667_2587253298	8602303_01_sb_02_galleon_p01_d.bytes	6844	1371
9647426901924266027_1396208837	6063106_eliminateraid_perorozilla_indoor_light_insane_start2phase.bytes	9600	1328
9648034136128289299_2532606788	6071307_eliminateraid_hod_street_unarmed_torment_start4phase.bytes	1142	522
9648310519185956298_2817279869	character_resource_test_13.bytes	1994	523
9650568685579704748_425920070	8263102_02_s3_01_shanhaijingstreet_p01_n.bytes	7557	1534
9650937768834557562_1575776453	30203_s3_boss_02_deserttrack_p01_d.bytes	25364	3478
9652242841895902228_2037639028	en0010_eliminate_elasticarmor_veryhard_2phase.bytes	953	457
9653266955211070299_3230519861	6083305_eliminateraid_goz_indoor_unarmed_extreme.bytes	12683	1406
9653629190890332147_1663637967	6063202_eliminateraid_perorozilla_indoor_heavy_hard_start2phase.bytes	9570	1316
9654693923320937356_2089835149	201106_raid_binah_street_insane_start3phase.bytes	1144	534
9661837010956639857_2481344203	6063307_eliminateraid_perorozilla_indoor_unarmed_torment_start2phase.bytes	9723	1332
9666292872780631042_2082917152	270301_worldraid_en0020_street_c_start2phase.bytes	6200	1269
9668219187719341752_3791433056	8352303_01_s3_hyakkiyakomatsuri_p01_d.bytes	12150	2210
9670386066343756992_2846349970	1132103_01_s2_01_slumpia_p01_n.bytes	6092	1228
9672112111849841875_1526832074	822331210_s2_03_52301_p02_d.bytes	9481	1824
9672325265759762683_4088338916	1301104_03_s3_sb_01_wildhuntstreet_p02_d.bytes	5715	1312
9677926090543770705_3333615008	8292311_01_s3_boss_02_snowmountain_p02_n.bytes	6432	1217
9678365475406080014_4290232701	1232103_02_s3_03_oldmansion_p01_n.bytes	7907	1679
9680278499172847508_3516859732	6011207_eliminateraid_binah_street_heavy_torment_start2phase.bytes	2646	1010
9684386163695308691_4120989576	8203305_01_s3_boss_02_newyearpath_p01_d.bytes	7311	1721
9686383971732456905_3163183649	1212102_04_s3_01_destroyedstreet_p01_n.bytes	10559	2080
968992877476358464_2140352874	rb_03_shirokuro_p01_d.bytes	1840256	507014
9695549052000354151_691591951	8562312_01_02_forestriver_p01_n.bytes	7527	1602
9697519258155421450_1864482236	8572302_01_sb_01_mainstreet_p02_d.bytes	6207	1114
9697713340873134869_383287360	1121105_01_s1_03_underground_p01_d.bytes	8442	1721
9698934903497423180_3903101584	8051304_01_s3_01_shanhaijingstreet_p02_d.bytes	9855	2032
9700508757712853172_1302910366	8502301_01_sb_01_wildhuntstreet_p01_d.bytes	6960	1329
970436679533604326_836656350	1082102_02_s2_03_underground_p01_n.bytes	9358	1877
9706965190897934894_3969886751	82211121_s2_boss_03_52301_p01_d.bytes	4428	1224
9707757284405145719_1456388907	6071107_eliminateraid_hod_street_light_torment_start4phase.bytes	1145	526
9712079372063826214_3981663928	6051305_eliminateraid_kaitengerraid_street_unarmed_extreme_start2phase.bytes	1448	647
9717951192008480056_2635704051	8062109_03_s3_02_beach_01_d_p02.bytes	7079	1558
9719824147485465820_248630003	8082108_06_s3_02_hotsprings_p02_d.bytes	10413	2000
9720713119194256248_3345630252	81543121_s2_02_rainforest_p01_d.bytes	6842	1317
972104287088216468_4170553142	sb_03_52301_p02_d_nodelayer.bytes	29572	151
9722783793605827341_2598500964	9221_000_03_sportscenter_p01_03.bytes	6466	1253
9727976225524418736_1278139884	6052207_eliminateraid_kaitengerraid_outdoor_heavy_torment_start2phase.bytes	1834	719
9733447558294827356_1191651602	8252307_01_s3_03_oldmansion_p01_d.bytes	8954	1903
9734725611541530601_1808921490	8103201_01_s3_01_destroyedhighway_p02_n.bytes	9056	1797
9735529815033472591_3267294724	400040108_s3_01_highway_p01_n.bytes	6933	1500
9736033788759841577_1155729409	8132301_01_s3_01_hyakkiyakomoviestreet_p01_d.bytes	7827	1483
9739494884136043413_2622410755	254301_worldraid_hieronymus_indoor_normal.bytes	5830	1466
973970945278833022_4196257427	camerarotatetest.bytes	1306	546
9740002320272070213_2164901781	sb_01_ariusstreet_p01_n_nodelayer.bytes	27276	195
9741415644847055354_1759840812	6062407_eliminateraid_perorozilla_outdoor_elasticarmor_torment.bytes	9892	1319
9742097589280889566_391896648	rb_02_hovercraft_p01.bytes	4399436	1164233
9746235539722399263_3516842716	np186test_ex02.bytes	737	400
9746542502501139842_3076252683	1051104_01_s2_02_excavation_p02_d.bytes	9278	2076
9748258520817129320_3447388647	1262102_02_s3_sb_03_trinitychurch_p02_n.bytes	6329	1259
9749267496848642380_3484004300	sb_01_destroyhyakkiyakomatsuri_p02_d.bytes	1419592	376170
9754617038342265234_311397142	1261101_01_s3_sb_03_trinitychurch_p01_d.bytes	6079	1272
9755046026824254422_4121549137	201107_raid_binah_street_torment_start2phase.bytes	2635	1000
9755138896263487917_486293755	9973_charactertestlevel.bytes	1138	441
9756395019720795509_2435059298	1011105_03_s3_boss_01_market_p01_d.bytes	10662	2306
9761565644918858512_2188703091	8402302_01_s3_01_shanhaijingstreet_p01_d.bytes	5961	1255
9763128231899740421_1149750376	8602301_01_sb_02_beach_p01_d.bytes	5308	1013
9765780270524850285_1290904170	822331210_s2_03_52301_p01_d.bytes	9172	1767
9775281303043598680_2199038217	8182305_01_s3_01_stadium_p02_d.bytes	8626	1746
9776847984336006029_600014911	205206_raid_kaitengerraid_outdoor_insane.bytes	5749	1563
9777395674354383136_3377819471	82243212_s2_03_52302_p02_d.bytes	6465	1378
9780728611908304294_314840185	7021304_01_s3_02_frozensea_p01_d.bytes	2361	790
9781492468073073129_2592109470	8302312_01_s3_boss_03_expresstrain_p02_d.bytes	11340	2028
9783993112876887722_734979728	8513304_01_s3_01_park_p01_n.bytes	9659	1722
9796143924361810587_3550063057	6012102_eliminateraid_binah_outdoor_light_hard.bytes	6967	2204
9796403728611593371_2504645068	en0006_eliminate_lightarmor_extreme_2phase.bytes	2563	887
9797192842367630108_1082057966	8573302_01_sb_01_mainstreet_p02_n.bytes	1859	596
9797207359531022316_3229100025	201103_raid_binah_street_veryhard_start3phase.bytes	1146	533
9813421238969308685_191077754	204108_raid_hieronymus_street_lunatic.bytes	4514	1288
9816657362524883236_699669990	6011201_eliminateraid_binah_street_heavy_normal.bytes	5016	1626
9823423416614665138_2319793722	8032108_06_s3_02_beach_p01_n.bytes	8766	1859
9825814504245340825_2261758370	9103_000_01_stadium_p01_d_02.bytes	1691	575
9830106992293112642_2774363006	8442305_01_sb_03_school_p03_d.bytes	4273	1040
9831373505200949622_2491662091	8052310_01_s3_boss_01_shanhaijingstreet_p02_d.bytes	10585	2066
983147893671178790_2438143165	1112101_01_s2_01_highway_p01_n.bytes	6466	1394
9831635374824745190_1758483698	400010335_s3_02_en0008_p01_d_scenario02.bytes	4967	1440
9836879551671439635_2252338635	8083104_01_s1_02_hotsprings_p01_n.bytes	5714	1359
9837292498980445040_2393611734	6023106_eliminateraid_chesed_indoor_lightarmor_insane_start2phase.bytes	821	389
9841840298631194799_3062158102	1101104_04_s3_01_ruins_p02_d.bytes	9090	1859
984755851406963584_2756936666	1271103_05_s3_sb_02_trainroof_p01_d_nosidetrain.bytes	5996	1145
9848173292144374355_1923921194	sb_01_hyakkiyakomatsuri_p02_d_nodelayer.bytes	32336	236
9849191642337773273_355297814	6023405_eliminateraid_chesed_indoor_elasticarmor_extreme_start2phase.bytes	824	392
9849285215962008499_2649677323	6102101_eliminateraid_hovercraft_outdoor_lightarmor_normal.bytes	2876	1048
9851314644763627384_3258665548	c_sb_02_cargostation_p01_little.bytes	9937	1875
9854670415559464005_2975604686	db_02_beachstage_10_nodelayer.bytes	23024	162
985993544095506948_3634673538	1091103_05_s3_01_park_p01_d.bytes	9257	1866
9862585979739209843_3248125284	6022407_eliminateraid_chesed_outdoor_elasticarmor_torment.bytes	18085	2202
9864712774619098962_419832090	8492307_01_sb_01_wildhuntstreet_p02_n.bytes	5063	1078
986893605685279652_2541038542	400020217_s3_01_milleniumskyscraper_p02_n.bytes	1694	706
987012182299048563_4276180315	8013303_01_s3_boss_01_hyakkiyakostreet_p02_n.bytes	9259	1926
987251593374895004_1231570562	6102102_eliminateraid_hovercraft_outdoor_lightarmor_hard.bytes	2868	1046
9874499927341808532_4257925863	1181103_02_s3_01_ruins_p02_d.bytes	6831	1387
988374992424438115_2465344742	sb_02_beach_p01_n.bytes	1298136	345991
9885579767710409739_215179128	6063207_eliminateraid_perorozilla_indoor_elasticarmor_torment.bytes	9847	1328
9887292259966192555_3395393737	6083106_eliminateraid_goz_indoor_light_insane_start2phase.bytes	753	346
988869721791557072_99841292	8471310_01_sb_02_beach_p02_d.bytes	7203	1400
9890288267647680348_2951358802	6062405_eliminateraid_perorozilla_outdoor_elasticarmor_extreme_start3phase.bytes	9676	1314
9896442479688131507_4044592141	1291102_02_s3_sb_02_cargostation_p01_d.bytes	6974	1589
9901624060187421865_526104864	rb_03_en001_p01_d.bytes	348240	80670
9902749579992921667_2598052133	1151102_01_s3_01_mainstreet_p02_d_s.bytes	9984	1897
9903198032623151717_2278201867	1091201_01_s3_01_market_p02_d.bytes	10654	2029
9908844181317579185_1599279355	combattest_dtest05_nodelayer.bytes	24356	147
9909322540668384608_4018803413	263102_worldraid_kether_street_b_start3phase.bytes	788	357
9911545865816067490_1614169953	sb_01_hyakkiyakonorthtown_p01_n_nodelayer.bytes	40712	317
991822888496377514_1252256703	en0006_eliminate_heavyarmor_extreme_3phase.bytes	1250	532
9921621536889999122_375976686	259306_worldraid_en0002_indoor_insane_start4phase.bytes	2359	819
9922748010144179412_2733275619	1131103_03_s3_01_slumpia_p01_d.bytes	6816	1290
9930649779784358082_3628490163	9993_overtest02.bytes	3748	1190
9933596778392030908_280233784	8032112_03_s3_02_beach_p01_n.bytes	7271	1420
9934211118993435736_137884012	1051101_02_s2_02_deserttrack_p02_d.bytes	9632	1942
9937321162917603365_4244844506	sb_01_ruins_p02_d_nodelayer.bytes	29572	315
9938264050402712376_161599705	8022104_01_s2_01_redwinterstreet_p01_n.bytes	8270	1657
9939026967191174270_689117872	sb_02_playground_p01_nodelayer.bytes	35624	162
9939615415306660591_2492453229	30307_s3_boss_03_school_p01_d.bytes	25975	3455
9949900471854191388_3164097315	8083104_05_s3_02_hotsprings_p01_n.bytes	7422	1559
9950697503999887193_2745666958	8261302_01_s3_01_shanhaijingstreet_p01_n.bytes	7996	1744
9951286484238446971_3538721810	8093102_02_s3_02_newyearpath_p01_n.bytes	9771	1946
9960391621140719506_3865809473	6033202_eliminateraid_shirokuro_indoor_heavy_hard.bytes	2138	745
9961732042023410072_2407400034	822231210_s2_02_52201_p01_d.bytes	9431	1802
9963634887408458100_522918851	206201_raid_perorozilla_outdoor_normal.bytes	9500	1295
9965622754126243865_3187506982	sb_02_hotsprings_p02_d.bytes	857020	218243
9966480318895249971_3682302778	1301102_04_s3_sb_01_wildhuntstreet_p02_d.bytes	6067	1314
996834511366487071_3490054637	6031301_eliminateraid_shirokuro_street_unarmed_normal.bytes	2124	749
9970277574948897969_3594842749	8062107_04_s2_02_beach_01_d_p01.bytes	8033	1874
9973131325679544592_2177705988	8462310_01_sb_03_subway_p02_d.bytes	5566	1213
997373729637705563_2224442589	1251103_06_s3_boss_sb_01_hyakkiyakomatsuri_p02_d.bytes	11173	2175
9973919361497819103_2314206734	6071301_eliminateraid_hod_street_unarmed_normal_start4phase.bytes	1142	524
9975992776676662207_123959799	8022103_02_s3_01_market_p01_d_s.bytes	10332	2108
9977322446833465088_3011320566	201208_raid_binah_outdoor_lunatic_start3phase.bytes	1584	680
9979091422896366182_1397554367	8502309_01_sb_01_wildhuntstreet_p01_d.bytes	6960	1347
9985380064702513288_2378403591	82232213_s2_03_52301_p02_d.bytes	6966	1508
9987561856910929303_1132142491	1302101_03_s3_sb_01_wildhuntstreet_p01_n.bytes	6609	1323
9992258021003459370_2153435183	en0006_eliminate_unarmed_hardcore.bytes	3743	1024
9996323826912227285_2142837969	6071403_eliminateraid_hod_street_elastic_veryhard.bytes	7170	2162
9998529798497949953_332289358	8592309_01_sb_01_shanhaijingstreet_p02_d.bytes	6496	1200
9999398087316468723_3885284949	1031401_01_s3_boss_01_highway_p01_d.bytes	7466	1528
9999950820071200114_177201641	8392311_01_s3_01_shanhaijingstreet_p01_n.bytes	6281	1304
